OTU_ID	udca.trial.10ST9BTCUZ72H	udca.trial.118TUJCE5J2UJ	udca.trial.12MZ192XPKO1V	udca.trial.13J07O50AOFLZ	udca.trial.14QGERT10D95E	udca.trial.15ZR3TE7B6DIC	udca.trial.18952JW64AR6D	udca.trial.1A5EJV5E3UDHA	udca.trial.1AG5X1WUBYUCJ	udca.trial.1AQOD3G0GTO65	udca.trial.1AW6I9FVMIQ4L	udca.trial.1B9G0VYZC82XF	udca.trial.1CIBZKXXTU97Y	udca.trial.1GR58KBA0JQ8J	udca.trial.1I0KN1NJNEJN	udca.trial.1IDWUIQKIKQPA	udca.trial.1KD4G6GPY33AI	udca.trial.1L1SZHLRSDI2N	udca.trial.1MM3YV6OEKQCH	udca.trial.1MRD6VY9H059A	udca.trial.1N1VMXHFLUZ2W	udca.trial.1OV90GGD4FGYV	udca.trial.1X2HTA40SJZ5S	udca.trial.1XT9ROEIB8BT3	udca.trial.20377NYUD41IW	udca.trial.206LXQT9UF5M6	udca.trial.21LERYEBAXBXK	udca.trial.21TF2K5TY79TL	udca.trial.21YOAKXF0MOQE	udca.trial.25S4BJS0CONMM	udca.trial.26EU6O7RY5IIY	udca.trial.2875GNK77MOOT	udca.trial.289NM3BUP7KME	udca.trial.29TPOBOH855UL	udca.trial.2BDRQK13R2R2S	udca.trial.2CXTSSDQA0CAZ	udca.trial.2E4MCE7938KQC	udca.trial.2EXWG89E3HTB8	udca.trial.2F8NTF0UBMA6H	udca.trial.2H0Q694ZHTTAP	udca.trial.2HO3EKL1J71UQ	udca.trial.2I62NYTD2KHIL	udca.trial.2INJB2HJLLXI4	udca.trial.2IRCH73ZFJS7G	udca.trial.2JQ4Q75ZLI2QS	udca.trial.2KK78FIRXSAF3	udca.trial.2M49ANVEGPVNA	udca.trial.2N0AH2XH1TN7E	udca.trial.2NA9FVE9XX4Z8	udca.trial.2RRVDUTS3XIZ9	udca.trial.2TBIPQK6TO651	udca.trial.2TL8RDSPMI0V8	udca.trial.2UDGRO8CDNXQ0	udca.trial.2UVKRYWTCLRD8	udca.trial.2WI4ZN13D48J0	udca.trial.30A9ZX0WCT8NH	udca.trial.30R75RMPN3CL8	udca.trial.316B6C2YXX07L	udca.trial.32ILV3WCWUALE	udca.trial.3658Q7WAQU8RF	udca.trial.385BDNRYKBPRO	udca.trial.397ICQOE7L4EA	udca.trial.3ANDAHVXX6MFS	udca.trial.3B2BS5SGYN6HQ	udca.trial.3B4TXLK4G82FB	udca.trial.3B52UQSEJHPGY	udca.trial.3BC6KPH571F7A	udca.trial.3DJH4CTOBRV05	udca.trial.3EOAZRXWW6JJP	udca.trial.3ERPPUSCDHNMZ	udca.trial.3FCZJ32YQGYBU	udca.trial.3FYI9GLV6PW2C	udca.trial.3G2BFL8B0NQRO	udca.trial.3GXAIGNVCO6LO	udca.trial.3I382XBD4VJW	udca.trial.3L7ALW3V81DBQ	udca.trial.3LFYJZPVRRWBT	udca.trial.3LG5YA0W9AFMS	udca.trial.3MBC2WXGGF2RV	udca.trial.3NFDJXR1OSS80	udca.trial.3OBEQCT49WJS4	udca.trial.3OUU1N6L1RJNG	udca.trial.3SCGLVN7WLPYB	udca.trial.3SG9S09NQJKNN	udca.trial.3VTFIM9CUZB54	udca.trial.3W4LM5N0WAQ2S	udca.trial.3WXVPZP5WJYNO	udca.trial.3Y4O9LIOPS731	udca.trial.3ZTBWCSEEOM3Z	udca.trial.41GSONZGEXBFG	udca.trial.464YVD1BZQ341	udca.trial.46CZ5YSUN0102	udca.trial.476I6Y39QIWML	udca.trial.4AKH3YH70SBSJ	udca.trial.4CEI4ZAMFTESK	udca.trial.4D6Q59Q96ZBNC	udca.trial.4F9JVALULBBMT	udca.trial.4FBNADRA9P9HZ	udca.trial.4FPKGI4VVV7EV	udca.trial.4HC4O695WDOKN	udca.trial.4HPN3Y0JPCOF4	udca.trial.4I05JZJPU7I8Q	udca.trial.4KAZKM6TVTG48	udca.trial.4LV1MUJGER1CF	udca.trial.4LV914UGW9KNE	udca.trial.4MDTAN2FA5G3P	udca.trial.4NV4AAF488ICO	udca.trial.4OONB9PJBRDZ7	udca.trial.4P761X083W5OU	udca.trial.4R1ZHC4AUY7SA	udca.trial.4SM8XURXVECBG	udca.trial.4U5OVG7C3MG69	udca.trial.4UDP61YUQWE2A	udca.trial.4UU4HM43UN7WR	udca.trial.4V2DPD3WL6SUF	udca.trial.4VADZYVF8GQQG	udca.trial.4W7H9XK02NU0O	udca.trial.4YRRN23S019ZO	udca.trial.52XDK8XP6Y67Y	udca.trial.53KSBFB0U2IIN	udca.trial.56HJSS3954C72	udca.trial.59G5S2SN1AGP0	udca.trial.5CTL7U472SJT6	udca.trial.5ECL6IUBCMTB9	udca.trial.5EXUZR4XPM404	udca.trial.5F5VACWGCW1W5	udca.trial.5FWN8R6XVKEJG	udca.trial.5JGRYFF87ZGRW	udca.trial.5JLDIYCBDYAKN	udca.trial.5LLG6E7Z7FRKW	udca.trial.5MFMUVCW7F8BH	udca.trial.5OBIDU3H7KM51	udca.trial.5PVV89KQ45U	udca.trial.5RBTC66AFHXW3	udca.trial.5VFE5C2WBPCZ	udca.trial.5WW0PAA8LEH4S	udca.trial.5YITU3MSP6LC7	udca.trial.60NI22FJOMW57	udca.trial.619OFXSY1CEZR	udca.trial.64GAPU9UKSHDQ	udca.trial.66Z512OH9OD59	udca.trial.69NFYM5PII74K	udca.trial.6C8TY599AQ2KC	udca.trial.6HHMAKR9C1JTQ	udca.trial.6HL10NLOTCNX0	udca.trial.6K149B0DXE0PB	udca.trial.6KME2JB0ADBE6	udca.trial.6NO01K8LUNLWZ	udca.trial.6OOVPNG1OZUBH	udca.trial.6PAT6DL5YFQ4E	udca.trial.6R84R8GW72O5F	udca.trial.6RTNHLZSNBLVX	udca.trial.6URLTEUON159T	udca.trial.6XODARMWY2YY8	udca.trial.6ZTY3DIFX9HWX	udca.trial.728LA4RZSTAHR	udca.trial.75JNLNM98V342	udca.trial.7613VS1JHSHO	udca.trial.76FFUXG1QP7MJ	udca.trial.76NP2OFUH8SK7	udca.trial.76TIA2OVIRL3	udca.trial.76VGG4Z3193EL	udca.trial.775K5TW1CWZ5S	udca.trial.77CS21CWO5XYE	udca.trial.79H1TYDNAZI5C	udca.trial.7A88CX4CTVOD	udca.trial.7AIC8E7AYIOM9	udca.trial.7D96U8DGAOI9T	udca.trial.7I4PO1CCMAMQD	udca.trial.7KDG9KU0ZIMQP	udca.trial.7KLPHBTTQ27OD	udca.trial.7LXIBT6NIG7YW	udca.trial.7NRO3QG8D1OYA	udca.trial.7ONPA5IAY5GIE	udca.trial.7QOMZDJH5M1XO	udca.trial.CX6O2103KXWA	udca.trial.HLCUR2VODPKV	udca.trial.I6U29OIIVJKP	udca.trial.IEMYL50OMY5R	udca.trial.JTFSSQ2554H5	udca.trial.KMPWMS75ED21	udca.trial.L41IJ60SB7LU	udca.trial.LZ0LELL4BNFU	udca.trial.MPJMNNSJQD1I	udca.trial.NDTFM6MKTTR8	udca.trial.NZ38UH8XT4G3	udca.trial.O9LOW0F2NY9P	udca.trial.Q90OU1KZOU5W	udca.trial.QPA76SWDICZL	udca.trial.RDB303GBC6NO	udca.trial.U7BHRVR1JHCV	udca.trial.UBX2ASU7IB5M	udca.trial.V3CO6XTMN8WZ	udca.trial.VBCYSPC9X6T0	udca.trial.WS0AY7JBJNXX	udca.trial.WSNYG218091Z	udca.trial.ZP0PG81PV4NZ	udca.trial.ZU9XGZMSAJKS
8937656c16c20701c107e715bad86732	108.0	66.0	7.0	49.0	50.0	40.0	0.0	25.0	100.0	14.0	26.0	81.0	34.0	0.0	0.0	103.0	29.0	71.0	49.0	24.0	12.0	91.0	145.0	10.0	0.0	42.0	204.0	24.0	145.0	48.0	41.0	74.0	0.0	43.0	36.0	83.0	198.0	86.0	58.0	35.0	91.0	89.0	0.0	0.0	0.0	19.0	28.0	71.0	0.0	33.0	12.0	4.0	18.0	21.0	7.0	6.0	17.0	78.0	63.0	52.0	33.0	8.0	0.0	0.0	1.0	62.0	52.0	0.0	70.0	0.0	0.0	32.0	59.0	52.0	68.0	88.0	6.0	41.0	0.0	4.0	16.0	66.0	18.0	13.0	16.0	0.0	17.0	0.0	10.0	58.0	86.0	7.0	77.0	42.0	23.0	79.0	336.0	49.0	97.0	0.0	0.0	53.0	0.0	57.0	10.0	46.0	0.0	46.0	111.0	0.0	79.0	22.0	10.0	0.0	9.0	34.0	0.0	18.0	85.0	55.0	28.0	41.0	31.0	18.0	60.0	61.0	41.0	0.0	83.0	53.0	17.0	42.0	44.0	81.0	47.0	0.0	63.0	8.0	24.0	34.0	16.0	278.0	53.0	37.0	82.0	29.0	70.0	0.0	44.0	9.0	27.0	12.0	36.0	23.0	24.0	55.0	51.0	15.0	28.0	10.0	114.0	3.0	64.0	111.0	28.0	186.0	144.0	0.0	146.0	90.0	0.0	18.0	23.0	0.0	0.0	120.0	0.0	8.0	0.0	62.0	64.0	0.0	29.0	269.0	70.0	33.0	18.0	43.0	17.0	73.0	13.0	17.0	49.0	33.0	11.0	34.0	100.0	14.0
ac5402de1ddf427ab8d2b0a8a0a44f19	0.0	0.0	86.0	143.0	35.0	52.0	4.0	128.0	0.0	135.0	58.0	0.0	8.0	135.0	0.0	67.0	35.0	57.0	172.0	0.0	74.0	26.0	89.0	42.0	101.0	0.0	0.0	0.0	72.0	0.0	50.0	2.0	57.0	33.0	0.0	27.0	45.0	121.0	12.0	220.0	0.0	33.0	124.0	88.0	11.0	0.0	46.0	0.0	0.0	28.0	43.0	8.0	50.0	91.0	13.0	271.0	90.0	2.0	91.0	68.0	247.0	0.0	16.0	61.0	123.0	63.0	26.0	24.0	45.0	0.0	100.0	58.0	7.0	0.0	70.0	0.0	32.0	57.0	68.0	25.0	148.0	0.0	28.0	36.0	2.0	0.0	152.0	107.0	74.0	214.0	159.0	58.0	0.0	146.0	32.0	39.0	24.0	0.0	4.0	107.0	16.0	41.0	0.0	65.0	50.0	93.0	69.0	0.0	0.0	235.0	100.0	66.0	3.0	0.0	16.0	106.0	0.0	52.0	31.0	105.0	63.0	0.0	22.0	19.0	26.0	43.0	26.0	178.0	61.0	67.0	0.0	47.0	12.0	0.0	35.0	90.0	114.0	23.0	80.0	58.0	0.0	24.0	17.0	120.0	0.0	84.0	49.0	0.0	0.0	45.0	59.0	82.0	0.0	0.0	0.0	9.0	91.0	0.0	0.0	73.0	56.0	39.0	19.0	135.0	0.0	82.0	38.0	23.0	0.0	0.0	0.0	44.0	35.0	185.0	38.0	118.0	66.0	108.0	143.0	40.0	82.0	7.0	91.0	21.0	49.0	22.0	91.0	176.0	93.0	66.0	210.0	148.0	0.0	34.0	0.0	27.0	2.0	19.0
ea2b0e4a93c24c6c3661cbe347f93b74	0.0	9.0	38.0	158.0	19.0	145.0	0.0	132.0	7.0	169.0	44.0	31.0	6.0	249.0	3.0	43.0	55.0	59.0	6.0	59.0	69.0	0.0	46.0	64.0	165.0	32.0	47.0	0.0	0.0	52.0	36.0	0.0	0.0	9.0	75.0	20.0	25.0	73.0	66.0	18.0	0.0	0.0	12.0	55.0	3.0	26.0	129.0	0.0	1.0	23.0	38.0	31.0	82.0	26.0	42.0	86.0	0.0	47.0	22.0	100.0	14.0	4.0	43.0	108.0	16.0	0.0	26.0	1.0	7.0	0.0	156.0	100.0	0.0	15.0	23.0	40.0	56.0	45.0	0.0	30.0	119.0	131.0	12.0	20.0	0.0	43.0	16.0	15.0	30.0	6.0	70.0	17.0	19.0	72.0	5.0	10.0	17.0	0.0	5.0	44.0	1.0	17.0	0.0	33.0	102.0	49.0	38.0	29.0	0.0	0.0	38.0	18.0	59.0	54.0	73.0	71.0	9.0	126.0	16.0	63.0	81.0	32.0	8.0	70.0	38.0	87.0	46.0	15.0	6.0	20.0	7.0	17.0	25.0	33.0	26.0	108.0	13.0	60.0	5.0	9.0	71.0	15.0	85.0	148.0	27.0	63.0	34.0	0.0	106.0	144.0	0.0	68.0	31.0	87.0	24.0	3.0	0.0	0.0	0.0	74.0	20.0	189.0	45.0	47.0	20.0	14.0	6.0	57.0	39.0	0.0	42.0	99.0	65.0	0.0	27.0	3.0	0.0	33.0	29.0	0.0	115.0	2.0	146.0	8.0	91.0	33.0	50.0	32.0	54.0	94.0	104.0	94.0	7.0	27.0	3.0	8.0	12.0	85.0
60c57911662a9159dfdd0fc05d975a55	0.0	54.0	5.0	7.0	0.0	17.0	13.0	19.0	1.0	23.0	3.0	49.0	37.0	43.0	0.0	16.0	4.0	66.0	45.0	0.0	5.0	0.0	10.0	10.0	36.0	0.0	46.0	15.0	0.0	13.0	14.0	5.0	0.0	90.0	0.0	0.0	6.0	0.0	0.0	25.0	26.0	0.0	5.0	13.0	146.0	0.0	94.0	33.0	0.0	10.0	47.0	28.0	13.0	0.0	33.0	0.0	40.0	19.0	12.0	2.0	0.0	0.0	0.0	0.0	0.0	34.0	17.0	0.0	46.0	0.0	0.0	6.0	16.0	30.0	32.0	0.0	43.0	34.0	0.0	93.0	0.0	5.0	14.0	15.0	29.0	0.0	0.0	0.0	44.0	7.0	0.0	195.0	0.0	5.0	0.0	163.0	6.0	5.0	30.0	6.0	0.0	0.0	0.0	44.0	17.0	22.0	0.0	0.0	0.0	0.0	80.0	44.0	3.0	27.0	7.0	0.0	353.0	23.0	24.0	0.0	17.0	16.0	10.0	0.0	140.0	38.0	59.0	6.0	22.0	11.0	0.0	0.0	47.0	0.0	46.0	0.0	31.0	14.0	19.0	0.0	0.0	0.0	11.0	0.0	32.0	0.0	24.0	0.0	37.0	9.0	22.0	28.0	4.0	12.0	29.0	39.0	0.0	13.0	56.0	4.0	53.0	10.0	29.0	0.0	46.0	0.0	34.0	23.0	22.0	13.0	0.0	20.0	24.0	0.0	16.0	1.0	0.0	12.0	0.0	0.0	5.0	33.0	12.0	0.0	4.0	6.0	25.0	2.0	8.0	10.0	22.0	21.0	10.0	48.0	39.0	17.0	53.0	82.0
79280cea51a6fe8a3432b2f266dd34db	4.0	111.0	11.0	0.0	0.0	2.0	25.0	6.0	21.0	13.0	22.0	14.0	19.0	3.0	0.0	45.0	40.0	5.0	39.0	0.0	13.0	0.0	74.0	29.0	15.0	0.0	0.0	1.0	0.0	19.0	31.0	24.0	0.0	5.0	12.0	8.0	0.0	24.0	9.0	4.0	18.0	0.0	0.0	140.0	85.0	27.0	34.0	0.0	0.0	21.0	17.0	8.0	2.0	22.0	16.0	15.0	2.0	15.0	0.0	19.0	6.0	0.0	0.0	0.0	0.0	35.0	22.0	6.0	13.0	0.0	10.0	10.0	0.0	35.0	30.0	24.0	33.0	25.0	1.0	27.0	8.0	44.0	51.0	54.0	10.0	7.0	5.0	0.0	18.0	0.0	28.0	15.0	21.0	41.0	9.0	0.0	2.0	96.0	72.0	26.0	0.0	0.0	0.0	18.0	16.0	92.0	0.0	0.0	0.0	0.0	40.0	15.0	37.0	9.0	73.0	0.0	0.0	7.0	39.0	5.0	25.0	37.0	3.0	5.0	8.0	29.0	22.0	39.0	6.0	17.0	37.0	43.0	26.0	142.0	132.0	0.0	213.0	16.0	9.0	0.0	16.0	0.0	19.0	27.0	29.0	15.0	41.0	0.0	38.0	4.0	6.0	29.0	6.0	1.0	15.0	35.0	15.0	106.0	33.0	3.0	30.0	13.0	11.0	0.0	11.0	17.0	83.0	0.0	32.0	0.0	217.0	38.0	38.0	0.0	31.0	14.0	0.0	6.0	0.0	38.0	4.0	0.0	8.0	0.0	2.0	13.0	60.0	2.0	10.0	48.0	11.0	32.0	30.0	18.0	10.0	24.0	8.0	2.0
149e7d5e484d157f2ac6140a2111618e	9.0	11.0	12.0	0.0	16.0	8.0	0.0	0.0	4.0	8.0	49.0	25.0	14.0	14.0	0.0	27.0	4.0	4.0	10.0	0.0	46.0	49.0	14.0	81.0	9.0	0.0	66.0	5.0	0.0	28.0	55.0	5.0	10.0	15.0	46.0	46.0	0.0	5.0	49.0	2.0	5.0	0.0	8.0	22.0	0.0	7.0	5.0	11.0	0.0	17.0	5.0	66.0	13.0	28.0	23.0	4.0	53.0	14.0	8.0	3.0	0.0	0.0	0.0	0.0	0.0	1.0	17.0	0.0	16.0	0.0	0.0	13.0	0.0	52.0	5.0	0.0	4.0	0.0	0.0	1.0	1.0	0.0	63.0	120.0	326.0	7.0	0.0	0.0	4.0	0.0	0.0	0.0	0.0	0.0	29.0	0.0	2.0	0.0	21.0	7.0	0.0	0.0	0.0	21.0	17.0	14.0	0.0	0.0	0.0	0.0	6.0	8.0	19.0	15.0	10.0	54.0	92.0	23.0	26.0	0.0	19.0	23.0	33.0	0.0	44.0	18.0	3.0	44.0	20.0	3.0	39.0	29.0	108.0	0.0	11.0	0.0	0.0	5.0	2.0	0.0	20.0	3.0	2.0	12.0	12.0	26.0	13.0	0.0	52.0	52.0	23.0	0.0	0.0	18.0	0.0	173.0	95.0	37.0	72.0	1.0	9.0	12.0	14.0	0.0	23.0	0.0	13.0	40.0	3.0	0.0	0.0	4.0	26.0	0.0	149.0	4.0	0.0	0.0	0.0	0.0	3.0	0.0	0.0	0.0	0.0	33.0	1.0	11.0	4.0	49.0	5.0	11.0	60.0	9.0	101.0	0.0	34.0	0.0
04195686f2b70585790ec75320de0d6f	28.0	0.0	148.0	0.0	0.0	3.0	657.0	0.0	0.0	0.0	0.0	0.0	1.0	5.0	0.0	0.0	0.0	11.0	1.0	8.0	126.0	13.0	1.0	24.0	0.0	23.0	4.0	0.0	0.0	2.0	0.0	1.0	5.0	0.0	0.0	7.0	5.0	2.0	0.0	0.0	7.0	1.0	129.0	0.0	1.0	146.0	0.0	3.0	264.0	12.0	0.0	0.0	125.0	44.0	242.0	0.0	47.0	0.0	28.0	196.0	0.0	10.0	23.0	12.0	19.0	1.0	2.0	0.0	1.0	2.0	0.0	0.0	0.0	0.0	0.0	2.0	2.0	2.0	69.0	3.0	0.0	1.0	0.0	21.0	0.0	1.0	72.0	64.0	1.0	0.0	3.0	11.0	76.0	0.0	2.0	10.0	4.0	2.0	0.0	0.0	3.0	43.0	0.0	0.0	0.0	5.0	217.0	40.0	0.0	0.0	5.0	0.0	0.0	3.0	208.0	3.0	2.0	17.0	2.0	0.0	0.0	3.0	282.0	0.0	4.0	5.0	1.0	4.0	61.0	0.0	22.0	1.0	6.0	1.0	1.0	2.0	1.0	0.0	137.0	0.0	0.0	0.0	214.0	0.0	0.0	24.0	0.0	0.0	3.0	5.0	1.0	17.0	1.0	0.0	0.0	0.0	0.0	199.0	0.0	1.0	2.0	0.0	7.0	1.0	0.0	0.0	2.0	3.0	0.0	2.0	0.0	8.0	0.0	122.0	0.0	117.0	57.0	0.0	3.0	23.0	0.0	0.0	0.0	61.0	0.0	18.0	10.0	1.0	2.0	5.0	0.0	0.0	0.0	16.0	3.0	345.0	0.0	0.0
ad52a0f6646c574417ce0b13b84acfa9	0.0	37.0	17.0	4.0	0.0	29.0	0.0	33.0	34.0	51.0	84.0	132.0	6.0	57.0	0.0	47.0	28.0	2.0	46.0	0.0	24.0	0.0	0.0	11.0	0.0	0.0	0.0	14.0	30.0	26.0	66.0	12.0	0.0	76.0	43.0	104.0	0.0	34.0	25.0	0.0	5.0	0.0	0.0	0.0	0.0	0.0	0.0	23.0	0.0	74.0	26.0	58.0	105.0	23.0	106.0	5.0	0.0	0.0	216.0	19.0	0.0	0.0	0.0	0.0	2.0	0.0	58.0	231.0	137.0	0.0	0.0	31.0	0.0	81.0	58.0	110.0	0.0	30.0	0.0	0.0	7.0	25.0	0.0	63.0	0.0	0.0	0.0	0.0	7.0	18.0	83.0	0.0	0.0	0.0	70.0	0.0	0.0	37.0	22.0	32.0	143.0	0.0	0.0	27.0	7.0	0.0	1.0	90.0	58.0	0.0	21.0	20.0	7.0	13.0	14.0	20.0	0.0	23.0	0.0	0.0	0.0	0.0	23.0	0.0	0.0	49.0	64.0	0.0	51.0	4.0	50.0	0.0	0.0	0.0	0.0	66.0	51.0	9.0	8.0	39.0	0.0	0.0	34.0	0.0	165.0	28.0	25.0	54.0	105.0	21.0	15.0	46.0	29.0	0.0	19.0	35.0	25.0	0.0	0.0	9.0	67.0	35.0	0.0	0.0	0.0	0.0	61.0	15.0	0.0	34.0	0.0	49.0	0.0	0.0	44.0	0.0	0.0	11.0	0.0	8.0	19.0	132.0	11.0	0.0	6.0	95.0	0.0	0.0	11.0	58.0	8.0	8.0	88.0	0.0	111.0	19.0	53.0	0.0
e6a34eb113dba66df0b8bbec907a8f5d	26.0	36.0	61.0	111.0	0.0	0.0	0.0	0.0	0.0	86.0	109.0	0.0	2.0	10.0	0.0	40.0	80.0	44.0	25.0	0.0	76.0	5.0	0.0	1.0	25.0	0.0	0.0	87.0	0.0	15.0	29.0	0.0	34.0	29.0	73.0	61.0	47.0	15.0	18.0	0.0	24.0	0.0	30.0	9.0	2.0	61.0	38.0	57.0	0.0	49.0	43.0	24.0	31.0	71.0	28.0	0.0	22.0	50.0	9.0	86.0	30.0	0.0	0.0	41.0	35.0	39.0	22.0	0.0	8.0	0.0	50.0	7.0	6.0	30.0	36.0	0.0	64.0	0.0	0.0	22.0	13.0	23.0	20.0	0.0	1.0	53.0	28.0	52.0	15.0	0.0	0.0	0.0	11.0	46.0	9.0	16.0	5.0	0.0	28.0	28.0	5.0	0.0	0.0	48.0	53.0	0.0	20.0	18.0	0.0	0.0	22.0	58.0	78.0	22.0	31.0	11.0	3.0	54.0	36.0	141.0	132.0	14.0	2.0	119.0	33.0	50.0	16.0	43.0	26.0	16.0	166.0	10.0	26.0	21.0	48.0	0.0	12.0	148.0	4.0	134.0	31.0	0.0	13.0	26.0	16.0	91.0	65.0	0.0	0.0	59.0	0.0	93.0	35.0	73.0	85.0	5.0	0.0	0.0	21.0	41.0	20.0	126.0	72.0	31.0	28.0	0.0	20.0	21.0	18.0	0.0	0.0	62.0	72.0	0.0	9.0	2.0	0.0	132.0	2.0	0.0	46.0	1.0	36.0	10.0	0.0	77.0	0.0	44.0	72.0	63.0	0.0	0.0	0.0	67.0	6.0	5.0	31.0	30.0
5d62137a2d05df0be8d6b7e163a3ef08	0.0	46.0	0.0	0.0	0.0	0.0	0.0	0.0	9.0	0.0	0.0	0.0	0.0	0.0	0.0	0.0	0.0	10.0	0.0	0.0	6.0	1.0	7.0	0.0	0.0	0.0	0.0	9.0	73.0	118.0	0.0	12.0	1.0	3.0	0.0	0.0	0.0	0.0	0.0	0.0	0.0	60.0	0.0	0.0	2.0	0.0	0.0	0.0	0.0	0.0	0.0	14.0	10.0	0.0	0.0	26.0	0.0	0.0	0.0	0.0	0.0	5.0	0.0	0.0	0.0	0.0	0.0	272.0	0.0	0.0	55.0	0.0	0.0	0.0	0.0	0.0	0.0	7.0	44.0	0.0	0.0	0.0	0.0	0.0	0.0	15.0	0.0	0.0	0.0	73.0	0.0	0.0	0.0	0.0	0.0	0.0	0.0	0.0	0.0	0.0	70.0	0.0	46.0	0.0	0.0	46.0	0.0	0.0	0.0	0.0	0.0	0.0	0.0	0.0	0.0	0.0	0.0	0.0	0.0	14.0	11.0	0.0	0.0	35.0	0.0	0.0	0.0	0.0	0.0	0.0	0.0	95.0	0.0	0.0	0.0	0.0	0.0	54.0	0.0	39.0	0.0	101.0	0.0	0.0	0.0	0.0	0.0	0.0	0.0	0.0	35.0	1.0	91.0	22.0	0.0	0.0	0.0	0.0	0.0	0.0	21.0	0.0	71.0	103.0	0.0	6.0	0.0	0.0	0.0	0.0	0.0	0.0	0.0	62.0	0.0	0.0	0.0	0.0	0.0	0.0	0.0	0.0	3.0	0.0	6.0	11.0	6.0	139.0	44.0	0.0	0.0	0.0	0.0	0.0	0.0	0.0	0.0	68.0
c162a4f3943238810eba8a25f0563cca	0.0	7.0	13.0	21.0	6.0	0.0	0.0	12.0	2.0	2.0	20.0	57.0	0.0	7.0	28.0	6.0	17.0	10.0	23.0	32.0	20.0	47.0	25.0	3.0	11.0	26.0	0.0	0.0	0.0	38.0	9.0	0.0	81.0	7.0	8.0	34.0	0.0	60.0	0.0	49.0	62.0	68.0	21.0	18.0	0.0	96.0	8.0	0.0	11.0	4.0	0.0	2.0	18.0	30.0	2.0	19.0	4.0	9.0	34.0	23.0	37.0	29.0	20.0	40.0	6.0	29.0	58.0	11.0	3.0	0.0	29.0	6.0	10.0	35.0	12.0	113.0	7.0	15.0	107.0	1.0	14.0	8.0	10.0	1.0	0.0	95.0	4.0	44.0	3.0	24.0	3.0	3.0	40.0	62.0	16.0	27.0	11.0	25.0	5.0	3.0	14.0	11.0	29.0	11.0	5.0	13.0	7.0	89.0	0.0	48.0	6.0	5.0	6.0	23.0	6.0	51.0	1.0	25.0	7.0	0.0	58.0	11.0	0.0	8.0	15.0	0.0	18.0	63.0	18.0	32.0	15.0	21.0	2.0	9.0	13.0	37.0	6.0	22.0	16.0	0.0	207.0	8.0	14.0	94.0	5.0	27.0	6.0	0.0	12.0	6.0	58.0	8.0	109.0	0.0	10.0	5.0	33.0	1.0	50.0	213.0	16.0	22.0	10.0	0.0	18.0	0.0	19.0	63.0	40.0	37.0	83.0	4.0	5.0	0.0	0.0	14.0	0.0	20.0	0.0	0.0	81.0	0.0	3.0	11.0	15.0	7.0	9.0	6.0	28.0	2.0	10.0	35.0	4.0	9.0	0.0	0.0	1.0	41.0
eea6b86c0c75e740670ccc50613b1b23	28.0	33.0	0.0	1.0	72.0	60.0	2.0	31.0	11.0	4.0	20.0	44.0	119.0	14.0	85.0	41.0	3.0	29.0	22.0	43.0	6.0	23.0	42.0	5.0	13.0	17.0	42.0	11.0	13.0	10.0	21.0	7.0	59.0	23.0	23.0	56.0	20.0	22.0	40.0	24.0	3.0	22.0	13.0	11.0	13.0	5.0	6.0	42.0	35.0	31.0	9.0	14.0	9.0	6.0	15.0	3.0	16.0	4.0	14.0	9.0	44.0	81.0	9.0	44.0	29.0	22.0	16.0	8.0	13.0	0.0	18.0	29.0	78.0	24.0	13.0	36.0	8.0	26.0	11.0	124.0	9.0	54.0	80.0	13.0	3.0	1.0	42.0	28.0	16.0	14.0	36.0	90.0	11.0	18.0	10.0	32.0	21.0	37.0	75.0	9.0	60.0	58.0	43.0	22.0	10.0	23.0	69.0	177.0	41.0	52.0	2.0	9.0	0.0	8.0	11.0	19.0	26.0	2.0	30.0	2.0	14.0	31.0	21.0	25.0	32.0	7.0	9.0	34.0	22.0	14.0	9.0	38.0	65.0	46.0	8.0	28.0	23.0	2.0	15.0	22.0	4.0	36.0	34.0	7.0	14.0	13.0	9.0	66.0	27.0	12.0	13.0	13.0	22.0	27.0	5.0	9.0	49.0	7.0	52.0	5.0	28.0	9.0	26.0	30.0	63.0	116.0	20.0	12.0	11.0	37.0	94.0	5.0	2.0	112.0	20.0	26.0	69.0	46.0	27.0	70.0	3.0	20.0	1.0	51.0	11.0	9.0	47.0	37.0	16.0	11.0	9.0	3.0	14.0	30.0	84.0	15.0	22.0	55.0
c4f9ef34bd2919511069f409c25de6f1	95.0	36.0	6.0	0.0	0.0	0.0	0.0	0.0	140.0	6.0	6.0	0.0	0.0	0.0	0.0	53.0	0.0	0.0	25.0	65.0	0.0	1.0	0.0	0.0	0.0	0.0	62.0	305.0	0.0	51.0	0.0	0.0	0.0	0.0	0.0	0.0	0.0	0.0	0.0	85.0	276.0	0.0	0.0	0.0	0.0	77.0	0.0	217.0	0.0	0.0	6.0	12.0	38.0	21.0	0.0	0.0	0.0	22.0	0.0	0.0	0.0	15.0	0.0	0.0	0.0	17.0	0.0	0.0	52.0	0.0	0.0	0.0	0.0	30.0	30.0	140.0	0.0	40.0	11.0	0.0	174.0	89.0	0.0	0.0	0.0	317.0	0.0	0.0	0.0	0.0	17.0	0.0	0.0	0.0	0.0	0.0	0.0	0.0	0.0	59.0	0.0	0.0	34.0	22.0	51.0	31.0	0.0	31.0	0.0	0.0	8.0	0.0	83.0	132.0	44.0	9.0	5.0	0.0	0.0	0.0	17.0	158.0	0.0	9.0	0.0	0.0	9.0	0.0	1.0	0.0	25.0	7.0	0.0	0.0	10.0	0.0	0.0	102.0	0.0	6.0	0.0	5.0	23.0	0.0	9.0	0.0	64.0	0.0	0.0	0.0	0.0	0.0	131.0	0.0	189.0	0.0	12.0	9.0	150.0	0.0	0.0	0.0	0.0	0.0	64.0	0.0	0.0	22.0	42.0	199.0	0.0	0.0	0.0	22.0	0.0	0.0	0.0	0.0	0.0	0.0	0.0	1.0	0.0	0.0	0.0	0.0	3.0	0.0	0.0	0.0	7.0	0.0	27.0	0.0	20.0	17.0	0.0	23.0
25def15fb42bed6855ede4893d27a21d	0.0	20.0	2.0	0.0	0.0	0.0	13.0	0.0	0.0	0.0	19.0	0.0	0.0	0.0	0.0	0.0	0.0	7.0	10.0	0.0	0.0	0.0	0.0	2.0	0.0	1.0	3.0	0.0	0.0	0.0	1.0	12.0	0.0	20.0	0.0	0.0	0.0	0.0	0.0	0.0	0.0	3.0	0.0	26.0	1.0	3.0	0.0	0.0	0.0	17.0	0.0	0.0	0.0	0.0	0.0	0.0	0.0	0.0	0.0	5.0	0.0	171.0	486.0	0.0	96.0	0.0	76.0	0.0	0.0	0.0	0.0	0.0	0.0	3.0	1.0	0.0	0.0	0.0	0.0	6.0	0.0	0.0	17.0	0.0	237.0	1.0	95.0	0.0	0.0	0.0	0.0	0.0	0.0	0.0	0.0	0.0	0.0	53.0	0.0	9.0	0.0	0.0	340.0	0.0	0.0	9.0	7.0	0.0	297.0	4.0	35.0	0.0	1.0	44.0	6.0	0.0	0.0	1.0	31.0	0.0	0.0	0.0	61.0	0.0	0.0	1.0	0.0	36.0	0.0	0.0	0.0	22.0	2.0	0.0	0.0	45.0	0.0	0.0	0.0	101.0	14.0	69.0	0.0	36.0	42.0	0.0	1.0	0.0	0.0	7.0	18.0	64.0	27.0	3.0	40.0	0.0	6.0	0.0	0.0	0.0	0.0	0.0	0.0	59.0	0.0	0.0	2.0	0.0	0.0	0.0	0.0	1.0	0.0	0.0	0.0	0.0	0.0	0.0	0.0	0.0	0.0	0.0	0.0	120.0	261.0	0.0	17.0	0.0	0.0	0.0	0.0	0.0	0.0	4.0	0.0	2.0	0.0	0.0
0cc2420a6a4698f8bf664d50b17d26b4	22.0	36.0	10.0	0.0	8.0	37.0	1.0	18.0	117.0	4.0	0.0	15.0	0.0	0.0	0.0	2.0	34.0	0.0	20.0	0.0	0.0	0.0	0.0	0.0	20.0	0.0	0.0	0.0	0.0	2.0	5.0	106.0	0.0	0.0	0.0	32.0	5.0	1.0	16.0	6.0	1.0	6.0	19.0	9.0	0.0	0.0	11.0	12.0	1.0	8.0	0.0	3.0	16.0	12.0	4.0	112.0	4.0	72.0	3.0	12.0	179.0	0.0	2.0	2.0	0.0	0.0	0.0	0.0	8.0	0.0	0.0	50.0	4.0	31.0	0.0	0.0	5.0	0.0	0.0	14.0	8.0	4.0	23.0	0.0	0.0	0.0	0.0	1.0	3.0	0.0	38.0	17.0	0.0	0.0	0.0	6.0	3.0	34.0	6.0	20.0	0.0	0.0	0.0	18.0	20.0	24.0	6.0	0.0	0.0	114.0	7.0	2.0	268.0	106.0	1.0	4.0	0.0	1.0	3.0	54.0	40.0	0.0	2.0	0.0	21.0	0.0	24.0	3.0	8.0	352.0	2.0	0.0	1.0	9.0	1.0	0.0	6.0	36.0	8.0	20.0	10.0	4.0	4.0	1.0	28.0	3.0	0.0	212.0	26.0	2.0	55.0	11.0	27.0	14.0	59.0	5.0	0.0	0.0	0.0	18.0	0.0	6.0	0.0	0.0	86.0	0.0	4.0	0.0	37.0	0.0	0.0	2.0	14.0	0.0	32.0	6.0	0.0	16.0	0.0	192.0	0.0	0.0	16.0	0.0	58.0	7.0	26.0	11.0	44.0	0.0	21.0	3.0	80.0	0.0	0.0	0.0	5.0	172.0
b0645cbec7653c887cb868a248d95874	4.0	0.0	8.0	0.0	0.0	0.0	0.0	13.0	0.0	46.0	11.0	6.0	58.0	40.0	0.0	0.0	52.0	4.0	10.0	0.0	28.0	2.0	2.0	45.0	0.0	71.0	0.0	3.0	0.0	51.0	20.0	20.0	0.0	5.0	10.0	0.0	1.0	0.0	3.0	0.0	16.0	12.0	0.0	44.0	0.0	11.0	38.0	0.0	0.0	18.0	23.0	16.0	6.0	15.0	16.0	0.0	0.0	12.0	0.0	20.0	0.0	0.0	0.0	0.0	0.0	8.0	19.0	0.0	20.0	0.0	0.0	17.0	0.0	46.0	31.0	0.0	71.0	0.0	0.0	0.0	7.0	5.0	5.0	64.0	0.0	34.0	3.0	2.0	69.0	0.0	0.0	0.0	0.0	26.0	104.0	2.0	2.0	57.0	16.0	29.0	0.0	0.0	0.0	7.0	16.0	0.0	0.0	0.0	0.0	0.0	14.0	20.0	0.0	17.0	4.0	12.0	0.0	89.0	6.0	0.0	16.0	49.0	6.0	11.0	1.0	0.0	4.0	37.0	17.0	1.0	4.0	0.0	24.0	0.0	0.0	0.0	0.0	0.0	44.0	14.0	2.0	0.0	4.0	2.0	0.0	4.0	21.0	0.0	21.0	17.0	10.0	12.0	0.0	23.0	11.0	25.0	0.0	3.0	13.0	0.0	37.0	15.0	4.0	0.0	2.0	0.0	4.0	0.0	1.0	0.0	2.0	23.0	0.0	0.0	0.0	1.0	0.0	17.0	0.0	8.0	6.0	0.0	2.0	0.0	2.0	17.0	32.0	6.0	1.0	15.0	10.0	12.0	0.0	11.0	0.0	3.0	5.0	0.0
d061a99148d649c4eca4836c5f4b5b68	136.0	8.0	10.0	0.0	0.0	53.0	0.0	0.0	2.0	2.0	27.0	1.0	0.0	13.0	0.0	1.0	4.0	18.0	6.0	0.0	0.0	183.0	26.0	3.0	11.0	0.0	0.0	1.0	15.0	4.0	6.0	0.0	0.0	3.0	1.0	13.0	187.0	0.0	143.0	0.0	2.0	0.0	0.0	6.0	0.0	13.0	4.0	0.0	0.0	16.0	3.0	5.0	4.0	1.0	18.0	1.0	9.0	0.0	0.0	2.0	0.0	0.0	0.0	4.0	0.0	28.0	2.0	0.0	4.0	0.0	0.0	1.0	2.0	20.0	26.0	0.0	7.0	0.0	9.0	8.0	1.0	1.0	0.0	4.0	0.0	4.0	38.0	0.0	6.0	0.0	0.0	0.0	0.0	5.0	0.0	123.0	0.0	4.0	75.0	30.0	0.0	43.0	0.0	7.0	14.0	0.0	0.0	0.0	0.0	0.0	9.0	9.0	0.0	5.0	10.0	0.0	0.0	0.0	15.0	9.0	4.0	35.0	34.0	37.0	17.0	20.0	5.0	8.0	19.0	0.0	3.0	20.0	14.0	33.0	0.0	0.0	6.0	3.0	0.0	0.0	4.0	0.0	31.0	0.0	30.0	0.0	17.0	0.0	0.0	1.0	0.0	5.0	7.0	1.0	3.0	39.0	7.0	11.0	3.0	2.0	8.0	5.0	6.0	0.0	29.0	0.0	45.0	17.0	72.0	0.0	0.0	3.0	16.0	0.0	20.0	0.0	0.0	39.0	0.0	19.0	0.0	0.0	0.0	19.0	0.0	1.0	7.0	14.0	6.0	0.0	7.0	3.0	12.0	38.0	0.0	29.0	6.0	0.0
ad7bc2bb6e1ec90a9bc3c8949bce80d6	2.0	0.0	0.0	0.0	26.0	0.0	4.0	2.0	0.0	0.0	0.0	5.0	0.0	2.0	0.0	0.0	0.0	0.0	0.0	3.0	6.0	24.0	4.0	0.0	0.0	8.0	1.0	0.0	2.0	1.0	0.0	0.0	42.0	0.0	0.0	3.0	1.0	0.0	0.0	2.0	0.0	0.0	23.0	0.0	84.0	15.0	0.0	6.0	71.0	1.0	0.0	0.0	0.0	0.0	0.0	0.0	2.0	2.0	56.0	0.0	8.0	79.0	7.0	3.0	13.0	3.0	2.0	8.0	0.0	22.0	18.0	2.0	162.0	0.0	0.0	0.0	6.0	8.0	6.0	27.0	0.0	0.0	0.0	0.0	4.0	0.0	9.0	63.0	0.0	5.0	5.0	17.0	14.0	0.0	2.0	5.0	1.0	3.0	0.0	0.0	4.0	27.0	2.0	2.0	0.0	4.0	25.0	7.0	16.0	38.0	0.0	4.0	0.0	0.0	3.0	1.0	5.0	23.0	0.0	0.0	0.0	0.0	26.0	0.0	2.0	0.0	0.0	0.0	21.0	1.0	0.0	0.0	0.0	1.0	0.0	1.0	2.0	0.0	8.0	0.0	0.0	14.0	9.0	0.0	0.0	0.0	0.0	15.0	0.0	0.0	0.0	0.0	0.0	0.0	3.0	8.0	5.0	30.0	0.0	0.0	2.0	0.0	0.0	8.0	0.0	45.0	1.0	2.0	7.0	17.0	25.0	4.0	0.0	78.0	0.0	6.0	228.0	5.0	0.0	0.0	0.0	1.0	0.0	0.0	4.0	0.0	5.0	4.0	5.0	1.0	0.0	0.0	2.0	11.0	0.0	2.0	0.0	2.0
010f0ac2691bc0be12d0633d4b5d2cc4	0.0	10.0	26.0	1.0	0.0	7.0	0.0	12.0	0.0	1.0	7.0	0.0	36.0	4.0	0.0	10.0	4.0	1.0	2.0	0.0	16.0	0.0	15.0	0.0	0.0	0.0	24.0	5.0	0.0	17.0	9.0	3.0	0.0	42.0	3.0	0.0	0.0	0.0	0.0	0.0	2.0	0.0	0.0	12.0	0.0	0.0	41.0	9.0	0.0	1.0	9.0	37.0	3.0	6.0	4.0	0.0	2.0	6.0	0.0	0.0	0.0	0.0	0.0	0.0	0.0	0.0	1.0	0.0	0.0	0.0	0.0	0.0	0.0	8.0	22.0	0.0	33.0	0.0	17.0	25.0	0.0	0.0	33.0	66.0	0.0	8.0	0.0	0.0	23.0	6.0	21.0	0.0	0.0	0.0	1.0	0.0	0.0	0.0	9.0	0.0	0.0	0.0	0.0	0.0	15.0	0.0	0.0	0.0	0.0	0.0	9.0	0.0	8.0	0.0	16.0	0.0	0.0	3.0	0.0	4.0	21.0	17.0	0.0	3.0	4.0	52.0	19.0	0.0	15.0	0.0	0.0	25.0	2.0	42.0	33.0	0.0	13.0	0.0	28.0	3.0	14.0	0.0	0.0	1.0	0.0	6.0	10.0	77.0	0.0	9.0	7.0	13.0	6.0	22.0	2.0	0.0	0.0	8.0	0.0	6.0	0.0	7.0	17.0	3.0	1.0	0.0	8.0	37.0	6.0	0.0	56.0	32.0	0.0	0.0	0.0	0.0	0.0	0.0	0.0	9.0	4.0	7.0	6.0	0.0	0.0	10.0	0.0	1.0	9.0	6.0	7.0	10.0	0.0	1.0	0.0	1.0	6.0	1.0
04c8be5a3a6ba2d70446812e99318905	24.0	17.0	33.0	12.0	0.0	3.0	1.0	23.0	0.0	12.0	1.0	8.0	1.0	16.0	20.0	3.0	0.0	10.0	1.0	7.0	9.0	1.0	0.0	14.0	38.0	63.0	22.0	45.0	12.0	0.0	1.0	0.0	0.0	1.0	15.0	5.0	8.0	6.0	0.0	144.0	0.0	0.0	6.0	15.0	0.0	2.0	23.0	28.0	0.0	4.0	12.0	0.0	1.0	4.0	4.0	22.0	5.0	2.0	7.0	16.0	0.0	2.0	1.0	1.0	0.0	7.0	6.0	0.0	1.0	220.0	17.0	2.0	0.0	4.0	6.0	25.0	20.0	22.0	6.0	6.0	19.0	10.0	3.0	3.0	0.0	9.0	3.0	3.0	0.0	8.0	0.0	7.0	0.0	24.0	0.0	9.0	0.0	91.0	0.0	15.0	0.0	1.0	0.0	10.0	10.0	11.0	9.0	5.0	0.0	0.0	11.0	6.0	3.0	0.0	11.0	17.0	0.0	15.0	6.0	16.0	9.0	12.0	2.0	8.0	5.0	0.0	0.0	0.0	3.0	12.0	9.0	4.0	0.0	5.0	7.0	30.0	2.0	12.0	2.0	2.0	43.0	0.0	1.0	18.0	0.0	10.0	18.0	0.0	18.0	5.0	0.0	5.0	7.0	28.0	0.0	4.0	0.0	0.0	0.0	8.0	5.0	1.0	1.0	20.0	0.0	7.0	10.0	18.0	26.0	51.0	18.0	1.0	12.0	35.0	0.0	0.0	6.0	17.0	0.0	0.0	0.0	2.0	9.0	6.0	3.0	12.0	24.0	9.0	15.0	3.0	5.0	25.0	27.0	7.0	4.0	2.0	2.0	0.0
2a99ec1157a90661db7ff643b82f1914	14.0	30.0	0.0	0.0	60.0	0.0	0.0	15.0	0.0	0.0	2.0	14.0	0.0	0.0	0.0	0.0	0.0	7.0	6.0	10.0	34.0	2.0	5.0	3.0	0.0	90.0	0.0	30.0	0.0	0.0	1.0	0.0	0.0	0.0	0.0	0.0	0.0	5.0	0.0	0.0	3.0	0.0	49.0	5.0	0.0	2.0	0.0	7.0	0.0	0.0	8.0	0.0	1.0	0.0	0.0	0.0	20.0	0.0	43.0	2.0	28.0	0.0	0.0	0.0	140.0	0.0	0.0	3.0	4.0	92.0	12.0	0.0	4.0	0.0	0.0	0.0	13.0	12.0	228.0	46.0	0.0	15.0	7.0	10.0	0.0	1.0	1.0	0.0	7.0	9.0	1.0	0.0	0.0	0.0	0.0	0.0	0.0	46.0	0.0	0.0	0.0	0.0	0.0	24.0	23.0	0.0	7.0	8.0	0.0	28.0	4.0	0.0	13.0	30.0	8.0	0.0	5.0	1.0	2.0	17.0	2.0	21.0	0.0	1.0	3.0	52.0	0.0	33.0	0.0	2.0	7.0	0.0	0.0	12.0	0.0	9.0	0.0	51.0	10.0	4.0	5.0	0.0	0.0	18.0	0.0	4.0	5.0	0.0	18.0	2.0	0.0	14.0	2.0	64.0	19.0	0.0	10.0	0.0	0.0	0.0	6.0	0.0	0.0	8.0	33.0	0.0	5.0	0.0	6.0	0.0	0.0	2.0	3.0	0.0	0.0	6.0	58.0	0.0	39.0	53.0	0.0	1.0	9.0	2.0	26.0	0.0	0.0	7.0	0.0	4.0	0.0	0.0	3.0	0.0	5.0	2.0	8.0	0.0
d05c86b5bfc092d8677507fb1eae8d66	0.0	0.0	18.0	7.0	0.0	5.0	0.0	10.0	0.0	0.0	0.0	2.0	2.0	0.0	0.0	17.0	6.0	0.0	0.0	0.0	0.0	1.0	0.0	10.0	0.0	0.0	0.0	0.0	0.0	46.0	0.0	0.0	0.0	48.0	0.0	2.0	0.0	1.0	0.0	8.0	1.0	204.0	0.0	0.0	0.0	0.0	0.0	0.0	0.0	39.0	48.0	0.0	1.0	16.0	0.0	0.0	36.0	99.0	0.0	0.0	2.0	0.0	0.0	0.0	1.0	0.0	0.0	0.0	0.0	0.0	1.0	8.0	0.0	0.0	0.0	0.0	2.0	53.0	0.0	0.0	46.0	1.0	0.0	1.0	0.0	5.0	0.0	0.0	1.0	0.0	0.0	0.0	0.0	0.0	6.0	0.0	4.0	0.0	0.0	19.0	0.0	0.0	0.0	0.0	0.0	8.0	0.0	0.0	18.0	0.0	0.0	0.0	36.0	7.0	0.0	27.0	0.0	28.0	19.0	4.0	0.0	0.0	0.0	0.0	0.0	0.0	9.0	0.0	0.0	1.0	39.0	25.0	0.0	0.0	0.0	12.0	0.0	0.0	1.0	0.0	74.0	0.0	22.0	53.0	0.0	0.0	0.0	0.0	0.0	42.0	49.0	0.0	1.0	0.0	0.0	0.0	0.0	0.0	31.0	0.0	1.0	17.0	1.0	0.0	6.0	0.0	0.0	4.0	0.0	0.0	0.0	0.0	2.0	0.0	4.0	0.0	0.0	0.0	0.0	0.0	0.0	34.0	39.0	0.0	0.0	0.0	0.0	0.0	5.0	0.0	16.0	39.0	2.0	0.0	5.0	1.0	28.0	0.0
6c7fa77831ae630967a6fbfc8ee47901	49.0	5.0	1.0	2.0	124.0	3.0	0.0	17.0	7.0	2.0	8.0	0.0	16.0	0.0	0.0	10.0	0.0	20.0	21.0	18.0	6.0	5.0	20.0	2.0	7.0	1.0	52.0	0.0	23.0	2.0	19.0	6.0	11.0	3.0	8.0	5.0	6.0	3.0	27.0	0.0	0.0	0.0	2.0	9.0	0.0	5.0	4.0	4.0	39.0	13.0	7.0	11.0	16.0	4.0	0.0	2.0	6.0	7.0	3.0	2.0	0.0	48.0	0.0	0.0	0.0	18.0	3.0	0.0	13.0	0.0	29.0	4.0	0.0	14.0	14.0	15.0	2.0	2.0	4.0	82.0	1.0	28.0	0.0	3.0	3.0	3.0	6.0	27.0	0.0	4.0	9.0	16.0	6.0	5.0	4.0	7.0	9.0	11.0	29.0	8.0	0.0	25.0	9.0	9.0	16.0	12.0	0.0	0.0	4.0	0.0	6.0	7.0	3.0	8.0	8.0	0.0	0.0	6.0	6.0	2.0	8.0	16.0	24.0	5.0	13.0	17.0	5.0	18.0	30.0	13.0	8.0	16.0	15.0	67.0	7.0	0.0	12.0	0.0	3.0	22.0	2.0	17.0	15.0	0.0	2.0	3.0	11.0	5.0	11.0	2.0	1.0	4.0	3.0	9.0	3.0	6.0	8.0	1.0	35.0	0.0	29.0	0.0	7.0	7.0	18.0	0.0	16.0	8.0	12.0	37.0	58.0	5.0	8.0	0.0	20.0	21.0	0.0	0.0	5.0	24.0	2.0	7.0	5.0	7.0	0.0	6.0	16.0	0.0	5.0	11.0	0.0	1.0	5.0	11.0	25.0	12.0	23.0	7.0
e5a43b018c81cedd19e9a5354d32d469	0.0	13.0	0.0	0.0	0.0	29.0	0.0	22.0	0.0	0.0	1.0	0.0	0.0	0.0	0.0	0.0	0.0	0.0	0.0	20.0	7.0	5.0	2.0	0.0	0.0	20.0	0.0	0.0	0.0	24.0	2.0	47.0	0.0	11.0	1.0	12.0	0.0	6.0	3.0	0.0	25.0	0.0	69.0	1.0	0.0	34.0	36.0	9.0	0.0	0.0	138.0	0.0	0.0	2.0	2.0	41.0	6.0	0.0	0.0	0.0	0.0	2.0	0.0	0.0	0.0	3.0	7.0	0.0	1.0	0.0	0.0	0.0	3.0	23.0	0.0	0.0	0.0	16.0	0.0	0.0	0.0	0.0	0.0	0.0	0.0	0.0	0.0	0.0	0.0	0.0	2.0	0.0	0.0	0.0	0.0	7.0	0.0	44.0	0.0	48.0	1.0	0.0	0.0	0.0	88.0	0.0	0.0	5.0	0.0	0.0	17.0	0.0	0.0	0.0	6.0	72.0	0.0	0.0	2.0	0.0	9.0	2.0	0.0	28.0	2.0	14.0	7.0	0.0	2.0	0.0	1.0	0.0	0.0	0.0	0.0	54.0	3.0	0.0	0.0	0.0	8.0	0.0	2.0	5.0	0.0	9.0	3.0	0.0	0.0	18.0	0.0	0.0	0.0	0.0	3.0	8.0	0.0	0.0	0.0	38.0	10.0	6.0	2.0	0.0	0.0	1.0	0.0	0.0	5.0	4.0	0.0	0.0	0.0	0.0	15.0	0.0	0.0	5.0	0.0	1.0	7.0	0.0	84.0	0.0	0.0	5.0	0.0	0.0	125.0	0.0	0.0	11.0	7.0	0.0	0.0	2.0	3.0	0.0
d39f37b814ebd81091a949f8bd9d1710	0.0	15.0	24.0	130.0	0.0	12.0	0.0	0.0	0.0	19.0	8.0	0.0	22.0	13.0	135.0	17.0	0.0	0.0	1.0	0.0	5.0	0.0	54.0	39.0	75.0	84.0	0.0	0.0	0.0	24.0	11.0	0.0	22.0	8.0	0.0	0.0	7.0	0.0	9.0	0.0	62.0	0.0	47.0	0.0	0.0	23.0	12.0	11.0	7.0	5.0	0.0	9.0	0.0	41.0	9.0	23.0	0.0	8.0	0.0	0.0	0.0	0.0	0.0	8.0	11.0	37.0	20.0	0.0	12.0	0.0	0.0	34.0	0.0	0.0	10.0	31.0	17.0	0.0	63.0	3.0	30.0	0.0	9.0	16.0	5.0	0.0	16.0	21.0	7.0	0.0	29.0	0.0	0.0	0.0	0.0	0.0	12.0	0.0	4.0	4.0	22.0	15.0	5.0	2.0	0.0	39.0	13.0	0.0	0.0	0.0	1.0	19.0	0.0	0.0	10.0	42.0	0.0	23.0	0.0	0.0	0.0	0.0	8.0	56.0	0.0	0.0	22.0	0.0	5.0	2.0	28.0	0.0	3.0	0.0	0.0	0.0	1.0	0.0	1.0	8.0	13.0	12.0	0.0	0.0	6.0	53.0	0.0	0.0	0.0	38.0	0.0	0.0	12.0	0.0	8.0	8.0	0.0	1.0	4.0	0.0	0.0	7.0	31.0	0.0	0.0	24.0	0.0	17.0	0.0	0.0	0.0	10.0	0.0	0.0	0.0	0.0	0.0	11.0	0.0	0.0	0.0	0.0	0.0	0.0	21.0	53.0	15.0	27.0	13.0	15.0	36.0	14.0	0.0	5.0	0.0	1.0	0.0	0.0
1c86153e1b13ab5322c96f2602b73513	0.0	0.0	9.0	0.0	0.0	20.0	0.0	2.0	16.0	3.0	0.0	36.0	0.0	0.0	0.0	0.0	15.0	0.0	0.0	0.0	4.0	0.0	0.0	22.0	12.0	0.0	0.0	0.0	0.0	11.0	11.0	0.0	0.0	0.0	0.0	0.0	0.0	0.0	0.0	0.0	0.0	3.0	1.0	0.0	0.0	2.0	0.0	0.0	0.0	0.0	0.0	32.0	1.0	2.0	0.0	0.0	2.0	9.0	6.0	0.0	0.0	0.0	0.0	0.0	0.0	0.0	0.0	0.0	0.0	0.0	0.0	0.0	0.0	0.0	1.0	0.0	25.0	32.0	0.0	0.0	1.0	6.0	0.0	44.0	0.0	6.0	0.0	2.0	2.0	0.0	0.0	0.0	1.0	0.0	0.0	0.0	0.0	0.0	12.0	31.0	0.0	0.0	0.0	0.0	18.0	1.0	0.0	1.0	0.0	0.0	23.0	3.0	4.0	0.0	0.0	6.0	2.0	0.0	13.0	3.0	0.0	6.0	0.0	4.0	0.0	2.0	4.0	0.0	0.0	0.0	0.0	0.0	0.0	0.0	0.0	24.0	0.0	0.0	0.0	0.0	0.0	0.0	3.0	0.0	0.0	17.0	5.0	0.0	0.0	3.0	0.0	0.0	0.0	0.0	0.0	0.0	1.0	0.0	8.0	1.0	0.0	0.0	0.0	0.0	27.0	0.0	0.0	0.0	0.0	0.0	0.0	11.0	32.0	0.0	45.0	0.0	0.0	0.0	0.0	0.0	0.0	93.0	5.0	0.0	0.0	0.0	0.0	0.0	0.0	1.0	16.0	0.0	41.0	4.0	10.0	5.0	1.0	0.0
a66dd8d31584930c2b0f811f572dddcf	26.0	23.0	7.0	0.0	16.0	3.0	0.0	30.0	20.0	22.0	9.0	10.0	1.0	12.0	66.0	5.0	15.0	0.0	11.0	22.0	9.0	8.0	7.0	34.0	15.0	64.0	0.0	13.0	0.0	7.0	10.0	0.0	0.0	8.0	12.0	4.0	8.0	30.0	0.0	0.0	13.0	0.0	31.0	6.0	0.0	4.0	21.0	6.0	0.0	9.0	10.0	21.0	13.0	7.0	3.0	9.0	0.0	1.0	4.0	28.0	31.0	5.0	1.0	13.0	12.0	29.0	20.0	0.0	0.0	145.0	0.0	14.0	0.0	45.0	0.0	0.0	47.0	60.0	0.0	5.0	22.0	16.0	13.0	2.0	0.0	26.0	17.0	16.0	17.0	49.0	4.0	12.0	19.0	6.0	0.0	4.0	3.0	9.0	5.0	8.0	3.0	0.0	4.0	4.0	4.0	7.0	0.0	9.0	0.0	0.0	17.0	6.0	0.0	0.0	4.0	3.0	1.0	23.0	8.0	15.0	5.0	0.0	2.0	4.0	0.0	0.0	1.0	10.0	2.0	4.0	11.0	2.0	7.0	11.0	16.0	107.0	1.0	28.0	1.0	0.0	0.0	7.0	6.0	11.0	8.0	9.0	10.0	0.0	0.0	8.0	0.0	21.0	5.0	37.0	0.0	0.0	40.0	0.0	7.0	21.0	6.0	9.0	1.0	2.0	0.0	7.0	1.0	4.0	0.0	0.0	0.0	7.0	16.0	0.0	9.0	2.0	0.0	43.0	0.0	0.0	0.0	2.0	9.0	4.0	8.0	2.0	13.0	29.0	29.0	10.0	5.0	42.0	74.0	8.0	0.0	6.0	4.0	3.0
40c85a458df8d5a935122ba778d4f334	0.0	0.0	0.0	33.0	0.0	0.0	0.0	0.0	0.0	15.0	0.0	0.0	0.0	0.0	0.0	8.0	0.0	131.0	0.0	0.0	0.0	0.0	0.0	7.0	1.0	0.0	1.0	0.0	0.0	0.0	27.0	203.0	0.0	11.0	0.0	0.0	0.0	0.0	8.0	0.0	0.0	0.0	26.0	0.0	0.0	5.0	34.0	0.0	3.0	37.0	0.0	27.0	0.0	65.0	13.0	0.0	13.0	16.0	0.0	0.0	0.0	0.0	0.0	0.0	9.0	142.0	0.0	5.0	0.0	0.0	0.0	0.0	0.0	0.0	0.0	0.0	36.0	20.0	0.0	0.0	0.0	0.0	14.0	6.0	1.0	0.0	34.0	55.0	6.0	176.0	0.0	0.0	0.0	123.0	0.0	0.0	40.0	0.0	9.0	39.0	3.0	0.0	0.0	112.0	0.0	0.0	0.0	0.0	0.0	0.0	0.0	0.0	0.0	0.0	0.0	52.0	0.0	0.0	33.0	69.0	0.0	0.0	0.0	0.0	9.0	0.0	0.0	0.0	11.0	0.0	0.0	9.0	5.0	0.0	31.0	0.0	3.0	0.0	5.0	0.0	0.0	0.0	0.0	0.0	0.0	0.0	0.0	0.0	0.0	4.0	84.0	0.0	0.0	141.0	0.0	0.0	149.0	0.0	0.0	93.0	0.0	41.0	0.0	0.0	0.0	0.0	25.0	0.0	0.0	0.0	0.0	9.0	13.0	0.0	0.0	0.0	0.0	2.0	13.0	0.0	181.0	0.0	0.0	0.0	0.0	0.0	14.0	13.0	0.0	23.0	8.0	0.0	0.0	0.0	0.0	0.0	0.0	0.0
3d766867c97f511431bf97e059d6498f	0.0	11.0	11.0	0.0	0.0	0.0	0.0	0.0	12.0	29.0	3.0	41.0	3.0	4.0	0.0	5.0	0.0	0.0	13.0	8.0	6.0	2.0	9.0	0.0	5.0	0.0	15.0	0.0	0.0	0.0	18.0	0.0	0.0	19.0	86.0	0.0	6.0	0.0	20.0	0.0	8.0	0.0	0.0	5.0	7.0	21.0	4.0	62.0	0.0	17.0	25.0	21.0	0.0	14.0	1.0	7.0	19.0	7.0	8.0	0.0	0.0	0.0	0.0	3.0	1.0	0.0	31.0	0.0	0.0	0.0	6.0	34.0	0.0	0.0	10.0	13.0	59.0	0.0	0.0	14.0	0.0	11.0	20.0	0.0	1.0	0.0	5.0	4.0	39.0	0.0	1.0	0.0	0.0	9.0	8.0	9.0	3.0	0.0	0.0	12.0	1.0	2.0	11.0	15.0	21.0	17.0	0.0	0.0	0.0	0.0	11.0	7.0	0.0	26.0	7.0	29.0	0.0	0.0	13.0	28.0	37.0	56.0	0.0	1.0	4.0	0.0	8.0	10.0	4.0	12.0	0.0	0.0	16.0	0.0	8.0	34.0	0.0	48.0	11.0	6.0	0.0	0.0	2.0	0.0	6.0	0.0	13.0	0.0	0.0	17.0	0.0	0.0	0.0	40.0	0.0	4.0	0.0	1.0	0.0	7.0	5.0	28.0	21.0	0.0	16.0	0.0	0.0	8.0	6.0	0.0	0.0	9.0	0.0	0.0	0.0	0.0	0.0	25.0	0.0	0.0	0.0	0.0	0.0	0.0	27.0	4.0	33.0	15.0	21.0	15.0	11.0	43.0	0.0	3.0	1.0	2.0	5.0	0.0
cae14798faeabb8e1b8840e712839921	0.0	12.0	10.0	0.0	0.0	17.0	0.0	5.0	4.0	2.0	3.0	0.0	0.0	0.0	0.0	0.0	0.0	0.0	0.0	3.0	22.0	2.0	0.0	172.0	8.0	38.0	0.0	79.0	196.0	9.0	0.0	47.0	91.0	10.0	152.0	0.0	5.0	2.0	0.0	35.0	14.0	8.0	2.0	1.0	0.0	5.0	3.0	0.0	0.0	0.0	14.0	0.0	10.0	2.0	0.0	0.0	52.0	27.0	0.0	5.0	6.0	0.0	0.0	0.0	0.0	0.0	10.0	0.0	0.0	0.0	32.0	0.0	0.0	15.0	0.0	0.0	3.0	0.0	19.0	1.0	2.0	3.0	2.0	0.0	0.0	13.0	3.0	2.0	1.0	0.0	14.0	0.0	5.0	11.0	0.0	15.0	0.0	0.0	3.0	13.0	0.0	0.0	0.0	3.0	3.0	3.0	0.0	7.0	0.0	0.0	4.0	0.0	14.0	54.0	0.0	2.0	0.0	2.0	0.0	21.0	19.0	4.0	0.0	67.0	1.0	0.0	7.0	10.0	0.0	1.0	40.0	7.0	6.0	0.0	12.0	0.0	1.0	28.0	0.0	18.0	11.0	3.0	6.0	6.0	8.0	20.0	4.0	0.0	15.0	15.0	0.0	0.0	24.0	18.0	7.0	1.0	0.0	0.0	0.0	2.0	0.0	41.0	16.0	0.0	0.0	0.0	12.0	4.0	0.0	0.0	0.0	0.0	12.0	0.0	0.0	0.0	4.0	11.0	0.0	0.0	57.0	0.0	0.0	5.0	0.0	18.0	3.0	6.0	10.0	0.0	5.0	33.0	1.0	4.0	0.0	5.0	0.0	2.0
363c1c39d58bce4fc3218659d0944258	0.0	0.0	2.0	0.0	0.0	1.0	0.0	2.0	0.0	0.0	0.0	3.0	0.0	0.0	0.0	5.0	30.0	0.0	0.0	8.0	0.0	0.0	4.0	6.0	0.0	0.0	0.0	0.0	0.0	0.0	5.0	0.0	0.0	3.0	0.0	0.0	0.0	5.0	0.0	3.0	0.0	17.0	4.0	17.0	86.0	0.0	1.0	0.0	30.0	1.0	4.0	7.0	0.0	0.0	0.0	0.0	0.0	11.0	0.0	1.0	1.0	0.0	0.0	0.0	0.0	0.0	3.0	0.0	0.0	0.0	0.0	5.0	0.0	1.0	0.0	0.0	5.0	0.0	0.0	0.0	0.0	0.0	0.0	21.0	6.0	0.0	3.0	0.0	8.0	0.0	3.0	3.0	0.0	1.0	133.0	0.0	0.0	0.0	0.0	0.0	0.0	3.0	0.0	0.0	0.0	1.0	0.0	0.0	13.0	0.0	0.0	0.0	0.0	0.0	0.0	0.0	70.0	0.0	6.0	0.0	1.0	0.0	0.0	0.0	12.0	7.0	4.0	0.0	1.0	0.0	2.0	12.0	4.0	0.0	1.0	0.0	0.0	0.0	0.0	0.0	0.0	0.0	3.0	1.0	0.0	1.0	1.0	10.0	8.0	3.0	0.0	0.0	0.0	0.0	1.0	47.0	0.0	0.0	0.0	0.0	8.0	0.0	0.0	0.0	2.0	0.0	0.0	0.0	0.0	0.0	0.0	0.0	0.0	0.0	0.0	0.0	0.0	0.0	0.0	0.0	1.0	0.0	1.0	0.0	0.0	5.0	0.0	0.0	0.0	4.0	3.0	0.0	0.0	0.0	3.0	6.0	0.0	0.0
458157e555a80f9ba01d9da37ef787eb	0.0	0.0	0.0	0.0	0.0	3.0	0.0	6.0	0.0	8.0	0.0	0.0	32.0	0.0	0.0	7.0	0.0	2.0	3.0	0.0	3.0	0.0	0.0	0.0	15.0	0.0	0.0	0.0	0.0	20.0	2.0	20.0	0.0	1.0	0.0	0.0	0.0	0.0	67.0	0.0	29.0	48.0	0.0	0.0	0.0	0.0	0.0	0.0	0.0	5.0	0.0	57.0	0.0	4.0	13.0	1.0	6.0	2.0	0.0	0.0	0.0	0.0	0.0	0.0	0.0	0.0	10.0	0.0	21.0	0.0	0.0	0.0	0.0	5.0	7.0	0.0	0.0	28.0	0.0	0.0	23.0	34.0	0.0	19.0	12.0	16.0	0.0	0.0	12.0	0.0	0.0	0.0	0.0	1.0	3.0	0.0	0.0	0.0	0.0	22.0	0.0	0.0	0.0	0.0	9.0	0.0	0.0	0.0	0.0	0.0	41.0	109.0	0.0	0.0	4.0	0.0	0.0	6.0	0.0	0.0	2.0	0.0	0.0	10.0	0.0	2.0	0.0	0.0	0.0	0.0	0.0	0.0	0.0	0.0	10.0	0.0	0.0	0.0	15.0	4.0	26.0	0.0	0.0	0.0	0.0	16.0	5.0	0.0	0.0	19.0	0.0	0.0	0.0	0.0	0.0	0.0	0.0	0.0	0.0	0.0	0.0	1.0	8.0	0.0	1.0	0.0	0.0	0.0	0.0	0.0	0.0	50.0	141.0	0.0	0.0	0.0	0.0	0.0	0.0	0.0	0.0	0.0	52.0	0.0	3.0	0.0	0.0	0.0	0.0	0.0	66.0	24.0	6.0	13.0	0.0	1.0	1.0	0.0
e2c3ff4f647112723741aa72087f1bfa	5.0	2.0	0.0	0.0	21.0	0.0	0.0	0.0	1.0	2.0	8.0	0.0	0.0	3.0	0.0	0.0	0.0	33.0	1.0	0.0	0.0	33.0	2.0	3.0	0.0	0.0	11.0	0.0	0.0	0.0	8.0	0.0	14.0	8.0	0.0	23.0	2.0	0.0	1.0	0.0	4.0	0.0	0.0	6.0	0.0	4.0	0.0	10.0	41.0	43.0	0.0	15.0	0.0	6.0	1.0	0.0	0.0	1.0	6.0	0.0	2.0	8.0	5.0	140.0	3.0	2.0	75.0	0.0	0.0	0.0	0.0	15.0	1.0	10.0	7.0	0.0	5.0	0.0	3.0	0.0	0.0	0.0	82.0	0.0	0.0	0.0	1.0	1.0	6.0	23.0	26.0	0.0	0.0	0.0	0.0	0.0	0.0	8.0	15.0	0.0	0.0	11.0	0.0	0.0	6.0	0.0	4.0	0.0	23.0	0.0	0.0	0.0	3.0	0.0	1.0	0.0	0.0	1.0	12.0	21.0	0.0	2.0	1.0	0.0	5.0	1.0	0.0	0.0	4.0	0.0	0.0	0.0	36.0	0.0	10.0	0.0	11.0	0.0	6.0	2.0	0.0	0.0	0.0	0.0	7.0	15.0	0.0	0.0	4.0	0.0	0.0	1.0	27.0	0.0	2.0	0.0	8.0	35.0	0.0	5.0	8.0	0.0	4.0	0.0	0.0	18.0	3.0	0.0	4.0	34.0	0.0	5.0	20.0	5.0	1.0	0.0	0.0	10.0	0.0	24.0	0.0	102.0	0.0	1.0	3.0	4.0	4.0	7.0	0.0	26.0	0.0	0.0	6.0	0.0	0.0	3.0	0.0	3.0
f7686a74ca2d3729eb66305e8a26309b	29.0	4.0	0.0	1.0	18.0	23.0	0.0	30.0	0.0	1.0	2.0	0.0	10.0	1.0	0.0	9.0	0.0	4.0	23.0	16.0	0.0	4.0	20.0	0.0	0.0	3.0	37.0	7.0	0.0	0.0	8.0	0.0	29.0	5.0	0.0	3.0	5.0	9.0	9.0	0.0	1.0	9.0	0.0	0.0	0.0	0.0	2.0	9.0	2.0	5.0	2.0	0.0	2.0	2.0	10.0	0.0	1.0	1.0	0.0	1.0	0.0	3.0	4.0	29.0	18.0	9.0	1.0	9.0	0.0	7.0	25.0	11.0	13.0	11.0	11.0	7.0	5.0	5.0	7.0	0.0	2.0	20.0	16.0	0.0	0.0	0.0	0.0	0.0	4.0	1.0	16.0	10.0	5.0	0.0	2.0	16.0	0.0	3.0	9.0	1.0	9.0	7.0	0.0	16.0	17.0	10.0	4.0	0.0	0.0	17.0	1.0	9.0	2.0	0.0	13.0	3.0	0.0	0.0	2.0	8.0	6.0	17.0	1.0	10.0	9.0	0.0	3.0	7.0	1.0	8.0	5.0	9.0	4.0	8.0	2.0	0.0	8.0	0.0	3.0	0.0	0.0	0.0	6.0	0.0	3.0	0.0	5.0	0.0	0.0	2.0	0.0	3.0	0.0	8.0	9.0	3.0	5.0	0.0	1.0	3.0	8.0	4.0	8.0	2.0	13.0	56.0	6.0	3.0	3.0	18.0	7.0	1.0	0.0	0.0	37.0	29.0	0.0	19.0	33.0	0.0	0.0	0.0	0.0	14.0	0.0	2.0	19.0	0.0	4.0	2.0	1.0	1.0	7.0	6.0	6.0	9.0	8.0	8.0
2b982979f2401a8bc447d7141879e9b2	0.0	2.0	5.0	3.0	0.0	14.0	0.0	8.0	8.0	0.0	13.0	0.0	26.0	0.0	83.0	12.0	7.0	8.0	2.0	18.0	3.0	9.0	9.0	0.0	6.0	0.0	0.0	4.0	0.0	2.0	8.0	2.0	0.0	11.0	8.0	11.0	0.0	7.0	9.0	0.0	2.0	0.0	6.0	8.0	0.0	2.0	2.0	11.0	0.0	12.0	6.0	1.0	9.0	13.0	5.0	3.0	5.0	0.0	4.0	0.0	0.0	0.0	0.0	56.0	0.0	13.0	6.0	20.0	11.0	0.0	0.0	10.0	42.0	11.0	7.0	0.0	3.0	3.0	0.0	0.0	3.0	0.0	25.0	7.0	0.0	0.0	13.0	13.0	16.0	6.0	0.0	21.0	0.0	4.0	4.0	36.0	34.0	5.0	35.0	9.0	32.0	49.0	11.0	3.0	4.0	14.0	0.0	0.0	0.0	0.0	3.0	6.0	1.0	2.0	9.0	0.0	5.0	2.0	29.0	2.0	5.0	7.0	0.0	6.0	12.0	11.0	4.0	18.0	17.0	4.0	5.0	6.0	29.0	0.0	2.0	0.0	0.0	4.0	8.0	3.0	3.0	14.0	9.0	0.0	5.0	3.0	5.0	0.0	0.0	7.0	4.0	5.0	2.0	3.0	5.0	4.0	8.0	10.0	13.0	4.0	12.0	0.0	3.0	0.0	4.0	0.0	11.0	6.0	5.0	3.0	0.0	10.0	4.0	0.0	0.0	0.0	0.0	0.0	0.0	18.0	0.0	11.0	0.0	10.0	8.0	8.0	0.0	0.0	4.0	14.0	1.0	0.0	5.0	5.0	8.0	14.0	21.0	13.0
599ba6458e91e2527f358f547ea39261	4.0	5.0	2.0	2.0	2.0	8.0	1.0	11.0	4.0	0.0	7.0	3.0	10.0	4.0	8.0	18.0	0.0	5.0	3.0	12.0	9.0	1.0	3.0	7.0	4.0	15.0	11.0	13.0	1.0	0.0	10.0	2.0	1.0	0.0	7.0	2.0	3.0	3.0	12.0	11.0	2.0	6.0	0.0	12.0	1.0	1.0	4.0	6.0	0.0	31.0	10.0	2.0	4.0	0.0	1.0	6.0	10.0	5.0	1.0	0.0	0.0	3.0	0.0	8.0	1.0	13.0	3.0	3.0	6.0	4.0	0.0	19.0	10.0	6.0	1.0	3.0	2.0	5.0	0.0	11.0	0.0	7.0	17.0	0.0	2.0	0.0	4.0	0.0	4.0	2.0	8.0	5.0	3.0	0.0	1.0	3.0	7.0	9.0	3.0	0.0	51.0	1.0	0.0	5.0	0.0	4.0	0.0	8.0	24.0	0.0	2.0	10.0	2.0	4.0	13.0	3.0	6.0	3.0	12.0	0.0	4.0	1.0	3.0	9.0	9.0	6.0	7.0	0.0	13.0	0.0	9.0	17.0	25.0	2.0	1.0	6.0	9.0	4.0	4.0	3.0	3.0	4.0	1.0	2.0	30.0	8.0	10.0	45.0	23.0	4.0	11.0	0.0	4.0	0.0	0.0	0.0	7.0	1.0	13.0	12.0	6.0	6.0	5.0	6.0	15.0	4.0	15.0	1.0	1.0	3.0	0.0	5.0	8.0	0.0	61.0	3.0	0.0	1.0	10.0	11.0	3.0	13.0	1.0	12.0	2.0	3.0	1.0	0.0	1.0	4.0	1.0	0.0	8.0	8.0	28.0	6.0	36.0	4.0
552e00cb506f739acaf08aa5641f9d84	0.0	2.0	0.0	0.0	0.0	0.0	0.0	0.0	1.0	0.0	0.0	2.0	3.0	0.0	0.0	0.0	17.0	0.0	0.0	2.0	3.0	0.0	0.0	0.0	0.0	0.0	0.0	0.0	0.0	1.0	0.0	1.0	0.0	0.0	0.0	0.0	0.0	4.0	2.0	7.0	0.0	16.0	0.0	8.0	62.0	0.0	0.0	0.0	21.0	0.0	6.0	8.0	2.0	0.0	0.0	0.0	6.0	3.0	0.0	2.0	0.0	0.0	0.0	0.0	0.0	0.0	0.0	0.0	0.0	0.0	0.0	0.0	0.0	0.0	0.0	0.0	0.0	0.0	0.0	0.0	0.0	0.0	0.0	8.0	0.0	0.0	0.0	0.0	4.0	0.0	0.0	0.0	0.0	0.0	51.0	0.0	0.0	2.0	0.0	0.0	0.0	0.0	0.0	0.0	0.0	0.0	0.0	0.0	10.0	0.0	1.0	0.0	0.0	0.0	4.0	0.0	16.0	0.0	2.0	0.0	0.0	5.0	0.0	1.0	0.0	3.0	0.0	0.0	0.0	0.0	0.0	7.0	0.0	0.0	0.0	0.0	0.0	0.0	0.0	9.0	2.0	0.0	0.0	0.0	0.0	0.0	0.0	0.0	3.0	0.0	1.0	0.0	1.0	0.0	0.0	31.0	0.0	0.0	0.0	0.0	0.0	0.0	1.0	0.0	0.0	0.0	1.0	0.0	0.0	0.0	0.0	0.0	2.0	0.0	0.0	0.0	0.0	0.0	6.0	2.0	0.0	0.0	0.0	0.0	0.0	0.0	2.0	2.0	0.0	0.0	0.0	0.0	0.0	0.0	0.0	0.0	2.0	0.0
959d48a11e3b26c9268f0bd1dae6ec40	0.0	0.0	3.0	0.0	0.0	7.0	0.0	3.0	5.0	1.0	2.0	0.0	10.0	1.0	1.0	5.0	1.0	4.0	4.0	9.0	0.0	2.0	4.0	3.0	0.0	0.0	3.0	0.0	0.0	1.0	23.0	0.0	0.0	21.0	6.0	39.0	0.0	0.0	21.0	0.0	0.0	1.0	0.0	1.0	0.0	1.0	0.0	4.0	0.0	7.0	0.0	1.0	9.0	1.0	1.0	19.0	23.0	2.0	2.0	0.0	0.0	0.0	0.0	0.0	14.0	4.0	4.0	1.0	12.0	0.0	2.0	23.0	0.0	5.0	3.0	0.0	1.0	2.0	0.0	0.0	1.0	4.0	4.0	0.0	4.0	2.0	0.0	25.0	1.0	0.0	2.0	0.0	4.0	0.0	0.0	1.0	5.0	1.0	17.0	1.0	5.0	0.0	10.0	12.0	6.0	7.0	39.0	0.0	0.0	0.0	4.0	5.0	0.0	0.0	0.0	0.0	0.0	4.0	41.0	0.0	0.0	2.0	0.0	5.0	14.0	6.0	1.0	15.0	3.0	2.0	0.0	1.0	6.0	1.0	5.0	0.0	4.0	0.0	6.0	2.0	6.0	0.0	0.0	0.0	11.0	0.0	15.0	75.0	1.0	1.0	4.0	3.0	12.0	2.0	0.0	1.0	3.0	0.0	8.0	2.0	3.0	3.0	2.0	8.0	2.0	3.0	2.0	0.0	0.0	0.0	0.0	0.0	1.0	0.0	0.0	0.0	0.0	2.0	3.0	3.0	1.0	0.0	1.0	2.0	2.0	11.0	4.0	7.0	0.0	3.0	2.0	0.0	6.0	8.0	6.0	5.0	17.0	7.0
8bb5ff097e0707dca3fe5860af20f4a6	0.0	0.0	13.0	0.0	0.0	8.0	0.0	12.0	19.0	26.0	11.0	0.0	10.0	3.0	0.0	2.0	7.0	13.0	5.0	4.0	0.0	0.0	0.0	0.0	21.0	0.0	2.0	0.0	0.0	6.0	6.0	0.0	0.0	16.0	9.0	9.0	1.0	14.0	0.0	0.0	0.0	0.0	0.0	1.0	0.0	3.0	0.0	8.0	0.0	8.0	7.0	0.0	7.0	1.0	3.0	0.0	9.0	26.0	0.0	15.0	1.0	0.0	0.0	4.0	0.0	0.0	0.0	0.0	2.0	0.0	0.0	6.0	0.0	4.0	0.0	0.0	5.0	0.0	0.0	0.0	18.0	9.0	0.0	1.0	3.0	7.0	1.0	4.0	3.0	0.0	0.0	0.0	0.0	6.0	0.0	2.0	3.0	0.0	0.0	5.0	2.0	0.0	1.0	0.0	0.0	2.0	1.0	1.0	0.0	6.0	5.0	13.0	34.0	0.0	3.0	9.0	3.0	0.0	2.0	8.0	8.0	7.0	0.0	46.0	2.0	23.0	28.0	0.0	2.0	2.0	8.0	9.0	6.0	1.0	17.0	0.0	0.0	9.0	14.0	0.0	44.0	0.0	10.0	14.0	6.0	52.0	17.0	21.0	9.0	60.0	136.0	42.0	0.0	0.0	0.0	0.0	0.0	0.0	6.0	11.0	10.0	12.0	6.0	0.0	16.0	3.0	3.0	12.0	1.0	0.0	0.0	20.0	17.0	0.0	0.0	0.0	0.0	12.0	0.0	0.0	0.0	0.0	54.0	0.0	15.0	20.0	0.0	4.0	10.0	7.0	9.0	16.0	5.0	0.0	4.0	1.0	16.0	0.0
c942f59feffce9c3ab527135de234101	0.0	4.0	2.0	0.0	25.0	0.0	3.0	7.0	0.0	2.0	6.0	0.0	22.0	0.0	0.0	0.0	7.0	1.0	2.0	11.0	0.0	10.0	2.0	1.0	9.0	20.0	13.0	0.0	19.0	1.0	27.0	0.0	0.0	6.0	3.0	9.0	6.0	43.0	0.0	0.0	0.0	0.0	0.0	0.0	0.0	0.0	1.0	0.0	0.0	1.0	30.0	5.0	0.0	4.0	0.0	2.0	4.0	0.0	0.0	4.0	0.0	9.0	0.0	0.0	0.0	9.0	0.0	10.0	9.0	25.0	0.0	0.0	56.0	1.0	8.0	1.0	5.0	3.0	0.0	0.0	2.0	4.0	5.0	5.0	1.0	0.0	7.0	0.0	17.0	0.0	0.0	0.0	17.0	7.0	0.0	1.0	2.0	2.0	2.0	4.0	0.0	12.0	0.0	3.0	5.0	0.0	0.0	4.0	2.0	0.0	19.0	3.0	0.0	0.0	6.0	0.0	3.0	0.0	0.0	1.0	2.0	0.0	2.0	0.0	9.0	18.0	6.0	0.0	15.0	1.0	3.0	5.0	3.0	1.0	6.0	0.0	29.0	0.0	8.0	0.0	0.0	0.0	2.0	0.0	1.0	4.0	5.0	0.0	3.0	1.0	3.0	6.0	0.0	5.0	4.0	30.0	28.0	2.0	4.0	4.0	3.0	6.0	3.0	0.0	0.0	0.0	0.0	3.0	18.0	0.0	0.0	0.0	0.0	0.0	0.0	0.0	0.0	1.0	17.0	4.0	6.0	0.0	0.0	0.0	0.0	1.0	21.0	0.0	2.0	6.0	10.0	0.0	2.0	2.0	0.0	13.0	1.0	0.0
ca9dec36ad0aa5a1473144ddcb74951d	0.0	0.0	17.0	0.0	0.0	0.0	0.0	15.0	6.0	2.0	4.0	1.0	64.0	0.0	0.0	4.0	21.0	22.0	1.0	0.0	6.0	0.0	0.0	2.0	15.0	0.0	0.0	2.0	0.0	13.0	3.0	19.0	0.0	6.0	0.0	7.0	0.0	0.0	12.0	0.0	3.0	0.0	0.0	22.0	0.0	0.0	24.0	0.0	0.0	2.0	0.0	24.0	11.0	3.0	20.0	0.0	7.0	0.0	0.0	11.0	0.0	0.0	0.0	0.0	0.0	0.0	12.0	0.0	11.0	0.0	10.0	0.0	0.0	2.0	2.0	0.0	0.0	0.0	0.0	0.0	0.0	10.0	5.0	16.0	0.0	0.0	0.0	0.0	35.0	0.0	0.0	0.0	0.0	9.0	0.0	0.0	3.0	4.0	1.0	3.0	0.0	0.0	0.0	7.0	0.0	0.0	0.0	0.0	0.0	0.0	5.0	21.0	0.0	0.0	0.0	0.0	0.0	11.0	1.0	0.0	4.0	6.0	4.0	14.0	5.0	5.0	41.0	0.0	7.0	0.0	4.0	0.0	8.0	0.0	27.0	0.0	3.0	17.0	10.0	0.0	0.0	0.0	3.0	40.0	0.0	6.0	8.0	0.0	7.0	0.0	0.0	5.0	17.0	0.0	35.0	2.0	0.0	0.0	3.0	1.0	12.0	1.0	0.0	0.0	0.0	0.0	0.0	0.0	25.0	0.0	0.0	6.0	39.0	0.0	0.0	0.0	0.0	0.0	0.0	0.0	0.0	0.0	0.0	0.0	0.0	5.0	0.0	0.0	0.0	4.0	9.0	0.0	1.0	22.0	3.0	0.0	7.0	0.0
77ad88eed91eef009bf64f101c96baa6	7.0	6.0	5.0	3.0	2.0	0.0	0.0	0.0	0.0	3.0	0.0	0.0	1.0	24.0	0.0	0.0	0.0	0.0	5.0	7.0	9.0	2.0	6.0	0.0	0.0	5.0	0.0	7.0	15.0	0.0	14.0	11.0	8.0	0.0	0.0	0.0	7.0	0.0	0.0	4.0	2.0	0.0	0.0	15.0	8.0	3.0	3.0	0.0	3.0	0.0	6.0	0.0	3.0	15.0	1.0	0.0	6.0	0.0	0.0	2.0	8.0	36.0	0.0	59.0	0.0	2.0	0.0	3.0	1.0	5.0	44.0	0.0	5.0	9.0	27.0	12.0	0.0	0.0	0.0	39.0	0.0	6.0	2.0	3.0	0.0	11.0	0.0	0.0	0.0	0.0	4.0	16.0	0.0	2.0	9.0	15.0	3.0	17.0	0.0	0.0	110.0	17.0	0.0	1.0	0.0	22.0	0.0	0.0	16.0	0.0	12.0	7.0	0.0	0.0	17.0	0.0	0.0	5.0	0.0	0.0	3.0	0.0	0.0	0.0	8.0	0.0	17.0	0.0	0.0	1.0	0.0	4.0	1.0	0.0	56.0	4.0	12.0	0.0	3.0	0.0	0.0	12.0	0.0	0.0	0.0	0.0	13.0	16.0	6.0	2.0	0.0	0.0	0.0	4.0	1.0	4.0	0.0	1.0	0.0	15.0	0.0	16.0	5.0	0.0	2.0	0.0	12.0	36.0	13.0	0.0	15.0	6.0	0.0	0.0	4.0	0.0	0.0	2.0	0.0	20.0	2.0	1.0	2.0	2.0	0.0	23.0	25.0	2.0	11.0	1.0	0.0	0.0	0.0	0.0	8.0	7.0	0.0	0.0
59196a586276f0be745d0e334fc071c6	11.0	2.0	1.0	7.0	25.0	4.0	0.0	9.0	6.0	0.0	13.0	0.0	7.0	10.0	9.0	17.0	0.0	5.0	2.0	5.0	0.0	1.0	8.0	0.0	0.0	4.0	7.0	5.0	2.0	2.0	1.0	1.0	0.0	9.0	7.0	7.0	7.0	1.0	8.0	0.0	1.0	0.0	0.0	0.0	0.0	1.0	1.0	0.0	0.0	8.0	1.0	1.0	5.0	8.0	2.0	0.0	6.0	1.0	0.0	2.0	0.0	0.0	0.0	21.0	4.0	14.0	1.0	12.0	9.0	16.0	1.0	27.0	0.0	10.0	8.0	0.0	8.0	7.0	9.0	0.0	0.0	7.0	24.0	2.0	3.0	0.0	21.0	0.0	4.0	1.0	19.0	28.0	12.0	1.0	2.0	3.0	1.0	1.0	8.0	3.0	26.0	11.0	0.0	6.0	11.0	4.0	39.0	0.0	7.0	0.0	1.0	6.0	2.0	0.0	4.0	0.0	0.0	0.0	19.0	5.0	1.0	8.0	0.0	0.0	12.0	5.0	0.0	18.0	1.0	0.0	5.0	7.0	12.0	13.0	2.0	0.0	11.0	0.0	22.0	5.0	0.0	9.0	9.0	0.0	0.0	1.0	2.0	0.0	2.0	1.0	0.0	6.0	0.0	17.0	8.0	2.0	0.0	2.0	27.0	0.0	8.0	0.0	3.0	0.0	10.0	15.0	13.0	0.0	0.0	0.0	17.0	4.0	4.0	0.0	5.0	13.0	0.0	1.0	18.0	6.0	0.0	3.0	0.0	6.0	0.0	6.0	15.0	0.0	0.0	4.0	0.0	0.0	1.0	5.0	16.0	1.0	28.0	17.0
19cb3add28813b2bf3e1f40a000d33c2	0.0	1.0	0.0	0.0	0.0	0.0	0.0	0.0	43.0	3.0	1.0	0.0	0.0	0.0	0.0	0.0	0.0	8.0	0.0	0.0	6.0	0.0	2.0	6.0	0.0	0.0	0.0	5.0	0.0	0.0	6.0	12.0	49.0	2.0	24.0	0.0	0.0	0.0	3.0	0.0	0.0	0.0	0.0	1.0	0.0	0.0	4.0	0.0	0.0	2.0	0.0	0.0	1.0	0.0	7.0	0.0	0.0	0.0	0.0	1.0	0.0	0.0	0.0	0.0	0.0	1.0	24.0	0.0	6.0	0.0	0.0	3.0	0.0	0.0	0.0	0.0	0.0	0.0	0.0	5.0	0.0	9.0	4.0	2.0	0.0	7.0	0.0	0.0	48.0	2.0	4.0	0.0	0.0	0.0	0.0	0.0	0.0	25.0	1.0	0.0	5.0	0.0	0.0	8.0	2.0	0.0	0.0	0.0	0.0	0.0	0.0	27.0	1.0	3.0	0.0	0.0	0.0	0.0	0.0	0.0	9.0	0.0	0.0	0.0	0.0	4.0	17.0	0.0	1.0	0.0	0.0	0.0	4.0	0.0	25.0	0.0	1.0	0.0	1.0	13.0	0.0	0.0	0.0	10.0	31.0	1.0	5.0	3.0	12.0	1.0	0.0	14.0	0.0	0.0	64.0	12.0	7.0	0.0	0.0	0.0	0.0	0.0	43.0	0.0	0.0	0.0	7.0	0.0	0.0	2.0	0.0	9.0	0.0	18.0	5.0	0.0	0.0	0.0	0.0	0.0	0.0	0.0	1.0	0.0	0.0	0.0	0.0	0.0	0.0	4.0	0.0	8.0	32.0	0.0	34.0	0.0	7.0	8.0
a24dae6b87885a55d81df1ea6d1abaf5	0.0	4.0	4.0	6.0	0.0	3.0	0.0	0.0	0.0	2.0	0.0	15.0	0.0	0.0	0.0	1.0	19.0	3.0	2.0	2.0	0.0	0.0	0.0	2.0	0.0	0.0	0.0	1.0	2.0	22.0	10.0	10.0	12.0	7.0	0.0	0.0	0.0	2.0	0.0	0.0	1.0	14.0	0.0	1.0	0.0	2.0	2.0	0.0	0.0	0.0	7.0	6.0	5.0	0.0	11.0	5.0	0.0	4.0	0.0	0.0	1.0	0.0	0.0	0.0	0.0	0.0	2.0	0.0	0.0	0.0	0.0	1.0	0.0	0.0	29.0	2.0	0.0	0.0	6.0	0.0	8.0	4.0	0.0	0.0	1.0	10.0	0.0	0.0	0.0	0.0	0.0	0.0	0.0	1.0	2.0	0.0	0.0	8.0	0.0	0.0	0.0	0.0	0.0	0.0	2.0	0.0	0.0	2.0	0.0	0.0	2.0	0.0	2.0	7.0	5.0	13.0	3.0	11.0	0.0	0.0	6.0	3.0	0.0	5.0	19.0	2.0	8.0	0.0	1.0	0.0	6.0	13.0	4.0	0.0	5.0	0.0	0.0	0.0	23.0	0.0	0.0	0.0	0.0	15.0	0.0	0.0	3.0	7.0	0.0	3.0	4.0	11.0	1.0	1.0	1.0	2.0	0.0	0.0	0.0	1.0	0.0	0.0	14.0	0.0	0.0	0.0	0.0	8.0	0.0	0.0	0.0	0.0	0.0	0.0	1.0	0.0	0.0	0.0	0.0	1.0	3.0	0.0	5.0	0.0	0.0	1.0	1.0	0.0	5.0	0.0	8.0	9.0	0.0	1.0	0.0	3.0	18.0	0.0
fd1f139259c53276619476db0cc81913	19.0	0.0	0.0	0.0	10.0	0.0	0.0	0.0	0.0	0.0	0.0	29.0	0.0	0.0	46.0	0.0	0.0	0.0	2.0	2.0	0.0	4.0	0.0	0.0	0.0	1.0	0.0	0.0	8.0	0.0	0.0	0.0	29.0	0.0	5.0	1.0	5.0	0.0	0.0	0.0	0.0	3.0	3.0	0.0	8.0	1.0	0.0	0.0	0.0	0.0	0.0	0.0	0.0	0.0	0.0	0.0	0.0	0.0	0.0	0.0	12.0	87.0	17.0	4.0	7.0	0.0	0.0	1.0	0.0	2.0	22.0	1.0	18.0	0.0	0.0	0.0	9.0	5.0	2.0	5.0	0.0	0.0	5.0	0.0	1.0	0.0	3.0	6.0	0.0	2.0	2.0	43.0	21.0	0.0	0.0	0.0	8.0	0.0	0.0	0.0	18.0	9.0	29.0	2.0	0.0	9.0	4.0	55.0	0.0	23.0	0.0	0.0	0.0	2.0	0.0	10.0	2.0	0.0	0.0	10.0	0.0	1.0	3.0	0.0	0.0	0.0	1.0	0.0	0.0	0.0	2.0	15.0	0.0	6.0	0.0	11.0	0.0	0.0	0.0	0.0	0.0	22.0	0.0	0.0	6.0	0.0	0.0	11.0	0.0	0.0	0.0	2.0	0.0	0.0	0.0	5.0	1.0	0.0	0.0	0.0	0.0	0.0	0.0	3.0	2.0	9.0	0.0	1.0	0.0	32.0	3.0	0.0	0.0	17.0	0.0	12.0	106.0	1.0	42.0	0.0	0.0	1.0	0.0	6.0	0.0	0.0	5.0	2.0	1.0	0.0	0.0	0.0	0.0	1.0	16.0	8.0	0.0	0.0
cc968157f7691aab95df444e8cd103e2	1.0	5.0	5.0	0.0	0.0	6.0	0.0	0.0	3.0	1.0	1.0	0.0	0.0	0.0	0.0	2.0	17.0	6.0	3.0	15.0	0.0	9.0	1.0	2.0	0.0	0.0	0.0	4.0	1.0	3.0	5.0	15.0	3.0	5.0	5.0	1.0	1.0	1.0	0.0	0.0	0.0	4.0	0.0	0.0	0.0	1.0	1.0	0.0	8.0	0.0	10.0	10.0	1.0	3.0	9.0	0.0	2.0	1.0	0.0	2.0	2.0	0.0	0.0	0.0	2.0	5.0	4.0	0.0	31.0	0.0	2.0	0.0	13.0	0.0	8.0	3.0	1.0	2.0	1.0	1.0	1.0	0.0	0.0	5.0	2.0	2.0	0.0	0.0	2.0	1.0	0.0	0.0	0.0	3.0	0.0	0.0	3.0	2.0	1.0	1.0	0.0	0.0	0.0	2.0	4.0	2.0	0.0	2.0	0.0	0.0	2.0	0.0	5.0	2.0	2.0	0.0	12.0	3.0	6.0	0.0	2.0	3.0	2.0	9.0	7.0	5.0	6.0	0.0	0.0	1.0	6.0	10.0	0.0	5.0	2.0	0.0	0.0	0.0	0.0	4.0	2.0	0.0	5.0	0.0	0.0	2.0	5.0	1.0	6.0	7.0	1.0	2.0	1.0	3.0	2.0	7.0	0.0	2.0	0.0	1.0	3.0	0.0	4.0	9.0	5.0	0.0	1.0	7.0	2.0	1.0	0.0	1.0	3.0	0.0	4.0	0.0	0.0	3.0	1.0	3.0	4.0	16.0	2.0	2.0	0.0	3.0	9.0	8.0	2.0	0.0	0.0	8.0	0.0	2.0	2.0	3.0	2.0	4.0
fea3411c847e6627afb5e78b88e2e9af	1.0	2.0	0.0	2.0	4.0	17.0	5.0	4.0	11.0	0.0	2.0	6.0	0.0	2.0	24.0	0.0	0.0	1.0	1.0	2.0	5.0	17.0	0.0	2.0	0.0	15.0	7.0	1.0	3.0	3.0	1.0	0.0	7.0	0.0	1.0	8.0	19.0	3.0	2.0	0.0	0.0	5.0	3.0	4.0	0.0	3.0	0.0	5.0	9.0	0.0	3.0	0.0	0.0	2.0	0.0	0.0	7.0	7.0	1.0	0.0	0.0	2.0	0.0	9.0	25.0	9.0	0.0	1.0	19.0	0.0	11.0	2.0	21.0	2.0	0.0	2.0	2.0	3.0	3.0	0.0	0.0	4.0	1.0	7.0	9.0	1.0	2.0	24.0	11.0	0.0	1.0	29.0	33.0	0.0	12.0	17.0	13.0	0.0	4.0	6.0	17.0	7.0	3.0	5.0	1.0	1.0	3.0	5.0	0.0	13.0	2.0	5.0	0.0	6.0	0.0	4.0	5.0	0.0	17.0	10.0	0.0	1.0	0.0	2.0	0.0	5.0	8.0	0.0	4.0	0.0	0.0	10.0	4.0	4.0	4.0	11.0	0.0	0.0	0.0	0.0	0.0	27.0	0.0	0.0	14.0	0.0	0.0	10.0	3.0	1.0	0.0	0.0	0.0	0.0	0.0	0.0	14.0	5.0	4.0	1.0	2.0	1.0	1.0	6.0	14.0	10.0	0.0	0.0	1.0	23.0	14.0	3.0	0.0	11.0	3.0	8.0	15.0	1.0	12.0	0.0	1.0	22.0	0.0	7.0	0.0	0.0	0.0	0.0	1.0	2.0	1.0	0.0	10.0	7.0	25.0	3.0	9.0	2.0
74ec9fe6ffab4ecff6d5def74298a825	4.0	0.0	0.0	0.0	4.0	2.0	4.0	0.0	0.0	0.0	0.0	1.0	0.0	0.0	48.0	0.0	0.0	0.0	0.0	2.0	0.0	2.0	0.0	0.0	0.0	5.0	0.0	0.0	1.0	0.0	0.0	0.0	12.0	0.0	0.0	2.0	1.0	10.0	0.0	0.0	0.0	4.0	7.0	2.0	2.0	3.0	0.0	0.0	27.0	0.0	1.0	0.0	0.0	0.0	0.0	0.0	0.0	1.0	0.0	0.0	0.0	7.0	9.0	3.0	7.0	1.0	0.0	0.0	0.0	0.0	7.0	0.0	4.0	0.0	0.0	2.0	0.0	1.0	4.0	3.0	0.0	1.0	0.0	0.0	0.0	1.0	0.0	1.0	1.0	3.0	0.0	2.0	2.0	0.0	4.0	3.0	1.0	1.0	0.0	0.0	3.0	1.0	22.0	0.0	0.0	7.0	17.0	11.0	1.0	34.0	0.0	0.0	0.0	5.0	0.0	7.0	19.0	0.0	0.0	0.0	0.0	2.0	0.0	0.0	0.0	1.0	0.0	0.0	0.0	0.0	0.0	2.0	0.0	0.0	0.0	2.0	2.0	0.0	0.0	0.0	3.0	0.0	0.0	0.0	1.0	0.0	0.0	0.0	0.0	0.0	0.0	0.0	0.0	0.0	0.0	3.0	2.0	1.0	0.0	0.0	0.0	0.0	0.0	3.0	0.0	0.0	1.0	1.0	0.0	1.0	0.0	0.0	0.0	37.0	0.0	0.0	4.0	1.0	40.0	0.0	1.0	15.0	0.0	1.0	0.0	0.0	0.0	0.0	0.0	0.0	0.0	0.0	0.0	0.0	0.0	0.0	0.0	0.0
a3607a88a8ed64e24a374847b23e404f	0.0	0.0	6.0	0.0	0.0	2.0	2.0	1.0	0.0	0.0	3.0	0.0	18.0	1.0	3.0	10.0	1.0	3.0	0.0	0.0	3.0	25.0	3.0	0.0	0.0	4.0	10.0	6.0	0.0	2.0	3.0	0.0	0.0	7.0	0.0	0.0	5.0	0.0	4.0	5.0	0.0	0.0	3.0	0.0	0.0	1.0	0.0	0.0	24.0	3.0	0.0	4.0	8.0	0.0	0.0	3.0	0.0	4.0	0.0	0.0	0.0	0.0	0.0	0.0	0.0	0.0	1.0	19.0	2.0	0.0	3.0	0.0	0.0	4.0	0.0	0.0	4.0	1.0	0.0	0.0	2.0	0.0	4.0	0.0	12.0	0.0	0.0	10.0	1.0	0.0	11.0	0.0	3.0	1.0	80.0	0.0	8.0	0.0	1.0	8.0	2.0	0.0	0.0	3.0	0.0	0.0	9.0	0.0	0.0	0.0	2.0	0.0	0.0	3.0	1.0	0.0	3.0	0.0	13.0	0.0	0.0	7.0	5.0	12.0	0.0	1.0	4.0	0.0	1.0	5.0	0.0	0.0	0.0	6.0	1.0	0.0	4.0	4.0	4.0	0.0	3.0	0.0	2.0	3.0	0.0	6.0	0.0	10.0	5.0	1.0	3.0	2.0	0.0	1.0	1.0	32.0	0.0	0.0	5.0	0.0	2.0	0.0	1.0	0.0	5.0	16.0	0.0	8.0	2.0	9.0	0.0	10.0	4.0	0.0	4.0	7.0	0.0	1.0	20.0	8.0	0.0	4.0	1.0	10.0	0.0	2.0	11.0	0.0	0.0	1.0	1.0	0.0	2.0	0.0	6.0	4.0	6.0	5.0
b1f2146bef78066448576fceeb6b644b	0.0	9.0	0.0	0.0	54.0	2.0	0.0	7.0	11.0	2.0	13.0	0.0	9.0	0.0	0.0	0.0	1.0	0.0	0.0	71.0	0.0	20.0	6.0	0.0	9.0	0.0	0.0	4.0	4.0	2.0	4.0	0.0	34.0	4.0	0.0	7.0	13.0	0.0	0.0	0.0	0.0	1.0	0.0	5.0	0.0	0.0	1.0	0.0	0.0	0.0	8.0	0.0	1.0	3.0	2.0	0.0	13.0	3.0	0.0	1.0	0.0	0.0	0.0	11.0	0.0	0.0	1.0	5.0	0.0	0.0	7.0	0.0	5.0	4.0	0.0	4.0	5.0	0.0	0.0	0.0	1.0	8.0	0.0	3.0	0.0	0.0	0.0	0.0	4.0	0.0	0.0	0.0	13.0	3.0	9.0	0.0	0.0	0.0	0.0	0.0	2.0	59.0	0.0	6.0	4.0	0.0	30.0	0.0	0.0	0.0	3.0	11.0	1.0	2.0	1.0	0.0	0.0	0.0	4.0	6.0	0.0	2.0	2.0	0.0	1.0	4.0	5.0	0.0	8.0	6.0	9.0	21.0	3.0	1.0	0.0	0.0	4.0	4.0	2.0	6.0	2.0	0.0	5.0	0.0	2.0	0.0	8.0	0.0	5.0	0.0	1.0	1.0	0.0	0.0	1.0	0.0	0.0	3.0	8.0	1.0	0.0	0.0	4.0	0.0	15.0	22.0	0.0	8.0	0.0	0.0	0.0	1.0	5.0	0.0	20.0	21.0	0.0	14.0	0.0	0.0	2.0	9.0	0.0	8.0	0.0	0.0	2.0	0.0	0.0	5.0	5.0	0.0	4.0	24.0	0.0	7.0	11.0	0.0
9099a7f671b923c7b07c12508f17270a	10.0	0.0	0.0	0.0	0.0	1.0	3.0	0.0	0.0	0.0	0.0	7.0	0.0	0.0	4.0	0.0	0.0	0.0	0.0	1.0	0.0	0.0	0.0	0.0	0.0	0.0	10.0	0.0	0.0	0.0	0.0	0.0	2.0	0.0	0.0	0.0	0.0	4.0	5.0	0.0	0.0	1.0	4.0	6.0	0.0	6.0	0.0	0.0	11.0	0.0	3.0	0.0	0.0	0.0	0.0	0.0	1.0	0.0	1.0	0.0	0.0	0.0	4.0	8.0	1.0	3.0	1.0	1.0	0.0	0.0	11.0	3.0	0.0	3.0	0.0	0.0	0.0	3.0	0.0	0.0	0.0	0.0	4.0	0.0	9.0	0.0	0.0	5.0	0.0	3.0	0.0	17.0	2.0	0.0	1.0	2.0	1.0	1.0	0.0	0.0	1.0	8.0	28.0	0.0	0.0	4.0	0.0	1.0	5.0	4.0	1.0	0.0	1.0	2.0	0.0	3.0	16.0	0.0	0.0	5.0	0.0	2.0	0.0	0.0	0.0	1.0	0.0	1.0	3.0	0.0	0.0	5.0	0.0	1.0	1.0	2.0	0.0	0.0	4.0	4.0	0.0	2.0	0.0	0.0	2.0	0.0	0.0	6.0	1.0	0.0	0.0	0.0	1.0	0.0	0.0	0.0	0.0	14.0	0.0	0.0	0.0	0.0	0.0	4.0	0.0	2.0	7.0	1.0	0.0	0.0	1.0	0.0	0.0	0.0	0.0	1.0	3.0	1.0	1.0	0.0	2.0	1.0	0.0	0.0	1.0	0.0	0.0	0.0	1.0	0.0	0.0	0.0	0.0	1.0	0.0	0.0	0.0	0.0
de61860db8d93da85692dffb5cf32ab9	0.0	0.0	0.0	19.0	0.0	3.0	0.0	0.0	0.0	0.0	5.0	2.0	0.0	1.0	12.0	0.0	0.0	0.0	0.0	6.0	0.0	3.0	0.0	3.0	1.0	7.0	0.0	0.0	0.0	0.0	0.0	0.0	0.0	5.0	8.0	0.0	0.0	30.0	0.0	0.0	1.0	0.0	0.0	0.0	1.0	12.0	0.0	4.0	0.0	7.0	15.0	13.0	0.0	17.0	0.0	0.0	1.0	0.0	0.0	0.0	0.0	0.0	0.0	0.0	0.0	4.0	1.0	0.0	15.0	0.0	0.0	0.0	4.0	0.0	0.0	11.0	0.0	1.0	0.0	6.0	0.0	0.0	0.0	0.0	0.0	0.0	0.0	0.0	0.0	0.0	0.0	0.0	6.0	14.0	0.0	6.0	0.0	1.0	0.0	0.0	0.0	0.0	0.0	11.0	0.0	0.0	0.0	4.0	0.0	0.0	0.0	0.0	0.0	12.0	0.0	4.0	24.0	5.0	0.0	0.0	0.0	4.0	0.0	0.0	0.0	0.0	0.0	0.0	11.0	2.0	0.0	0.0	1.0	11.0	0.0	4.0	0.0	0.0	0.0	0.0	8.0	0.0	9.0	0.0	0.0	0.0	0.0	0.0	22.0	0.0	0.0	0.0	0.0	0.0	3.0	0.0	8.0	0.0	0.0	7.0	2.0	0.0	0.0	0.0	2.0	0.0	7.0	0.0	0.0	3.0	1.0	0.0	2.0	0.0	4.0	0.0	0.0	33.0	0.0	4.0	7.0	0.0	0.0	2.0	5.0	0.0	0.0	0.0	0.0	0.0	0.0	1.0	0.0	0.0	0.0	0.0	3.0	0.0
8720f9ecd2331ce68e2896df1bf2d977	0.0	0.0	2.0	0.0	0.0	3.0	0.0	0.0	0.0	0.0	5.0	0.0	4.0	2.0	0.0	0.0	2.0	1.0	0.0	5.0	0.0	2.0	0.0	0.0	0.0	0.0	1.0	0.0	0.0	1.0	6.0	0.0	0.0	2.0	0.0	0.0	7.0	0.0	0.0	0.0	1.0	0.0	3.0	3.0	0.0	1.0	3.0	4.0	67.0	17.0	0.0	4.0	2.0	3.0	4.0	0.0	23.0	5.0	0.0	0.0	0.0	20.0	0.0	12.0	9.0	3.0	8.0	3.0	2.0	0.0	0.0	0.0	0.0	0.0	0.0	0.0	4.0	0.0	3.0	0.0	1.0	1.0	2.0	4.0	2.0	0.0	2.0	11.0	4.0	0.0	6.0	0.0	0.0	1.0	0.0	8.0	0.0	2.0	9.0	0.0	0.0	23.0	0.0	1.0	4.0	0.0	10.0	10.0	0.0	0.0	0.0	6.0	0.0	0.0	2.0	0.0	0.0	1.0	17.0	6.0	1.0	0.0	0.0	0.0	7.0	3.0	1.0	1.0	5.0	0.0	0.0	0.0	38.0	7.0	2.0	1.0	6.0	0.0	3.0	0.0	0.0	2.0	6.0	0.0	11.0	2.0	2.0	0.0	0.0	4.0	0.0	0.0	0.0	0.0	3.0	2.0	0.0	2.0	2.0	0.0	5.0	1.0	0.0	0.0	0.0	0.0	0.0	0.0	3.0	0.0	0.0	0.0	1.0	0.0	5.0	0.0	0.0	9.0	0.0	0.0	0.0	7.0	0.0	3.0	1.0	3.0	0.0	0.0	2.0	7.0	0.0	0.0	0.0	7.0	3.0	0.0	5.0	0.0
2ae8a432208b85a14e86eb821c86ce2b	31.0	0.0	0.0	0.0	7.0	0.0	0.0	1.0	1.0	0.0	12.0	0.0	1.0	0.0	0.0	5.0	12.0	2.0	13.0	0.0	8.0	3.0	5.0	0.0	3.0	7.0	0.0	0.0	5.0	0.0	0.0	1.0	0.0	2.0	1.0	0.0	0.0	0.0	0.0	1.0	0.0	0.0	49.0	1.0	14.0	11.0	4.0	0.0	3.0	0.0	7.0	1.0	1.0	0.0	3.0	0.0	0.0	2.0	1.0	7.0	0.0	11.0	0.0	5.0	0.0	0.0	4.0	0.0	9.0	0.0	3.0	2.0	21.0	0.0	11.0	0.0	0.0	0.0	4.0	0.0	0.0	0.0	0.0	3.0	0.0	0.0	2.0	1.0	4.0	0.0	0.0	0.0	11.0	9.0	0.0	0.0	7.0	7.0	13.0	0.0	8.0	22.0	1.0	0.0	2.0	0.0	1.0	0.0	9.0	0.0	1.0	16.0	1.0	0.0	0.0	0.0	1.0	0.0	12.0	2.0	0.0	0.0	0.0	0.0	2.0	5.0	0.0	8.0	0.0	0.0	10.0	6.0	0.0	5.0	4.0	0.0	9.0	1.0	13.0	26.0	4.0	2.0	1.0	0.0	0.0	1.0	14.0	0.0	0.0	0.0	0.0	10.0	3.0	0.0	1.0	0.0	2.0	54.0	2.0	5.0	0.0	0.0	0.0	0.0	0.0	0.0	1.0	8.0	28.0	0.0	0.0	1.0	0.0	0.0	0.0	22.0	2.0	4.0	3.0	5.0	4.0	0.0	4.0	0.0	0.0	5.0	21.0	6.0	1.0	5.0	3.0	0.0	0.0	30.0	0.0	8.0	0.0	1.0
4c731267e801c2afe253b5cbb58bdd24	2.0	3.0	6.0	0.0	0.0	6.0	0.0	2.0	14.0	2.0	4.0	0.0	8.0	0.0	28.0	0.0	1.0	5.0	4.0	0.0	0.0	3.0	11.0	1.0	0.0	0.0	0.0	0.0	0.0	2.0	4.0	0.0	0.0	3.0	0.0	4.0	3.0	4.0	8.0	11.0	1.0	0.0	1.0	0.0	0.0	4.0	0.0	11.0	0.0	5.0	5.0	3.0	3.0	2.0	3.0	0.0	7.0	1.0	0.0	0.0	0.0	0.0	0.0	0.0	1.0	3.0	1.0	4.0	0.0	0.0	0.0	13.0	62.0	1.0	2.0	0.0	3.0	3.0	0.0	0.0	0.0	0.0	16.0	7.0	0.0	3.0	13.0	23.0	8.0	0.0	0.0	0.0	0.0	4.0	1.0	0.0	5.0	5.0	16.0	1.0	19.0	4.0	0.0	1.0	0.0	10.0	0.0	0.0	0.0	0.0	2.0	5.0	1.0	0.0	5.0	1.0	2.0	1.0	5.0	1.0	2.0	0.0	6.0	0.0	18.0	4.0	3.0	9.0	16.0	1.0	5.0	0.0	0.0	15.0	5.0	0.0	4.0	0.0	7.0	6.0	0.0	7.0	4.0	1.0	0.0	3.0	2.0	0.0	0.0	2.0	0.0	1.0	2.0	0.0	0.0	2.0	0.0	11.0	10.0	0.0	7.0	0.0	4.0	0.0	12.0	0.0	6.0	13.0	4.0	3.0	15.0	3.0	6.0	0.0	15.0	0.0	0.0	5.0	0.0	0.0	0.0	0.0	3.0	0.0	29.0	6.0	3.0	0.0	0.0	4.0	0.0	0.0	4.0	5.0	17.0	4.0	4.0	6.0
bda6b6e7da7508c68057140e7bd6cd8d	0.0	0.0	0.0	0.0	0.0	0.0	0.0	0.0	0.0	3.0	0.0	0.0	0.0	0.0	0.0	0.0	27.0	0.0	0.0	0.0	12.0	0.0	0.0	0.0	10.0	1.0	0.0	0.0	0.0	5.0	1.0	5.0	0.0	8.0	13.0	1.0	0.0	0.0	0.0	0.0	4.0	23.0	0.0	0.0	0.0	0.0	0.0	0.0	0.0	15.0	0.0	30.0	2.0	0.0	10.0	0.0	2.0	39.0	0.0	2.0	0.0	0.0	0.0	0.0	0.0	0.0	1.0	0.0	0.0	0.0	0.0	0.0	0.0	0.0	0.0	0.0	0.0	54.0	0.0	1.0	0.0	2.0	0.0	1.0	0.0	0.0	0.0	0.0	1.0	0.0	0.0	0.0	0.0	0.0	0.0	0.0	0.0	0.0	0.0	9.0	0.0	0.0	0.0	0.0	1.0	0.0	0.0	0.0	0.0	0.0	5.0	17.0	0.0	26.0	1.0	0.0	0.0	11.0	0.0	3.0	0.0	2.0	0.0	0.0	0.0	0.0	41.0	0.0	0.0	0.0	0.0	0.0	0.0	0.0	0.0	0.0	0.0	0.0	1.0	0.0	24.0	0.0	13.0	0.0	0.0	4.0	1.0	0.0	0.0	2.0	0.0	9.0	20.0	0.0	0.0	0.0	0.0	0.0	3.0	9.0	1.0	1.0	57.0	0.0	6.0	0.0	0.0	0.0	0.0	0.0	0.0	24.0	4.0	0.0	18.0	0.0	0.0	0.0	0.0	0.0	0.0	0.0	56.0	0.0	0.0	0.0	0.0	0.0	0.0	1.0	27.0	27.0	33.0	0.0	7.0	0.0	2.0	0.0
447b9d6a5c17543a456c597e65b37139	14.0	1.0	1.0	3.0	22.0	12.0	0.0	15.0	5.0	0.0	7.0	0.0	6.0	0.0	0.0	9.0	0.0	11.0	11.0	0.0	7.0	6.0	12.0	1.0	0.0	0.0	0.0	2.0	1.0	0.0	5.0	1.0	0.0	7.0	9.0	21.0	5.0	3.0	22.0	4.0	0.0	1.0	0.0	4.0	0.0	0.0	1.0	7.0	0.0	15.0	0.0	6.0	2.0	0.0	0.0	2.0	2.0	1.0	0.0	2.0	3.0	34.0	0.0	5.0	0.0	0.0	5.0	3.0	4.0	0.0	3.0	2.0	7.0	3.0	1.0	0.0	0.0	0.0	7.0	0.0	1.0	12.0	30.0	0.0	0.0	0.0	0.0	0.0	1.0	1.0	5.0	22.0	8.0	1.0	0.0	7.0	15.0	7.0	23.0	0.0	0.0	17.0	6.0	5.0	4.0	7.0	51.0	0.0	1.0	0.0	2.0	0.0	0.0	4.0	0.0	2.0	0.0	0.0	0.0	0.0	3.0	7.0	3.0	0.0	3.0	7.0	1.0	0.0	5.0	8.0	8.0	2.0	13.0	12.0	5.0	8.0	3.0	0.0	0.0	2.0	1.0	0.0	2.0	0.0	16.0	2.0	1.0	4.0	5.0	0.0	0.0	0.0	1.0	0.0	5.0	0.0	0.0	0.0	5.0	0.0	2.0	0.0	1.0	5.0	0.0	0.0	0.0	0.0	6.0	21.0	11.0	4.0	0.0	0.0	0.0	0.0	0.0	12.0	35.0	19.0	0.0	0.0	4.0	1.0	0.0	0.0	5.0	0.0	0.0	3.0	2.0	0.0	5.0	4.0	7.0	5.0	11.0	16.0
4311a44a7d56ce4086afad3e75bedd6e	0.0	1.0	1.0	0.0	9.0	2.0	2.0	2.0	0.0	0.0	0.0	7.0	1.0	2.0	26.0	0.0	3.0	1.0	1.0	5.0	0.0	19.0	0.0	0.0	2.0	3.0	2.0	0.0	13.0	0.0	0.0	0.0	20.0	0.0	0.0	0.0	3.0	4.0	0.0	0.0	0.0	6.0	1.0	1.0	4.0	3.0	0.0	0.0	1.0	0.0	3.0	0.0	0.0	2.0	0.0	0.0	3.0	0.0	0.0	0.0	0.0	2.0	62.0	1.0	0.0	1.0	2.0	2.0	6.0	0.0	5.0	1.0	4.0	0.0	0.0	1.0	1.0	1.0	1.0	2.0	2.0	0.0	2.0	0.0	4.0	0.0	0.0	4.0	2.0	2.0	1.0	2.0	26.0	0.0	9.0	2.0	10.0	0.0	0.0	2.0	0.0	0.0	18.0	1.0	3.0	0.0	0.0	6.0	3.0	4.0	1.0	4.0	0.0	5.0	3.0	5.0	0.0	1.0	1.0	1.0	0.0	2.0	3.0	0.0	1.0	0.0	0.0	0.0	0.0	0.0	1.0	4.0	0.0	1.0	3.0	5.0	0.0	0.0	0.0	1.0	0.0	3.0	1.0	1.0	4.0	0.0	1.0	3.0	1.0	1.0	1.0	3.0	1.0	0.0	0.0	5.0	0.0	1.0	0.0	1.0	1.0	0.0	2.0	1.0	1.0	1.0	5.0	0.0	2.0	1.0	1.0	0.0	3.0	0.0	2.0	7.0	7.0	1.0	3.0	3.0	1.0	25.0	1.0	3.0	0.0	0.0	5.0	0.0	1.0	0.0	0.0	2.0	1.0	0.0	0.0	0.0	2.0	0.0
8ce931b0c99ad5ed648c25483c1ca492	0.0	0.0	0.0	0.0	1.0	0.0	0.0	0.0	0.0	0.0	0.0	2.0	0.0	0.0	2.0	0.0	0.0	0.0	0.0	20.0	0.0	0.0	0.0	0.0	0.0	0.0	0.0	0.0	0.0	0.0	0.0	0.0	25.0	0.0	0.0	0.0	0.0	2.0	0.0	0.0	0.0	0.0	2.0	0.0	1.0	0.0	0.0	0.0	12.0	0.0	0.0	0.0	0.0	0.0	0.0	0.0	0.0	0.0	70.0	0.0	3.0	1.0	4.0	0.0	10.0	0.0	0.0	0.0	0.0	0.0	6.0	0.0	10.0	0.0	0.0	4.0	0.0	3.0	0.0	5.0	0.0	0.0	0.0	0.0	0.0	0.0	0.0	4.0	0.0	1.0	0.0	0.0	1.0	0.0	0.0	0.0	6.0	0.0	0.0	0.0	0.0	0.0	4.0	0.0	0.0	7.0	14.0	7.0	1.0	13.0	0.0	0.0	0.0	0.0	2.0	2.0	1.0	2.0	0.0	0.0	0.0	0.0	4.0	0.0	0.0	0.0	0.0	0.0	2.0	0.0	0.0	0.0	0.0	0.0	0.0	12.0	0.0	0.0	0.0	0.0	0.0	2.0	0.0	3.0	0.0	0.0	0.0	1.0	0.0	0.0	0.0	0.0	0.0	0.0	0.0	0.0	0.0	0.0	0.0	0.0	0.0	0.0	0.0	1.0	0.0	15.0	0.0	0.0	0.0	2.0	0.0	0.0	0.0	11.0	2.0	9.0	34.0	1.0	10.0	0.0	0.0	21.0	0.0	1.0	0.0	0.0	2.0	0.0	0.0	0.0	0.0	0.0	0.0	0.0	0.0	0.0	0.0	1.0
877f27b47c85f6b2d3cf8a6aa86def40	0.0	0.0	0.0	0.0	0.0	0.0	0.0	0.0	13.0	0.0	0.0	0.0	4.0	0.0	0.0	5.0	33.0	0.0	0.0	0.0	0.0	0.0	0.0	0.0	6.0	0.0	0.0	0.0	0.0	0.0	7.0	3.0	0.0	34.0	0.0	1.0	0.0	15.0	0.0	0.0	0.0	0.0	0.0	0.0	0.0	0.0	0.0	0.0	1.0	0.0	8.0	13.0	0.0	18.0	2.0	0.0	4.0	5.0	0.0	2.0	0.0	0.0	0.0	0.0	0.0	2.0	0.0	0.0	0.0	0.0	0.0	0.0	0.0	3.0	0.0	0.0	2.0	24.0	0.0	0.0	0.0	0.0	0.0	1.0	0.0	0.0	0.0	0.0	3.0	0.0	0.0	0.0	0.0	2.0	0.0	1.0	2.0	0.0	0.0	14.0	0.0	0.0	0.0	0.0	8.0	1.0	0.0	0.0	0.0	0.0	0.0	55.0	0.0	0.0	2.0	0.0	1.0	0.0	0.0	0.0	0.0	4.0	2.0	0.0	5.0	0.0	0.0	0.0	0.0	0.0	11.0	4.0	0.0	0.0	2.0	0.0	4.0	0.0	1.0	0.0	0.0	0.0	0.0	4.0	0.0	25.0	0.0	0.0	1.0	0.0	0.0	0.0	0.0	0.0	0.0	2.0	0.0	0.0	7.0	0.0	4.0	5.0	0.0	0.0	0.0	0.0	1.0	0.0	0.0	0.0	0.0	14.0	6.0	0.0	0.0	0.0	0.0	2.0	0.0	0.0	0.0	0.0	0.0	0.0	0.0	1.0	0.0	0.0	0.0	0.0	5.0	0.0	3.0	7.0	0.0	0.0	0.0	0.0
6a17479edbe461431433bddb084f731e	7.0	0.0	0.0	9.0	3.0	2.0	0.0	0.0	0.0	0.0	9.0	0.0	0.0	22.0	0.0	3.0	0.0	1.0	40.0	26.0	4.0	0.0	0.0	0.0	0.0	0.0	0.0	8.0	14.0	0.0	2.0	0.0	0.0	0.0	0.0	1.0	0.0	6.0	0.0	15.0	8.0	0.0	0.0	14.0	0.0	0.0	0.0	0.0	0.0	3.0	1.0	9.0	0.0	0.0	0.0	4.0	2.0	0.0	0.0	0.0	7.0	0.0	0.0	0.0	22.0	1.0	4.0	0.0	0.0	167.0	0.0	0.0	0.0	3.0	0.0	0.0	2.0	0.0	0.0	0.0	8.0	0.0	0.0	0.0	0.0	0.0	23.0	0.0	0.0	0.0	0.0	0.0	0.0	2.0	0.0	0.0	4.0	4.0	0.0	0.0	0.0	0.0	0.0	30.0	15.0	1.0	0.0	0.0	0.0	30.0	0.0	0.0	0.0	0.0	2.0	0.0	0.0	2.0	0.0	0.0	3.0	11.0	4.0	0.0	0.0	4.0	0.0	0.0	5.0	0.0	0.0	0.0	0.0	30.0	2.0	0.0	0.0	0.0	0.0	1.0	0.0	0.0	0.0	3.0	1.0	0.0	0.0	5.0	4.0	0.0	1.0	0.0	1.0	0.0	4.0	0.0	16.0	24.0	0.0	0.0	1.0	10.0	1.0	0.0	0.0	0.0	0.0	13.0	1.0	12.0	37.0	0.0	0.0	0.0	2.0	3.0	7.0	0.0	0.0	0.0	14.0	1.0	7.0	0.0	0.0	0.0	0.0	3.0	0.0	1.0	0.0	0.0	0.0	1.0	0.0	0.0	0.0	0.0
39bb3fb5b2257fd2eacca408dc42c5d1	0.0	0.0	2.0	0.0	0.0	4.0	0.0	9.0	4.0	0.0	9.0	0.0	2.0	0.0	0.0	5.0	0.0	8.0	0.0	0.0	0.0	12.0	4.0	3.0	0.0	9.0	0.0	0.0	0.0	1.0	7.0	1.0	0.0	6.0	7.0	10.0	0.0	0.0	0.0	0.0	3.0	0.0	0.0	1.0	4.0	0.0	1.0	6.0	0.0	5.0	0.0	0.0	2.0	1.0	4.0	0.0	7.0	0.0	0.0	0.0	0.0	0.0	0.0	0.0	0.0	0.0	1.0	5.0	6.0	0.0	0.0	12.0	0.0	8.0	3.0	0.0	0.0	7.0	0.0	39.0	2.0	0.0	0.0	0.0	0.0	1.0	1.0	0.0	4.0	0.0	0.0	6.0	0.0	2.0	0.0	0.0	4.0	0.0	0.0	6.0	11.0	10.0	0.0	5.0	0.0	1.0	0.0	0.0	14.0	0.0	1.0	4.0	3.0	1.0	4.0	3.0	0.0	4.0	1.0	2.0	0.0	0.0	0.0	0.0	14.0	2.0	4.0	7.0	7.0	0.0	7.0	3.0	26.0	0.0	0.0	0.0	3.0	0.0	9.0	0.0	0.0	0.0	1.0	0.0	0.0	0.0	3.0	0.0	0.0	0.0	0.0	5.0	0.0	0.0	0.0	0.0	0.0	0.0	14.0	1.0	0.0	0.0	5.0	0.0	18.0	0.0	5.0	8.0	15.0	0.0	0.0	3.0	0.0	0.0	0.0	8.0	0.0	9.0	25.0	0.0	0.0	0.0	0.0	0.0	0.0	0.0	7.0	10.0	0.0	4.0	1.0	0.0	1.0	16.0	17.0	14.0	4.0	2.0
399bcf0feb12a20ca0731d8d65268dae	0.0	0.0	0.0	0.0	0.0	0.0	0.0	0.0	0.0	0.0	1.0	0.0	1.0	0.0	32.0	0.0	11.0	0.0	1.0	2.0	0.0	2.0	1.0	0.0	0.0	0.0	0.0	0.0	0.0	4.0	0.0	0.0	0.0	3.0	0.0	0.0	0.0	0.0	0.0	0.0	0.0	0.0	0.0	0.0	0.0	0.0	0.0	0.0	0.0	0.0	0.0	5.0	0.0	0.0	0.0	0.0	6.0	0.0	0.0	0.0	0.0	0.0	0.0	1.0	0.0	23.0	0.0	10.0	1.0	0.0	0.0	27.0	0.0	0.0	0.0	23.0	0.0	0.0	0.0	0.0	0.0	0.0	0.0	0.0	0.0	0.0	0.0	0.0	0.0	0.0	0.0	0.0	0.0	0.0	8.0	4.0	13.0	0.0	3.0	0.0	0.0	0.0	0.0	1.0	0.0	0.0	0.0	1.0	0.0	0.0	1.0	0.0	0.0	0.0	1.0	0.0	3.0	5.0	0.0	0.0	0.0	3.0	0.0	2.0	0.0	8.0	1.0	0.0	7.0	27.0	0.0	2.0	0.0	0.0	0.0	0.0	0.0	0.0	0.0	11.0	0.0	0.0	1.0	0.0	28.0	0.0	0.0	0.0	14.0	0.0	16.0	0.0	0.0	0.0	2.0	0.0	0.0	3.0	0.0	0.0	0.0	0.0	0.0	4.0	0.0	0.0	7.0	4.0	1.0	0.0	0.0	0.0	0.0	0.0	0.0	0.0	0.0	0.0	5.0	16.0	3.0	16.0	0.0	0.0	2.0	0.0	0.0	0.0	0.0	1.0	0.0	1.0	0.0	0.0	0.0	0.0	0.0	2.0
58df89090206b56c52bfffa4b97f4d5d	0.0	1.0	0.0	0.0	7.0	0.0	0.0	0.0	0.0	0.0	0.0	3.0	0.0	0.0	25.0	0.0	0.0	0.0	0.0	23.0	0.0	0.0	0.0	0.0	0.0	0.0	2.0	0.0	4.0	1.0	0.0	0.0	8.0	0.0	0.0	0.0	0.0	0.0	0.0	2.0	0.0	13.0	0.0	0.0	44.0	0.0	0.0	0.0	0.0	2.0	0.0	0.0	0.0	0.0	0.0	0.0	0.0	0.0	0.0	0.0	0.0	14.0	0.0	0.0	0.0	0.0	0.0	0.0	1.0	0.0	8.0	5.0	6.0	0.0	0.0	0.0	0.0	0.0	0.0	20.0	0.0	0.0	0.0	0.0	0.0	0.0	2.0	50.0	0.0	0.0	0.0	10.0	34.0	1.0	0.0	1.0	0.0	0.0	0.0	0.0	6.0	0.0	23.0	0.0	0.0	6.0	10.0	0.0	0.0	19.0	0.0	0.0	0.0	0.0	0.0	0.0	3.0	0.0	0.0	0.0	0.0	0.0	0.0	2.0	2.0	0.0	0.0	0.0	0.0	2.0	0.0	4.0	0.0	1.0	0.0	0.0	0.0	1.0	0.0	0.0	0.0	0.0	0.0	0.0	0.0	0.0	0.0	25.0	0.0	0.0	0.0	1.0	2.0	0.0	0.0	0.0	3.0	0.0	0.0	0.0	0.0	2.0	0.0	9.0	7.0	3.0	1.0	4.0	0.0	0.0	1.0	0.0	0.0	11.0	0.0	5.0	24.0	0.0	82.0	6.0	0.0	7.0	0.0	3.0	0.0	2.0	3.0	0.0	0.0	0.0	0.0	0.0	0.0	0.0	0.0	0.0	0.0	5.0
30207d209491dfb7de83344e77fd6fbd	0.0	0.0	0.0	0.0	0.0	0.0	0.0	0.0	3.0	0.0	8.0	0.0	11.0	0.0	0.0	10.0	6.0	0.0	2.0	0.0	5.0	0.0	0.0	0.0	3.0	0.0	0.0	2.0	0.0	0.0	4.0	0.0	0.0	3.0	0.0	0.0	0.0	0.0	4.0	0.0	4.0	3.0	0.0	4.0	0.0	11.0	5.0	0.0	0.0	7.0	0.0	0.0	8.0	3.0	5.0	0.0	0.0	4.0	0.0	0.0	0.0	0.0	0.0	0.0	0.0	11.0	4.0	0.0	9.0	0.0	0.0	12.0	0.0	4.0	8.0	0.0	0.0	0.0	0.0	0.0	3.0	1.0	1.0	0.0	0.0	0.0	1.0	0.0	3.0	0.0	0.0	0.0	0.0	5.0	0.0	9.0	8.0	2.0	0.0	0.0	0.0	0.0	0.0	1.0	1.0	0.0	0.0	0.0	0.0	0.0	17.0	8.0	0.0	0.0	7.0	0.0	0.0	4.0	4.0	0.0	3.0	1.0	3.0	0.0	0.0	6.0	11.0	1.0	4.0	0.0	16.0	10.0	19.0	0.0	7.0	0.0	0.0	0.0	5.0	0.0	0.0	0.0	5.0	0.0	0.0	2.0	0.0	0.0	0.0	11.0	0.0	6.0	0.0	0.0	1.0	1.0	0.0	0.0	0.0	5.0	16.0	1.0	0.0	0.0	15.0	0.0	0.0	3.0	7.0	0.0	0.0	5.0	8.0	0.0	0.0	0.0	0.0	0.0	0.0	9.0	0.0	0.0	2.0	0.0	1.0	10.0	0.0	2.0	0.0	4.0	3.0	4.0	0.0	11.0	4.0	0.0	14.0	0.0
3b092a59cd0e2d57483420cc994ec49c	0.0	0.0	52.0	0.0	2.0	0.0	0.0	0.0	0.0	0.0	0.0	0.0	7.0	0.0	0.0	0.0	26.0	0.0	1.0	0.0	6.0	1.0	0.0	0.0	10.0	0.0	0.0	0.0	0.0	0.0	4.0	1.0	0.0	0.0	1.0	0.0	0.0	0.0	0.0	0.0	0.0	0.0	9.0	0.0	0.0	1.0	7.0	0.0	0.0	2.0	3.0	0.0	25.0	7.0	2.0	0.0	2.0	3.0	1.0	1.0	0.0	1.0	1.0	0.0	0.0	0.0	0.0	0.0	11.0	0.0	0.0	0.0	1.0	1.0	10.0	0.0	20.0	0.0	1.0	0.0	0.0	0.0	0.0	0.0	0.0	0.0	0.0	5.0	1.0	0.0	3.0	0.0	113.0	0.0	3.0	0.0	3.0	1.0	15.0	0.0	9.0	12.0	0.0	9.0	0.0	4.0	0.0	0.0	1.0	0.0	0.0	0.0	0.0	0.0	2.0	1.0	1.0	3.0	14.0	0.0	2.0	0.0	2.0	0.0	16.0	4.0	6.0	7.0	2.0	0.0	7.0	0.0	4.0	3.0	0.0	0.0	0.0	0.0	59.0	8.0	0.0	4.0	0.0	0.0	0.0	3.0	23.0	0.0	7.0	4.0	1.0	17.0	1.0	0.0	0.0	0.0	2.0	16.0	0.0	0.0	6.0	0.0	15.0	0.0	0.0	0.0	6.0	129.0	6.0	0.0	0.0	6.0	0.0	0.0	0.0	7.0	0.0	4.0	0.0	0.0	0.0	0.0	0.0	0.0	0.0	47.0	8.0	1.0	13.0	0.0	0.0	0.0	0.0	86.0	0.0	1.0	0.0	3.0
686d42b9552375c3b61301ae5605e3a2	0.0	0.0	1.0	0.0	0.0	0.0	0.0	0.0	4.0	0.0	0.0	0.0	0.0	0.0	0.0	6.0	10.0	0.0	0.0	8.0	0.0	3.0	0.0	7.0	3.0	4.0	2.0	3.0	0.0	1.0	8.0	5.0	0.0	0.0	4.0	0.0	0.0	5.0	4.0	0.0	0.0	15.0	0.0	4.0	0.0	0.0	0.0	0.0	1.0	2.0	7.0	7.0	0.0	0.0	0.0	5.0	12.0	2.0	1.0	0.0	0.0	0.0	0.0	0.0	0.0	0.0	0.0	10.0	0.0	0.0	0.0	5.0	0.0	0.0	0.0	0.0	0.0	5.0	0.0	0.0	2.0	1.0	0.0	0.0	5.0	0.0	0.0	0.0	11.0	0.0	0.0	0.0	2.0	0.0	4.0	0.0	0.0	0.0	0.0	0.0	0.0	0.0	0.0	0.0	5.0	0.0	0.0	0.0	3.0	0.0	0.0	0.0	4.0	4.0	0.0	7.0	0.0	0.0	0.0	0.0	0.0	0.0	4.0	0.0	0.0	6.0	0.0	0.0	7.0	0.0	0.0	3.0	0.0	1.0	3.0	0.0	0.0	0.0	3.0	4.0	7.0	0.0	0.0	0.0	2.0	5.0	0.0	9.0	0.0	2.0	8.0	0.0	1.0	0.0	0.0	0.0	0.0	0.0	0.0	0.0	0.0	2.0	3.0	19.0	0.0	2.0	0.0	3.0	0.0	0.0	0.0	6.0	2.0	0.0	2.0	0.0	0.0	0.0	0.0	0.0	0.0	0.0	0.0	4.0	0.0	0.0	0.0	0.0	0.0	0.0	2.0	0.0	4.0	2.0	0.0	0.0	1.0	3.0
a650f349bbdffb95b3624519d1ba72b8	0.0	0.0	1.0	0.0	0.0	0.0	0.0	0.0	1.0	0.0	0.0	0.0	15.0	0.0	0.0	2.0	3.0	0.0	0.0	0.0	6.0	1.0	1.0	0.0	2.0	0.0	0.0	0.0	0.0	0.0	3.0	0.0	0.0	0.0	0.0	10.0	0.0	1.0	0.0	1.0	0.0	3.0	3.0	0.0	50.0	11.0	0.0	0.0	26.0	1.0	0.0	4.0	0.0	0.0	0.0	0.0	1.0	21.0	0.0	0.0	0.0	2.0	1.0	0.0	1.0	9.0	0.0	0.0	0.0	0.0	0.0	7.0	3.0	0.0	0.0	0.0	0.0	1.0	0.0	1.0	0.0	4.0	1.0	3.0	7.0	0.0	16.0	0.0	0.0	0.0	0.0	0.0	9.0	0.0	14.0	0.0	0.0	0.0	0.0	0.0	0.0	0.0	14.0	0.0	0.0	0.0	1.0	0.0	3.0	0.0	0.0	0.0	0.0	0.0	3.0	1.0	2.0	0.0	0.0	1.0	0.0	0.0	69.0	0.0	12.0	2.0	0.0	0.0	9.0	0.0	0.0	5.0	0.0	0.0	8.0	0.0	1.0	0.0	1.0	4.0	0.0	3.0	1.0	0.0	0.0	1.0	2.0	0.0	0.0	0.0	0.0	0.0	0.0	0.0	0.0	10.0	1.0	0.0	2.0	2.0	3.0	0.0	0.0	0.0	0.0	0.0	0.0	0.0	0.0	0.0	1.0	2.0	3.0	1.0	2.0	1.0	0.0	1.0	2.0	0.0	0.0	0.0	0.0	0.0	0.0	0.0	3.0	3.0	0.0	3.0	2.0	0.0	0.0	0.0	0.0	1.0	0.0	0.0
218a6324d16b842a38c70f1088a7c8b0	3.0	0.0	0.0	2.0	0.0	0.0	0.0	0.0	0.0	0.0	0.0	0.0	0.0	0.0	9.0	0.0	0.0	0.0	4.0	3.0	0.0	3.0	0.0	0.0	0.0	0.0	0.0	1.0	9.0	3.0	2.0	4.0	3.0	0.0	0.0	0.0	0.0	2.0	5.0	1.0	0.0	4.0	0.0	0.0	0.0	0.0	0.0	0.0	0.0	0.0	0.0	0.0	0.0	2.0	0.0	0.0	0.0	0.0	0.0	0.0	2.0	3.0	0.0	0.0	0.0	1.0	2.0	0.0	0.0	0.0	0.0	3.0	8.0	0.0	0.0	0.0	0.0	1.0	0.0	0.0	2.0	0.0	0.0	0.0	0.0	0.0	0.0	0.0	0.0	0.0	0.0	0.0	0.0	0.0	0.0	0.0	0.0	0.0	0.0	0.0	0.0	0.0	0.0	2.0	0.0	0.0	0.0	0.0	0.0	4.0	0.0	0.0	0.0	4.0	0.0	0.0	2.0	0.0	0.0	0.0	0.0	0.0	0.0	1.0	0.0	0.0	0.0	0.0	0.0	3.0	0.0	3.0	0.0	3.0	0.0	2.0	0.0	0.0	0.0	12.0	2.0	0.0	2.0	1.0	0.0	0.0	4.0	4.0	0.0	5.0	0.0	0.0	0.0	0.0	0.0	0.0	0.0	0.0	0.0	0.0	0.0	0.0	1.0	35.0	2.0	1.0	0.0	0.0	0.0	0.0	0.0	0.0	0.0	0.0	0.0	0.0	4.0	1.0	0.0	0.0	0.0	18.0	1.0	0.0	0.0	2.0	0.0	14.0	0.0	0.0	0.0	0.0	5.0	0.0	0.0	0.0	1.0	1.0
1a389bf765c8ff0f92600f684fbe7ad7	0.0	0.0	0.0	0.0	0.0	0.0	0.0	0.0	0.0	0.0	4.0	0.0	11.0	0.0	0.0	1.0	2.0	0.0	3.0	0.0	0.0	0.0	0.0	0.0	0.0	0.0	0.0	0.0	0.0	4.0	13.0	0.0	0.0	0.0	2.0	0.0	0.0	0.0	0.0	0.0	0.0	0.0	0.0	20.0	0.0	1.0	6.0	0.0	0.0	0.0	2.0	3.0	2.0	0.0	5.0	0.0	0.0	4.0	0.0	0.0	0.0	0.0	0.0	0.0	0.0	0.0	0.0	0.0	0.0	0.0	0.0	0.0	0.0	6.0	3.0	0.0	6.0	0.0	0.0	0.0	3.0	0.0	0.0	2.0	0.0	1.0	0.0	1.0	1.0	0.0	0.0	0.0	0.0	2.0	18.0	0.0	0.0	0.0	0.0	1.0	0.0	0.0	0.0	0.0	1.0	0.0	0.0	0.0	0.0	0.0	1.0	2.0	0.0	0.0	0.0	0.0	0.0	14.0	3.0	0.0	0.0	3.0	0.0	4.0	0.0	0.0	7.0	0.0	1.0	0.0	5.0	0.0	1.0	0.0	0.0	0.0	0.0	0.0	0.0	0.0	3.0	0.0	0.0	4.0	0.0	3.0	5.0	0.0	1.0	0.0	0.0	0.0	0.0	0.0	0.0	0.0	0.0	0.0	5.0	0.0	0.0	2.0	4.0	0.0	0.0	0.0	11.0	0.0	0.0	0.0	0.0	0.0	3.0	0.0	0.0	0.0	0.0	0.0	0.0	0.0	0.0	0.0	0.0	0.0	0.0	2.0	0.0	4.0	0.0	1.0	0.0	0.0	0.0	1.0	0.0	0.0	0.0	0.0
340a5698fe78713b785c3bcce89df73b	1.0	3.0	7.0	0.0	0.0	0.0	0.0	0.0	35.0	3.0	4.0	0.0	1.0	0.0	0.0	1.0	0.0	0.0	1.0	2.0	0.0	0.0	0.0	10.0	0.0	0.0	1.0	0.0	12.0	0.0	2.0	0.0	2.0	0.0	0.0	3.0	1.0	0.0	1.0	0.0	6.0	0.0	0.0	1.0	0.0	3.0	15.0	0.0	0.0	15.0	3.0	0.0	4.0	0.0	2.0	0.0	9.0	0.0	3.0	6.0	5.0	0.0	0.0	0.0	0.0	0.0	10.0	0.0	1.0	0.0	4.0	18.0	0.0	3.0	0.0	1.0	6.0	0.0	0.0	0.0	0.0	6.0	0.0	0.0	0.0	3.0	1.0	4.0	14.0	0.0	0.0	0.0	0.0	0.0	0.0	0.0	0.0	0.0	0.0	0.0	0.0	0.0	0.0	0.0	0.0	3.0	0.0	0.0	0.0	0.0	1.0	2.0	0.0	7.0	3.0	0.0	0.0	7.0	23.0	0.0	3.0	1.0	0.0	28.0	0.0	0.0	3.0	3.0	5.0	0.0	7.0	0.0	0.0	0.0	0.0	0.0	2.0	9.0	2.0	0.0	6.0	0.0	2.0	0.0	0.0	0.0	1.0	7.0	0.0	8.0	0.0	0.0	0.0	1.0	7.0	1.0	0.0	0.0	0.0	0.0	3.0	15.0	19.0	0.0	0.0	0.0	0.0	12.0	1.0	0.0	0.0	0.0	6.0	0.0	0.0	0.0	3.0	0.0	0.0	0.0	0.0	2.0	0.0	0.0	0.0	22.0	0.0	0.0	0.0	0.0	0.0	5.0	4.0	0.0	0.0	0.0	32.0	0.0
1527fd8b14037f53b8edb26b111e1f72	0.0	4.0	0.0	0.0	0.0	1.0	0.0	2.0	0.0	0.0	1.0	0.0	1.0	0.0	0.0	1.0	0.0	0.0	2.0	0.0	0.0	5.0	2.0	0.0	0.0	0.0	0.0	0.0	0.0	4.0	0.0	4.0	0.0	0.0	0.0	0.0	18.0	17.0	0.0	0.0	0.0	4.0	2.0	38.0	0.0	4.0	0.0	18.0	0.0	6.0	2.0	3.0	0.0	1.0	0.0	0.0	0.0	1.0	0.0	1.0	0.0	0.0	0.0	0.0	0.0	0.0	0.0	0.0	3.0	0.0	0.0	0.0	0.0	0.0	0.0	0.0	3.0	0.0	0.0	0.0	0.0	0.0	0.0	8.0	0.0	0.0	10.0	1.0	7.0	0.0	0.0	0.0	9.0	2.0	0.0	0.0	16.0	0.0	1.0	4.0	15.0	5.0	0.0	0.0	0.0	18.0	0.0	0.0	0.0	7.0	1.0	6.0	0.0	7.0	0.0	1.0	0.0	0.0	0.0	4.0	0.0	0.0	0.0	4.0	0.0	1.0	0.0	25.0	0.0	0.0	2.0	0.0	0.0	0.0	0.0	0.0	4.0	0.0	0.0	2.0	0.0	0.0	0.0	0.0	0.0	0.0	2.0	0.0	6.0	0.0	0.0	0.0	0.0	0.0	4.0	17.0	0.0	4.0	2.0	1.0	0.0	0.0	0.0	0.0	0.0	24.0	1.0	0.0	10.0	0.0	0.0	2.0	0.0	0.0	0.0	7.0	0.0	1.0	0.0	1.0	0.0	0.0	0.0	2.0	0.0	0.0	0.0	0.0	0.0	2.0	0.0	0.0	4.0	0.0	0.0	1.0	0.0	0.0
588a23811b3e98af68f4f0fb24a0daa8	0.0	8.0	0.0	0.0	1.0	14.0	0.0	5.0	0.0	0.0	0.0	0.0	6.0	2.0	0.0	0.0	0.0	3.0	0.0	50.0	0.0	0.0	16.0	9.0	0.0	5.0	0.0	0.0	5.0	1.0	2.0	0.0	16.0	0.0	0.0	0.0	4.0	5.0	0.0	2.0	0.0	3.0	0.0	1.0	0.0	0.0	0.0	0.0	1.0	0.0	0.0	0.0	0.0	0.0	0.0	1.0	0.0	0.0	0.0	0.0	0.0	7.0	0.0	14.0	3.0	1.0	0.0	2.0	0.0	9.0	5.0	5.0	4.0	0.0	14.0	0.0	8.0	0.0	2.0	0.0	0.0	12.0	14.0	0.0	0.0	0.0	0.0	0.0	0.0	0.0	0.0	6.0	6.0	0.0	1.0	0.0	2.0	0.0	0.0	0.0	12.0	16.0	0.0	0.0	0.0	3.0	0.0	0.0	0.0	14.0	0.0	0.0	0.0	0.0	0.0	0.0	0.0	0.0	6.0	0.0	0.0	0.0	0.0	0.0	0.0	0.0	0.0	0.0	5.0	5.0	0.0	9.0	0.0	5.0	0.0	0.0	3.0	0.0	0.0	0.0	0.0	0.0	0.0	0.0	1.0	1.0	0.0	0.0	7.0	0.0	3.0	4.0	0.0	0.0	0.0	1.0	0.0	0.0	0.0	0.0	1.0	0.0	0.0	0.0	0.0	9.0	9.0	0.0	0.0	0.0	0.0	0.0	0.0	0.0	34.0	26.0	0.0	3.0	37.0	0.0	0.0	0.0	0.0	16.0	0.0	0.0	0.0	0.0	0.0	0.0	0.0	0.0	0.0	0.0	0.0	0.0	0.0	3.0
c82032c40c98975f71892e4be561c87a	1.0	1.0	0.0	2.0	2.0	3.0	0.0	0.0	2.0	2.0	0.0	0.0	0.0	2.0	9.0	0.0	1.0	1.0	1.0	3.0	0.0	0.0	1.0	0.0	1.0	30.0	0.0	1.0	4.0	1.0	0.0	0.0	10.0	0.0	0.0	0.0	1.0	5.0	2.0	2.0	0.0	3.0	1.0	3.0	0.0	6.0	3.0	5.0	2.0	0.0	2.0	4.0	0.0	2.0	0.0	0.0	5.0	0.0	0.0	0.0	9.0	3.0	7.0	1.0	36.0	2.0	2.0	1.0	4.0	0.0	3.0	3.0	0.0	0.0	0.0	7.0	2.0	5.0	13.0	1.0	0.0	1.0	0.0	1.0	0.0	1.0	3.0	0.0	4.0	0.0	0.0	3.0	3.0	0.0	0.0	2.0	2.0	6.0	2.0	6.0	0.0	1.0	18.0	0.0	0.0	1.0	2.0	2.0	0.0	3.0	0.0	7.0	1.0	0.0	0.0	0.0	2.0	3.0	0.0	0.0	0.0	0.0	1.0	3.0	3.0	0.0	2.0	0.0	0.0	4.0	4.0	2.0	0.0	2.0	0.0	4.0	1.0	0.0	1.0	0.0	2.0	1.0	0.0	5.0	4.0	0.0	3.0	1.0	1.0	0.0	2.0	1.0	2.0	0.0	3.0	1.0	4.0	0.0	0.0	0.0	0.0	0.0	0.0	5.0	1.0	2.0	7.0	2.0	0.0	5.0	0.0	1.0	0.0	0.0	0.0	1.0	1.0	1.0	5.0	0.0	3.0	3.0	0.0	0.0	0.0	1.0	0.0	2.0	0.0	0.0	3.0	2.0	1.0	0.0	0.0	1.0	0.0	3.0
10cd502b01abafc87e2ecbad86389286	0.0	4.0	0.0	0.0	0.0	0.0	0.0	1.0	3.0	1.0	2.0	0.0	2.0	11.0	0.0	2.0	0.0	3.0	3.0	0.0	0.0	4.0	2.0	0.0	0.0	0.0	2.0	0.0	0.0	2.0	0.0	1.0	1.0	0.0	0.0	0.0	4.0	3.0	2.0	0.0	0.0	0.0	4.0	18.0	0.0	2.0	3.0	0.0	0.0	3.0	3.0	2.0	0.0	2.0	0.0	5.0	1.0	3.0	0.0	0.0	0.0	0.0	0.0	0.0	0.0	0.0	0.0	0.0	6.0	0.0	0.0	0.0	5.0	1.0	2.0	0.0	0.0	5.0	1.0	0.0	0.0	0.0	0.0	7.0	0.0	0.0	7.0	0.0	7.0	5.0	0.0	0.0	0.0	2.0	15.0	0.0	2.0	2.0	0.0	6.0	3.0	5.0	0.0	3.0	0.0	0.0	0.0	0.0	0.0	5.0	5.0	2.0	0.0	6.0	0.0	0.0	3.0	0.0	0.0	2.0	0.0	0.0	1.0	3.0	2.0	1.0	1.0	8.0	3.0	0.0	0.0	0.0	3.0	1.0	1.0	0.0	0.0	0.0	3.0	0.0	2.0	0.0	0.0	0.0	1.0	1.0	2.0	0.0	1.0	0.0	0.0	0.0	0.0	2.0	3.0	4.0	0.0	0.0	0.0	1.0	3.0	0.0	0.0	7.0	0.0	0.0	2.0	4.0	2.0	0.0	0.0	1.0	0.0	0.0	0.0	8.0	0.0	1.0	0.0	0.0	0.0	0.0	0.0	1.0	0.0	0.0	0.0	0.0	0.0	2.0	0.0	0.0	3.0	0.0	0.0	0.0	0.0	0.0
8a261f382a739bbc5f9494b2c64c2744	5.0	0.0	0.0	0.0	11.0	4.0	0.0	0.0	4.0	0.0	5.0	51.0	9.0	0.0	0.0	3.0	0.0	3.0	0.0	3.0	0.0	1.0	5.0	0.0	0.0	4.0	12.0	4.0	0.0	0.0	1.0	0.0	16.0	2.0	0.0	1.0	0.0	0.0	1.0	4.0	0.0	3.0	0.0	1.0	1.0	2.0	0.0	7.0	0.0	0.0	0.0	2.0	0.0	1.0	0.0	1.0	7.0	1.0	0.0	0.0	5.0	11.0	0.0	0.0	11.0	0.0	11.0	2.0	3.0	0.0	1.0	4.0	5.0	3.0	6.0	0.0	5.0	1.0	2.0	0.0	2.0	3.0	5.0	0.0	0.0	0.0	0.0	11.0	4.0	5.0	3.0	15.0	8.0	0.0	0.0	2.0	2.0	6.0	0.0	0.0	0.0	0.0	0.0	3.0	0.0	4.0	3.0	0.0	0.0	0.0	1.0	4.0	0.0	0.0	0.0	2.0	1.0	0.0	13.0	0.0	0.0	0.0	3.0	8.0	4.0	0.0	1.0	5.0	8.0	2.0	5.0	2.0	0.0	2.0	1.0	9.0	5.0	4.0	2.0	0.0	0.0	0.0	0.0	0.0	14.0	0.0	0.0	18.0	5.0	3.0	0.0	3.0	5.0	13.0	0.0	0.0	7.0	0.0	5.0	5.0	1.0	0.0	2.0	4.0	5.0	0.0	0.0	0.0	0.0	12.0	0.0	1.0	0.0	0.0	0.0	28.0	0.0	1.0	5.0	3.0	0.0	0.0	0.0	6.0	0.0	6.0	5.0	0.0	9.0	2.0	1.0	0.0	0.0	9.0	8.0	3.0	5.0	1.0
148c7eb0139bbc1b8c87dd31464742e4	0.0	3.0	0.0	0.0	0.0	0.0	0.0	1.0	0.0	0.0	3.0	0.0	0.0	1.0	0.0	3.0	2.0	0.0	0.0	5.0	0.0	1.0	0.0	0.0	0.0	0.0	0.0	0.0	9.0	1.0	0.0	3.0	0.0	2.0	0.0	2.0	0.0	0.0	0.0	0.0	0.0	0.0	1.0	0.0	0.0	0.0	1.0	0.0	0.0	2.0	0.0	3.0	0.0	3.0	0.0	0.0	2.0	2.0	0.0	0.0	2.0	0.0	0.0	0.0	0.0	0.0	2.0	7.0	6.0	0.0	0.0	2.0	0.0	1.0	0.0	1.0	0.0	0.0	0.0	0.0	0.0	0.0	0.0	1.0	0.0	0.0	0.0	0.0	6.0	0.0	0.0	0.0	0.0	1.0	2.0	0.0	5.0	0.0	2.0	2.0	1.0	0.0	0.0	1.0	1.0	0.0	0.0	0.0	0.0	0.0	2.0	3.0	5.0	0.0	1.0	1.0	0.0	3.0	0.0	0.0	1.0	1.0	0.0	2.0	2.0	5.0	2.0	2.0	0.0	2.0	0.0	2.0	2.0	1.0	9.0	4.0	1.0	0.0	0.0	0.0	0.0	0.0	0.0	0.0	0.0	2.0	4.0	0.0	0.0	2.0	0.0	1.0	1.0	1.0	1.0	0.0	0.0	1.0	1.0	0.0	6.0	0.0	0.0	0.0	1.0	0.0	1.0	17.0	9.0	0.0	0.0	1.0	10.0	0.0	2.0	2.0	0.0	0.0	16.0	0.0	0.0	0.0	1.0	5.0	0.0	2.0	0.0	0.0	7.0	1.0	2.0	2.0	3.0	2.0	4.0	2.0	3.0	0.0
1ef782a559e3e0a4ab42516e0a2c828f	0.0	0.0	0.0	0.0	9.0	0.0	0.0	0.0	0.0	0.0	0.0	1.0	0.0	0.0	0.0	0.0	0.0	0.0	4.0	1.0	0.0	1.0	0.0	0.0	0.0	3.0	0.0	3.0	0.0	4.0	0.0	1.0	7.0	0.0	0.0	0.0	2.0	0.0	0.0	0.0	0.0	0.0	0.0	5.0	0.0	1.0	1.0	0.0	0.0	0.0	0.0	1.0	1.0	0.0	0.0	4.0	1.0	0.0	1.0	1.0	2.0	1.0	0.0	4.0	4.0	0.0	0.0	28.0	1.0	0.0	0.0	0.0	16.0	0.0	0.0	0.0	0.0	0.0	0.0	0.0	1.0	0.0	0.0	2.0	2.0	3.0	0.0	4.0	4.0	0.0	0.0	2.0	0.0	0.0	6.0	9.0	1.0	1.0	0.0	3.0	2.0	38.0	0.0	0.0	0.0	0.0	0.0	0.0	0.0	0.0	1.0	2.0	0.0	0.0	3.0	0.0	5.0	0.0	0.0	0.0	0.0	0.0	0.0	0.0	0.0	0.0	1.0	0.0	3.0	0.0	3.0	1.0	0.0	2.0	0.0	0.0	0.0	0.0	0.0	1.0	0.0	0.0	0.0	0.0	0.0	0.0	1.0	0.0	1.0	0.0	0.0	0.0	1.0	2.0	0.0	5.0	0.0	9.0	0.0	0.0	1.0	0.0	2.0	17.0	0.0	0.0	0.0	0.0	4.0	0.0	12.0	0.0	0.0	0.0	0.0	2.0	0.0	0.0	9.0	0.0	1.0	0.0	0.0	0.0	0.0	0.0	0.0	0.0	2.0	0.0	0.0	1.0	1.0	0.0	0.0	2.0	0.0	1.0
89aabf43d24dd5bd0fd0f5aca189d341	0.0	0.0	0.0	0.0	11.0	7.0	0.0	6.0	0.0	1.0	5.0	0.0	14.0	0.0	0.0	9.0	0.0	2.0	2.0	3.0	0.0	0.0	3.0	0.0	2.0	0.0	3.0	0.0	0.0	0.0	0.0	0.0	0.0	5.0	0.0	2.0	4.0	0.0	5.0	0.0	0.0	0.0	0.0	1.0	0.0	1.0	1.0	4.0	0.0	1.0	0.0	5.0	3.0	0.0	3.0	0.0	10.0	2.0	1.0	0.0	0.0	0.0	0.0	0.0	0.0	3.0	1.0	3.0	1.0	3.0	0.0	4.0	6.0	5.0	1.0	0.0	0.0	0.0	0.0	0.0	1.0	5.0	2.0	5.0	0.0	0.0	0.0	0.0	1.0	3.0	0.0	0.0	3.0	0.0	2.0	3.0	17.0	0.0	1.0	0.0	0.0	18.0	0.0	2.0	3.0	1.0	0.0	0.0	0.0	4.0	1.0	1.0	0.0	0.0	2.0	0.0	0.0	1.0	3.0	0.0	1.0	0.0	0.0	0.0	5.0	5.0	3.0	0.0	6.0	0.0	3.0	10.0	8.0	1.0	0.0	0.0	3.0	0.0	10.0	0.0	0.0	5.0	3.0	0.0	2.0	0.0	2.0	0.0	3.0	0.0	2.0	1.0	0.0	0.0	4.0	0.0	2.0	3.0	3.0	3.0	1.0	0.0	1.0	3.0	8.0	7.0	0.0	5.0	2.0	8.0	0.0	3.0	1.0	0.0	1.0	0.0	0.0	5.0	0.0	6.0	0.0	0.0	0.0	0.0	0.0	2.0	2.0	0.0	4.0	1.0	2.0	0.0	6.0	3.0	6.0	0.0	1.0	0.0
c1365ec008032ee718dcafaf5ac17adb	0.0	2.0	4.0	0.0	0.0	14.0	0.0	2.0	13.0	1.0	3.0	0.0	0.0	2.0	0.0	0.0	5.0	3.0	0.0	0.0	0.0	0.0	0.0	24.0	3.0	0.0	0.0	0.0	11.0	0.0	5.0	2.0	0.0	0.0	0.0	3.0	0.0	0.0	3.0	0.0	0.0	0.0	0.0	1.0	0.0	0.0	6.0	0.0	0.0	5.0	3.0	1.0	1.0	3.0	2.0	0.0	0.0	3.0	2.0	3.0	0.0	0.0	0.0	0.0	1.0	0.0	9.0	0.0	0.0	0.0	0.0	5.0	0.0	4.0	1.0	2.0	1.0	0.0	0.0	0.0	1.0	2.0	4.0	0.0	0.0	3.0	0.0	0.0	2.0	0.0	1.0	0.0	0.0	0.0	0.0	0.0	0.0	0.0	2.0	1.0	0.0	0.0	0.0	0.0	6.0	0.0	0.0	0.0	0.0	0.0	3.0	0.0	0.0	0.0	1.0	0.0	0.0	3.0	2.0	0.0	5.0	5.0	0.0	6.0	0.0	0.0	12.0	0.0	0.0	0.0	1.0	0.0	4.0	0.0	0.0	0.0	0.0	1.0	4.0	0.0	1.0	0.0	1.0	0.0	0.0	1.0	11.0	2.0	0.0	8.0	25.0	8.0	6.0	0.0	0.0	0.0	0.0	0.0	3.0	0.0	3.0	4.0	2.0	3.0	0.0	0.0	0.0	0.0	0.0	0.0	0.0	6.0	4.0	0.0	0.0	0.0	0.0	0.0	0.0	0.0	0.0	0.0	10.0	0.0	0.0	6.0	0.0	0.0	0.0	10.0	2.0	11.0	3.0	2.0	0.0	0.0	6.0	0.0
370829fece3190f1a8efccf50b7d0921	0.0	0.0	0.0	1.0	5.0	4.0	0.0	0.0	0.0	1.0	0.0	0.0	2.0	0.0	3.0	2.0	1.0	2.0	1.0	0.0	0.0	4.0	0.0	0.0	0.0	5.0	0.0	0.0	3.0	0.0	0.0	0.0	4.0	0.0	3.0	0.0	0.0	4.0	0.0	0.0	0.0	1.0	2.0	2.0	0.0	1.0	0.0	0.0	0.0	0.0	0.0	0.0	0.0	0.0	0.0	1.0	0.0	0.0	4.0	0.0	2.0	6.0	9.0	0.0	5.0	8.0	1.0	2.0	1.0	0.0	12.0	0.0	1.0	0.0	0.0	1.0	0.0	0.0	4.0	3.0	0.0	0.0	0.0	1.0	0.0	0.0	6.0	0.0	5.0	1.0	0.0	3.0	3.0	3.0	2.0	1.0	1.0	0.0	0.0	0.0	3.0	2.0	13.0	0.0	0.0	5.0	0.0	0.0	4.0	12.0	0.0	0.0	3.0	0.0	3.0	0.0	0.0	0.0	0.0	0.0	0.0	0.0	3.0	0.0	1.0	0.0	2.0	0.0	0.0	0.0	5.0	0.0	0.0	0.0	3.0	0.0	0.0	0.0	0.0	0.0	0.0	0.0	0.0	5.0	3.0	0.0	0.0	1.0	0.0	0.0	2.0	0.0	2.0	0.0	0.0	3.0	0.0	3.0	0.0	0.0	0.0	0.0	1.0	1.0	0.0	3.0	2.0	1.0	6.0	4.0	4.0	0.0	0.0	6.0	0.0	0.0	2.0	0.0	4.0	3.0	0.0	1.0	0.0	1.0	0.0	0.0	1.0	6.0	0.0	0.0	3.0	0.0	0.0	0.0	0.0	0.0	0.0	1.0
4c2189b6b5ced3cb80093414e9449de9	0.0	0.0	0.0	0.0	2.0	2.0	0.0	0.0	0.0	2.0	0.0	0.0	1.0	0.0	0.0	0.0	2.0	0.0	8.0	16.0	0.0	6.0	0.0	0.0	0.0	0.0	0.0	0.0	0.0	1.0	3.0	0.0	0.0	0.0	2.0	0.0	0.0	0.0	0.0	0.0	0.0	1.0	2.0	3.0	0.0	0.0	1.0	3.0	0.0	0.0	4.0	3.0	0.0	2.0	3.0	0.0	1.0	0.0	1.0	0.0	0.0	0.0	0.0	0.0	0.0	0.0	0.0	0.0	17.0	2.0	0.0	0.0	0.0	3.0	2.0	0.0	0.0	0.0	0.0	0.0	0.0	0.0	10.0	5.0	0.0	0.0	0.0	0.0	1.0	1.0	4.0	0.0	8.0	0.0	5.0	3.0	0.0	2.0	0.0	1.0	7.0	7.0	0.0	0.0	2.0	1.0	5.0	0.0	0.0	0.0	0.0	1.0	0.0	0.0	1.0	0.0	2.0	0.0	3.0	0.0	1.0	0.0	4.0	1.0	1.0	1.0	1.0	0.0	0.0	3.0	0.0	3.0	5.0	4.0	0.0	0.0	0.0	0.0	2.0	2.0	0.0	0.0	1.0	0.0	0.0	0.0	2.0	0.0	0.0	0.0	0.0	1.0	1.0	0.0	1.0	0.0	2.0	8.0	1.0	0.0	0.0	0.0	0.0	0.0	3.0	0.0	0.0	3.0	0.0	0.0	0.0	0.0	0.0	0.0	0.0	4.0	0.0	1.0	0.0	2.0	0.0	21.0	0.0	7.0	0.0	2.0	8.0	5.0	4.0	0.0	2.0	2.0	0.0	1.0	3.0	2.0	1.0	0.0
ea3433f2c148c6fae4cc2e9ae197f5b8	0.0	0.0	0.0	0.0	1.0	0.0	1.0	1.0	2.0	0.0	0.0	0.0	0.0	0.0	0.0	1.0	20.0	0.0	0.0	0.0	0.0	0.0	0.0	0.0	0.0	0.0	0.0	0.0	1.0	0.0	1.0	0.0	5.0	0.0	0.0	0.0	0.0	0.0	0.0	0.0	0.0	0.0	2.0	0.0	0.0	1.0	1.0	0.0	0.0	0.0	2.0	0.0	17.0	18.0	1.0	0.0	10.0	29.0	1.0	0.0	0.0	0.0	0.0	0.0	0.0	0.0	5.0	0.0	5.0	0.0	0.0	5.0	0.0	0.0	17.0	0.0	0.0	0.0	0.0	1.0	0.0	0.0	0.0	0.0	7.0	0.0	0.0	0.0	4.0	0.0	0.0	0.0	0.0	0.0	0.0	0.0	3.0	0.0	0.0	0.0	0.0	4.0	0.0	1.0	1.0	0.0	0.0	0.0	0.0	0.0	0.0	0.0	0.0	0.0	4.0	6.0	0.0	3.0	2.0	0.0	7.0	0.0	0.0	0.0	4.0	1.0	18.0	1.0	0.0	0.0	2.0	0.0	2.0	16.0	2.0	0.0	1.0	0.0	11.0	5.0	0.0	0.0	0.0	0.0	1.0	4.0	0.0	0.0	0.0	0.0	1.0	4.0	0.0	2.0	0.0	0.0	0.0	1.0	0.0	1.0	12.0	0.0	0.0	0.0	0.0	0.0	2.0	7.0	0.0	0.0	0.0	31.0	6.0	0.0	0.0	3.0	0.0	0.0	0.0	2.0	0.0	0.0	0.0	0.0	0.0	17.0	0.0	0.0	0.0	0.0	2.0	0.0	0.0	10.0	0.0	0.0	12.0	4.0
29ccf8b234ac00b114fb2c8e1c44f932	0.0	1.0	0.0	0.0	8.0	0.0	1.0	1.0	0.0	0.0	0.0	13.0	0.0	0.0	0.0	0.0	0.0	2.0	0.0	0.0	0.0	4.0	1.0	0.0	0.0	0.0	0.0	0.0	1.0	1.0	0.0	0.0	0.0	0.0	0.0	0.0	8.0	0.0	0.0	0.0	0.0	2.0	0.0	0.0	6.0	1.0	0.0	0.0	2.0	0.0	0.0	0.0	0.0	0.0	0.0	0.0	0.0	0.0	4.0	1.0	0.0	3.0	0.0	0.0	26.0	0.0	0.0	0.0	0.0	5.0	4.0	0.0	2.0	1.0	0.0	5.0	1.0	0.0	0.0	19.0	0.0	4.0	0.0	1.0	3.0	0.0	0.0	0.0	0.0	0.0	4.0	15.0	10.0	0.0	1.0	2.0	6.0	0.0	0.0	0.0	0.0	5.0	0.0	0.0	0.0	0.0	6.0	46.0	13.0	5.0	0.0	0.0	0.0	0.0	0.0	1.0	0.0	0.0	0.0	2.0	0.0	0.0	1.0	0.0	2.0	0.0	1.0	0.0	0.0	1.0	1.0	7.0	0.0	5.0	0.0	0.0	0.0	0.0	0.0	0.0	0.0	0.0	0.0	3.0	5.0	0.0	0.0	2.0	0.0	0.0	0.0	0.0	0.0	0.0	0.0	1.0	1.0	0.0	0.0	0.0	1.0	0.0	0.0	4.0	17.0	9.0	0.0	2.0	0.0	7.0	4.0	0.0	0.0	0.0	5.0	6.0	4.0	4.0	16.0	0.0	2.0	1.0	1.0	2.0	0.0	0.0	4.0	7.0	1.0	0.0	0.0	0.0	2.0	5.0	24.0	3.0	2.0	0.0
3e93fd55a231bb99b67a666bad8446a8	2.0	0.0	1.0	0.0	0.0	1.0	0.0	0.0	0.0	0.0	0.0	1.0	0.0	0.0	7.0	0.0	0.0	0.0	0.0	3.0	0.0	1.0	0.0	0.0	0.0	0.0	0.0	1.0	1.0	0.0	0.0	2.0	7.0	0.0	0.0	0.0	0.0	1.0	0.0	0.0	0.0	11.0	0.0	1.0	0.0	0.0	0.0	0.0	5.0	1.0	5.0	0.0	0.0	0.0	0.0	0.0	0.0	0.0	3.0	0.0	0.0	0.0	6.0	0.0	0.0	2.0	0.0	0.0	1.0	2.0	3.0	1.0	6.0	0.0	0.0	0.0	2.0	1.0	2.0	1.0	0.0	0.0	0.0	0.0	7.0	0.0	0.0	0.0	0.0	1.0	0.0	1.0	5.0	0.0	3.0	3.0	0.0	0.0	0.0	1.0	0.0	0.0	2.0	0.0	0.0	2.0	0.0	1.0	2.0	0.0	0.0	0.0	0.0	0.0	0.0	2.0	0.0	0.0	1.0	0.0	0.0	0.0	1.0	0.0	2.0	0.0	0.0	0.0	0.0	0.0	0.0	5.0	0.0	0.0	0.0	3.0	0.0	0.0	0.0	1.0	0.0	0.0	0.0	0.0	2.0	0.0	0.0	1.0	2.0	0.0	1.0	2.0	0.0	0.0	0.0	3.0	0.0	5.0	0.0	0.0	0.0	0.0	0.0	4.0	2.0	0.0	2.0	0.0	0.0	2.0	0.0	0.0	0.0	2.0	0.0	2.0	2.0	0.0	6.0	0.0	0.0	14.0	0.0	0.0	0.0	1.0	0.0	0.0	1.0	0.0	0.0	0.0	0.0	1.0	0.0	0.0	0.0	0.0
237135dc8b20f922cabee934f7d410a1	0.0	0.0	16.0	0.0	22.0	0.0	0.0	0.0	0.0	0.0	0.0	0.0	0.0	0.0	0.0	0.0	0.0	0.0	0.0	0.0	0.0	0.0	0.0	0.0	4.0	0.0	0.0	0.0	0.0	0.0	10.0	0.0	0.0	0.0	3.0	0.0	1.0	0.0	0.0	0.0	0.0	0.0	0.0	0.0	0.0	4.0	0.0	0.0	0.0	0.0	0.0	0.0	5.0	6.0	0.0	0.0	16.0	0.0	0.0	0.0	0.0	0.0	0.0	2.0	0.0	0.0	1.0	0.0	0.0	0.0	0.0	1.0	0.0	1.0	26.0	0.0	0.0	0.0	1.0	2.0	0.0	0.0	0.0	0.0	0.0	0.0	0.0	4.0	0.0	0.0	0.0	0.0	0.0	0.0	0.0	0.0	0.0	0.0	0.0	0.0	6.0	0.0	0.0	0.0	3.0	0.0	0.0	0.0	0.0	0.0	1.0	0.0	0.0	0.0	0.0	2.0	1.0	9.0	0.0	5.0	15.0	0.0	0.0	0.0	4.0	10.0	0.0	8.0	4.0	0.0	0.0	0.0	0.0	12.0	1.0	0.0	0.0	0.0	2.0	0.0	0.0	6.0	0.0	0.0	0.0	4.0	0.0	0.0	0.0	5.0	0.0	0.0	0.0	0.0	0.0	1.0	0.0	67.0	0.0	3.0	6.0	3.0	0.0	0.0	0.0	0.0	3.0	0.0	0.0	0.0	0.0	0.0	0.0	0.0	0.0	2.0	1.0	0.0	2.0	7.0	0.0	0.0	0.0	0.0	0.0	7.0	5.0	0.0	2.0	0.0	0.0	2.0	0.0	29.0	0.0	0.0	0.0	0.0
2a13ecb6c618ddf8154298c69336dd8e	0.0	1.0	0.0	0.0	6.0	0.0	0.0	0.0	0.0	0.0	0.0	1.0	0.0	0.0	0.0	1.0	0.0	0.0	0.0	0.0	0.0	0.0	2.0	4.0	0.0	4.0	2.0	1.0	0.0	0.0	1.0	1.0	1.0	1.0	0.0	0.0	1.0	0.0	2.0	0.0	0.0	0.0	0.0	0.0	93.0	0.0	0.0	0.0	9.0	0.0	0.0	0.0	0.0	2.0	0.0	0.0	1.0	1.0	0.0	0.0	1.0	0.0	1.0	0.0	0.0	0.0	0.0	0.0	0.0	0.0	1.0	3.0	0.0	0.0	1.0	0.0	1.0	0.0	0.0	10.0	0.0	0.0	2.0	0.0	0.0	0.0	0.0	5.0	0.0	0.0	2.0	0.0	1.0	0.0	0.0	0.0	0.0	0.0	1.0	0.0	0.0	0.0	1.0	1.0	0.0	1.0	0.0	0.0	3.0	0.0	0.0	0.0	0.0	0.0	2.0	0.0	2.0	0.0	0.0	3.0	1.0	3.0	0.0	0.0	0.0	0.0	0.0	0.0	11.0	2.0	2.0	2.0	1.0	0.0	0.0	0.0	1.0	0.0	0.0	1.0	0.0	0.0	0.0	0.0	0.0	0.0	0.0	5.0	0.0	0.0	1.0	1.0	0.0	4.0	2.0	0.0	0.0	3.0	1.0	0.0	0.0	0.0	2.0	1.0	0.0	0.0	1.0	0.0	0.0	1.0	1.0	0.0	1.0	0.0	0.0	0.0	18.0	0.0	5.0	5.0	0.0	0.0	0.0	0.0	0.0	1.0	0.0	0.0	0.0	0.0	1.0	0.0	0.0	0.0	0.0	0.0	0.0	0.0
1986030e3c5cd5df6d869054bc96e536	0.0	0.0	0.0	0.0	1.0	0.0	0.0	0.0	0.0	0.0	0.0	0.0	6.0	0.0	0.0	5.0	10.0	0.0	0.0	0.0	2.0	0.0	0.0	0.0	0.0	0.0	0.0	0.0	0.0	0.0	0.0	1.0	0.0	1.0	0.0	0.0	0.0	0.0	0.0	0.0	0.0	0.0	2.0	0.0	0.0	3.0	0.0	0.0	1.0	0.0	0.0	0.0	0.0	0.0	0.0	0.0	0.0	0.0	0.0	0.0	0.0	0.0	0.0	0.0	0.0	0.0	0.0	0.0	0.0	0.0	0.0	1.0	0.0	0.0	0.0	0.0	0.0	0.0	0.0	0.0	0.0	0.0	0.0	1.0	0.0	0.0	0.0	0.0	0.0	0.0	0.0	0.0	0.0	0.0	0.0	0.0	0.0	2.0	0.0	0.0	0.0	0.0	0.0	0.0	1.0	0.0	0.0	0.0	0.0	0.0	0.0	0.0	0.0	0.0	1.0	0.0	0.0	1.0	1.0	0.0	0.0	0.0	0.0	0.0	0.0	0.0	0.0	0.0	0.0	0.0	0.0	0.0	0.0	5.0	0.0	0.0	0.0	0.0	24.0	53.0	2.0	0.0	0.0	0.0	0.0	1.0	12.0	0.0	0.0	0.0	0.0	0.0	0.0	0.0	0.0	0.0	0.0	1.0	0.0	4.0	6.0	0.0	0.0	0.0	0.0	0.0	0.0	1.0	8.0	0.0	0.0	2.0	0.0	0.0	0.0	0.0	0.0	0.0	0.0	0.0	0.0	0.0	0.0	0.0	0.0	0.0	4.0	4.0	0.0	0.0	1.0	1.0	0.0	0.0	0.0	0.0	0.0	0.0
8f1c11c7b732265cbfc1bb7dbd0241e7	1.0	3.0	0.0	0.0	0.0	2.0	0.0	5.0	1.0	0.0	9.0	0.0	11.0	1.0	0.0	3.0	2.0	3.0	2.0	22.0	0.0	6.0	8.0	0.0	0.0	0.0	0.0	1.0	0.0	2.0	1.0	0.0	0.0	6.0	0.0	12.0	10.0	0.0	4.0	6.0	1.0	0.0	0.0	3.0	0.0	0.0	0.0	6.0	0.0	3.0	1.0	0.0	2.0	0.0	0.0	1.0	0.0	0.0	0.0	0.0	0.0	5.0	0.0	0.0	0.0	0.0	1.0	0.0	0.0	14.0	0.0	2.0	0.0	2.0	2.0	0.0	2.0	4.0	0.0	0.0	0.0	3.0	3.0	3.0	0.0	0.0	5.0	9.0	0.0	0.0	2.0	0.0	3.0	2.0	0.0	12.0	0.0	0.0	3.0	1.0	0.0	12.0	0.0	2.0	0.0	0.0	0.0	0.0	0.0	0.0	3.0	4.0	0.0	0.0	0.0	0.0	1.0	0.0	0.0	1.0	1.0	3.0	0.0	0.0	9.0	0.0	3.0	0.0	4.0	0.0	4.0	3.0	2.0	9.0	3.0	0.0	3.0	0.0	0.0	0.0	0.0	6.0	3.0	1.0	0.0	0.0	1.0	0.0	2.0	0.0	1.0	0.0	1.0	0.0	1.0	2.0	0.0	0.0	8.0	0.0	4.0	0.0	2.0	0.0	9.0	0.0	3.0	4.0	4.0	0.0	0.0	7.0	0.0	0.0	0.0	21.0	0.0	1.0	0.0	0.0	0.0	0.0	0.0	0.0	0.0	0.0	0.0	0.0	3.0	0.0	0.0	0.0	1.0	0.0	10.0	2.0	3.0	2.0
bad4f7c5ada34a1f813946abcfe5c556	2.0	7.0	2.0	0.0	0.0	0.0	0.0	4.0	0.0	0.0	1.0	8.0	4.0	0.0	3.0	4.0	3.0	4.0	9.0	11.0	6.0	2.0	1.0	1.0	0.0	0.0	0.0	2.0	0.0	0.0	2.0	2.0	0.0	0.0	0.0	2.0	5.0	3.0	7.0	0.0	0.0	0.0	0.0	0.0	0.0	6.0	0.0	0.0	0.0	1.0	1.0	5.0	0.0	2.0	2.0	0.0	0.0	3.0	0.0	0.0	0.0	0.0	0.0	0.0	0.0	3.0	0.0	2.0	2.0	0.0	0.0	0.0	0.0	0.0	6.0	0.0	1.0	1.0	0.0	0.0	0.0	4.0	0.0	0.0	0.0	0.0	2.0	0.0	2.0	0.0	0.0	0.0	13.0	1.0	0.0	2.0	1.0	0.0	12.0	2.0	0.0	0.0	0.0	0.0	4.0	0.0	0.0	0.0	5.0	0.0	2.0	3.0	0.0	0.0	1.0	0.0	0.0	3.0	0.0	0.0	1.0	5.0	0.0	0.0	0.0	1.0	1.0	2.0	2.0	0.0	2.0	1.0	1.0	12.0	5.0	0.0	4.0	0.0	1.0	0.0	0.0	2.0	0.0	0.0	0.0	4.0	1.0	0.0	5.0	0.0	1.0	6.0	0.0	3.0	0.0	0.0	0.0	0.0	0.0	0.0	9.0	0.0	4.0	0.0	3.0	0.0	2.0	0.0	5.0	0.0	0.0	5.0	2.0	0.0	3.0	1.0	0.0	0.0	0.0	0.0	0.0	0.0	0.0	4.0	0.0	3.0	4.0	3.0	1.0	5.0	0.0	0.0	0.0	0.0	5.0	4.0	0.0	0.0
1fa555f9a74d47a6ca7a65a347bc885f	0.0	1.0	0.0	0.0	0.0	0.0	0.0	2.0	0.0	1.0	1.0	0.0	2.0	4.0	0.0	0.0	3.0	0.0	3.0	0.0	2.0	0.0	0.0	0.0	12.0	0.0	0.0	0.0	0.0	2.0	1.0	20.0	0.0	0.0	5.0	0.0	0.0	17.0	0.0	0.0	0.0	0.0	0.0	0.0	0.0	0.0	10.0	0.0	0.0	0.0	6.0	7.0	0.0	2.0	0.0	6.0	5.0	1.0	0.0	2.0	0.0	0.0	0.0	0.0	0.0	0.0	0.0	0.0	2.0	0.0	0.0	0.0	0.0	0.0	4.0	0.0	0.0	1.0	0.0	0.0	0.0	1.0	0.0	1.0	0.0	15.0	0.0	0.0	29.0	0.0	0.0	0.0	0.0	2.0	0.0	0.0	0.0	0.0	0.0	1.0	0.0	0.0	0.0	1.0	8.0	0.0	0.0	0.0	0.0	0.0	1.0	1.0	3.0	13.0	0.0	0.0	0.0	9.0	4.0	0.0	0.0	5.0	0.0	6.0	4.0	0.0	14.0	0.0	2.0	0.0	19.0	0.0	0.0	0.0	1.0	0.0	0.0	0.0	0.0	2.0	7.0	0.0	3.0	0.0	0.0	7.0	0.0	0.0	9.0	4.0	11.0	0.0	3.0	0.0	0.0	0.0	0.0	0.0	1.0	2.0	0.0	0.0	17.0	1.0	0.0	0.0	0.0	0.0	3.0	0.0	0.0	3.0	0.0	0.0	2.0	0.0	0.0	0.0	0.0	0.0	0.0	0.0	3.0	0.0	0.0	1.0	0.0	0.0	0.0	0.0	7.0	3.0	0.0	0.0	0.0	0.0	5.0	5.0
059c8f8bb468064b134ea6d3661761ea	0.0	0.0	0.0	0.0	0.0	0.0	0.0	0.0	0.0	0.0	0.0	0.0	1.0	0.0	0.0	0.0	0.0	0.0	0.0	6.0	0.0	10.0	0.0	1.0	0.0	0.0	0.0	0.0	4.0	3.0	0.0	4.0	0.0	0.0	1.0	0.0	1.0	4.0	0.0	0.0	0.0	1.0	0.0	0.0	0.0	3.0	0.0	0.0	0.0	0.0	5.0	14.0	0.0	2.0	0.0	5.0	0.0	0.0	0.0	1.0	0.0	0.0	0.0	0.0	0.0	0.0	0.0	0.0	5.0	0.0	0.0	0.0	0.0	1.0	0.0	0.0	0.0	0.0	0.0	0.0	1.0	0.0	0.0	3.0	0.0	2.0	10.0	1.0	0.0	2.0	0.0	0.0	35.0	3.0	0.0	0.0	0.0	1.0	4.0	3.0	0.0	2.0	0.0	0.0	2.0	1.0	0.0	0.0	1.0	0.0	1.0	4.0	0.0	0.0	0.0	0.0	0.0	0.0	0.0	0.0	1.0	7.0	0.0	2.0	0.0	1.0	0.0	5.0	0.0	8.0	0.0	1.0	0.0	2.0	1.0	0.0	3.0	0.0	1.0	0.0	0.0	0.0	0.0	0.0	0.0	0.0	4.0	0.0	1.0	0.0	2.0	0.0	0.0	3.0	1.0	9.0	3.0	0.0	0.0	0.0	0.0	1.0	3.0	0.0	0.0	0.0	0.0	0.0	7.0	0.0	0.0	3.0	0.0	0.0	1.0	0.0	0.0	1.0	3.0	0.0	0.0	0.0	0.0	0.0	0.0	0.0	3.0	0.0	1.0	0.0	0.0	0.0	0.0	0.0	0.0	5.0	0.0	0.0
32c4498732e02af61d331441ceabc5f5	1.0	0.0	0.0	0.0	5.0	0.0	0.0	0.0	0.0	0.0	0.0	0.0	0.0	0.0	11.0	0.0	0.0	0.0	0.0	0.0	0.0	0.0	0.0	0.0	0.0	1.0	5.0	0.0	0.0	0.0	0.0	0.0	0.0	0.0	0.0	2.0	0.0	0.0	0.0	0.0	0.0	0.0	1.0	0.0	0.0	0.0	0.0	0.0	0.0	1.0	0.0	0.0	0.0	0.0	0.0	0.0	0.0	0.0	0.0	0.0	2.0	0.0	0.0	0.0	2.0	1.0	0.0	4.0	0.0	0.0	0.0	0.0	0.0	0.0	0.0	1.0	2.0	0.0	0.0	0.0	0.0	0.0	1.0	1.0	0.0	0.0	0.0	0.0	4.0	2.0	0.0	10.0	5.0	0.0	0.0	0.0	1.0	0.0	0.0	0.0	0.0	0.0	5.0	0.0	0.0	1.0	1.0	0.0	0.0	0.0	0.0	0.0	0.0	1.0	0.0	1.0	6.0	0.0	0.0	0.0	0.0	1.0	3.0	0.0	1.0	1.0	0.0	0.0	0.0	0.0	0.0	0.0	2.0	0.0	0.0	2.0	0.0	0.0	0.0	0.0	2.0	4.0	0.0	0.0	1.0	0.0	0.0	2.0	2.0	0.0	0.0	0.0	0.0	0.0	0.0	0.0	6.0	3.0	0.0	0.0	0.0	0.0	0.0	0.0	0.0	0.0	0.0	0.0	0.0	2.0	0.0	0.0	0.0	0.0	2.0	1.0	6.0	0.0	0.0	3.0	1.0	22.0	1.0	0.0	1.0	0.0	3.0	0.0	0.0	0.0	0.0	0.0	4.0	0.0	2.0	0.0	0.0	0.0
6a129e8ae637c96e7bb56223913911f7	0.0	2.0	1.0	0.0	0.0	3.0	0.0	2.0	1.0	1.0	0.0	6.0	0.0	0.0	0.0	0.0	2.0	0.0	0.0	0.0	4.0	0.0	0.0	0.0	8.0	0.0	0.0	0.0	2.0	0.0	4.0	0.0	0.0	0.0	0.0	0.0	0.0	0.0	1.0	0.0	0.0	5.0	0.0	0.0	0.0	0.0	0.0	0.0	0.0	0.0	6.0	0.0	2.0	1.0	1.0	8.0	0.0	0.0	0.0	0.0	0.0	0.0	0.0	0.0	0.0	0.0	0.0	0.0	0.0	0.0	0.0	0.0	0.0	1.0	0.0	0.0	0.0	0.0	0.0	0.0	0.0	3.0	0.0	2.0	0.0	0.0	0.0	0.0	1.0	0.0	0.0	0.0	0.0	0.0	0.0	0.0	0.0	0.0	0.0	0.0	0.0	0.0	0.0	0.0	0.0	0.0	0.0	0.0	0.0	0.0	0.0	0.0	0.0	2.0	0.0	0.0	1.0	8.0	0.0	0.0	0.0	10.0	1.0	0.0	0.0	4.0	1.0	0.0	0.0	0.0	0.0	5.0	0.0	0.0	0.0	0.0	0.0	0.0	0.0	0.0	5.0	0.0	0.0	0.0	0.0	7.0	0.0	2.0	0.0	0.0	3.0	0.0	2.0	1.0	1.0	0.0	0.0	0.0	0.0	0.0	0.0	0.0	0.0	0.0	1.0	0.0	0.0	0.0	0.0	0.0	0.0	3.0	6.0	0.0	3.0	0.0	0.0	0.0	2.0	0.0	0.0	6.0	2.0	0.0	0.0	3.0	0.0	0.0	0.0	1.0	0.0	4.0	5.0	0.0	6.0	3.0	4.0	1.0
86deb5cf8d6f29d383136e0d09863b69	0.0	0.0	0.0	0.0	0.0	0.0	0.0	0.0	0.0	0.0	0.0	0.0	0.0	0.0	0.0	0.0	0.0	0.0	0.0	0.0	0.0	2.0	0.0	0.0	0.0	0.0	0.0	0.0	4.0	0.0	0.0	0.0	0.0	0.0	0.0	2.0	4.0	0.0	0.0	0.0	0.0	0.0	0.0	0.0	0.0	0.0	0.0	0.0	0.0	1.0	0.0	0.0	0.0	0.0	0.0	0.0	0.0	0.0	0.0	0.0	0.0	0.0	0.0	0.0	0.0	0.0	0.0	0.0	0.0	0.0	0.0	0.0	22.0	0.0	0.0	0.0	0.0	0.0	1.0	0.0	0.0	0.0	0.0	0.0	0.0	0.0	0.0	0.0	0.0	0.0	0.0	2.0	0.0	0.0	0.0	0.0	1.0	0.0	1.0	0.0	0.0	0.0	0.0	0.0	0.0	0.0	0.0	1.0	0.0	0.0	0.0	0.0	0.0	0.0	0.0	0.0	7.0	0.0	0.0	0.0	0.0	0.0	0.0	0.0	1.0	1.0	0.0	0.0	0.0	0.0	0.0	4.0	0.0	3.0	0.0	0.0	1.0	0.0	0.0	0.0	0.0	2.0	0.0	0.0	0.0	0.0	1.0	0.0	0.0	0.0	0.0	0.0	0.0	0.0	0.0	5.0	0.0	3.0	0.0	0.0	0.0	2.0	1.0	1.0	0.0	0.0	0.0	0.0	0.0	0.0	0.0	0.0	0.0	0.0	0.0	0.0	1.0	0.0	0.0	0.0	0.0	13.0	0.0	0.0	0.0	0.0	0.0	0.0	0.0	0.0	0.0	0.0	1.0	0.0	0.0	0.0	0.0	2.0
7dfa96abfa7484bb6c9cfa90dc9b606f	0.0	1.0	3.0	2.0	0.0	0.0	0.0	0.0	3.0	0.0	1.0	3.0	0.0	0.0	3.0	0.0	0.0	1.0	0.0	2.0	0.0	0.0	0.0	0.0	0.0	0.0	0.0	2.0	0.0	1.0	2.0	0.0	0.0	9.0	0.0	0.0	0.0	0.0	8.0	0.0	0.0	0.0	0.0	0.0	0.0	0.0	0.0	0.0	0.0	3.0	0.0	1.0	1.0	0.0	1.0	1.0	12.0	1.0	0.0	0.0	1.0	0.0	0.0	0.0	0.0	0.0	0.0	0.0	1.0	0.0	0.0	5.0	0.0	2.0	0.0	0.0	0.0	1.0	0.0	0.0	1.0	0.0	1.0	0.0	1.0	0.0	0.0	0.0	8.0	0.0	0.0	2.0	0.0	0.0	0.0	0.0	2.0	0.0	0.0	0.0	0.0	0.0	0.0	0.0	0.0	0.0	0.0	0.0	1.0	0.0	2.0	0.0	0.0	6.0	0.0	1.0	0.0	3.0	0.0	2.0	0.0	2.0	1.0	0.0	4.0	2.0	2.0	0.0	4.0	0.0	2.0	4.0	1.0	1.0	0.0	0.0	1.0	0.0	0.0	1.0	4.0	0.0	1.0	0.0	2.0	6.0	11.0	0.0	4.0	2.0	0.0	1.0	0.0	0.0	0.0	0.0	1.0	0.0	5.0	0.0	0.0	0.0	0.0	0.0	0.0	0.0	0.0	1.0	0.0	0.0	0.0	1.0	2.0	0.0	6.0	0.0	0.0	0.0	1.0	0.0	0.0	0.0	0.0	0.0	0.0	0.0	0.0	1.0	0.0	4.0	0.0	0.0	3.0	0.0	9.0	0.0	13.0	0.0
3f1ed51e954b35a8108c12dd882b696b	2.0	1.0	0.0	0.0	2.0	0.0	0.0	0.0	6.0	0.0	0.0	0.0	0.0	0.0	5.0	2.0	0.0	0.0	0.0	0.0	1.0	0.0	0.0	0.0	0.0	0.0	0.0	2.0	2.0	0.0	0.0	0.0	0.0	1.0	1.0	5.0	0.0	0.0	0.0	0.0	0.0	0.0	0.0	0.0	0.0	1.0	0.0	0.0	0.0	0.0	0.0	0.0	0.0	0.0	0.0	0.0	0.0	0.0	0.0	0.0	1.0	0.0	1.0	0.0	9.0	0.0	0.0	0.0	0.0	0.0	0.0	5.0	7.0	0.0	1.0	1.0	0.0	0.0	0.0	0.0	0.0	0.0	2.0	0.0	1.0	0.0	0.0	3.0	1.0	0.0	2.0	2.0	2.0	0.0	0.0	2.0	0.0	0.0	0.0	0.0	0.0	0.0	0.0	0.0	0.0	0.0	0.0	9.0	0.0	0.0	2.0	0.0	0.0	0.0	0.0	0.0	4.0	0.0	0.0	1.0	0.0	0.0	0.0	0.0	0.0	0.0	4.0	0.0	1.0	0.0	0.0	0.0	0.0	0.0	1.0	0.0	0.0	0.0	0.0	0.0	0.0	0.0	0.0	0.0	0.0	0.0	0.0	2.0	0.0	0.0	0.0	0.0	1.0	0.0	0.0	1.0	0.0	0.0	0.0	0.0	2.0	0.0	0.0	4.0	0.0	1.0	0.0	0.0	0.0	0.0	2.0	0.0	0.0	0.0	0.0	2.0	1.0	1.0	0.0	0.0	0.0	14.0	0.0	3.0	0.0	0.0	0.0	1.0	0.0	1.0	0.0	0.0	0.0	0.0	0.0	0.0	0.0	0.0
9f4d14b114e7499772a797790d81c1db	2.0	0.0	1.0	0.0	0.0	2.0	0.0	2.0	2.0	0.0	6.0	1.0	2.0	0.0	0.0	0.0	0.0	1.0	1.0	0.0	1.0	0.0	0.0	2.0	0.0	3.0	2.0	0.0	0.0	1.0	1.0	0.0	0.0	3.0	1.0	0.0	3.0	0.0	2.0	0.0	0.0	0.0	6.0	0.0	0.0	0.0	1.0	3.0	0.0	1.0	0.0	1.0	1.0	0.0	0.0	0.0	11.0	2.0	0.0	0.0	0.0	0.0	0.0	2.0	0.0	0.0	0.0	0.0	0.0	0.0	0.0	0.0	0.0	1.0	4.0	0.0	0.0	0.0	0.0	0.0	0.0	0.0	3.0	1.0	0.0	0.0	13.0	0.0	2.0	0.0	1.0	0.0	0.0	0.0	0.0	0.0	0.0	0.0	8.0	1.0	3.0	0.0	0.0	0.0	3.0	1.0	0.0	0.0	18.0	0.0	0.0	0.0	0.0	0.0	0.0	0.0	0.0	0.0	0.0	0.0	0.0	1.0	0.0	0.0	4.0	2.0	2.0	0.0	4.0	0.0	0.0	0.0	3.0	0.0	1.0	0.0	3.0	0.0	2.0	4.0	2.0	0.0	0.0	0.0	2.0	0.0	1.0	0.0	3.0	1.0	2.0	0.0	0.0	1.0	0.0	4.0	0.0	1.0	7.0	0.0	1.0	0.0	2.0	3.0	3.0	0.0	0.0	1.0	1.0	6.0	0.0	2.0	0.0	0.0	0.0	6.0	0.0	0.0	0.0	0.0	0.0	0.0	0.0	0.0	0.0	1.0	0.0	0.0	0.0	6.0	0.0	0.0	0.0	0.0	0.0	0.0	2.0	0.0
180b74e94caf35fac5e1f0f4b7ad9d9f	0.0	0.0	3.0	1.0	0.0	0.0	0.0	3.0	0.0	3.0	0.0	0.0	0.0	2.0	0.0	0.0	0.0	1.0	0.0	1.0	2.0	0.0	0.0	4.0	1.0	0.0	0.0	0.0	0.0	0.0	2.0	0.0	0.0	4.0	0.0	0.0	0.0	0.0	0.0	0.0	3.0	0.0	1.0	0.0	0.0	0.0	3.0	0.0	0.0	0.0	0.0	0.0	0.0	1.0	0.0	7.0	0.0	4.0	0.0	2.0	3.0	0.0	0.0	0.0	0.0	0.0	1.0	0.0	2.0	0.0	0.0	0.0	0.0	1.0	1.0	0.0	0.0	2.0	0.0	0.0	2.0	1.0	1.0	0.0	0.0	4.0	0.0	0.0	0.0	2.0	1.0	0.0	0.0	3.0	0.0	1.0	0.0	0.0	0.0	2.0	0.0	0.0	0.0	0.0	5.0	1.0	0.0	0.0	0.0	0.0	3.0	0.0	5.0	0.0	2.0	0.0	0.0	5.0	4.0	1.0	2.0	0.0	0.0	2.0	2.0	0.0	1.0	0.0	0.0	0.0	2.0	0.0	1.0	0.0	1.0	2.0	0.0	8.0	0.0	0.0	1.0	0.0	0.0	0.0	1.0	0.0	0.0	0.0	1.0	3.0	0.0	5.0	2.0	0.0	3.0	1.0	0.0	0.0	0.0	1.0	2.0	0.0	1.0	0.0	1.0	0.0	0.0	3.0	1.0	2.0	0.0	1.0	0.0	0.0	0.0	0.0	0.0	2.0	0.0	0.0	0.0	0.0	1.0	1.0	3.0	3.0	0.0	1.0	1.0	3.0	5.0	2.0	2.0	0.0	0.0	0.0	0.0	0.0
d315a0b30c8e21db4cfe89e65c0b2bf1	0.0	0.0	0.0	0.0	1.0	0.0	0.0	0.0	0.0	0.0	0.0	0.0	0.0	0.0	2.0	1.0	0.0	0.0	1.0	4.0	0.0	6.0	0.0	0.0	0.0	0.0	2.0	0.0	0.0	0.0	0.0	0.0	0.0	0.0	0.0	0.0	1.0	1.0	0.0	0.0	0.0	0.0	0.0	2.0	0.0	2.0	0.0	0.0	0.0	0.0	1.0	0.0	0.0	0.0	0.0	0.0	0.0	0.0	0.0	0.0	1.0	0.0	0.0	1.0	0.0	0.0	3.0	0.0	0.0	0.0	2.0	3.0	0.0	0.0	0.0	4.0	0.0	0.0	0.0	0.0	0.0	1.0	0.0	1.0	0.0	0.0	1.0	0.0	1.0	0.0	0.0	1.0	2.0	0.0	4.0	0.0	2.0	0.0	0.0	0.0	0.0	7.0	0.0	0.0	0.0	1.0	0.0	0.0	0.0	1.0	0.0	0.0	3.0	0.0	0.0	0.0	0.0	0.0	0.0	0.0	0.0	0.0	0.0	0.0	0.0	0.0	0.0	0.0	0.0	1.0	1.0	0.0	0.0	1.0	0.0	0.0	1.0	0.0	0.0	0.0	0.0	4.0	0.0	4.0	0.0	0.0	0.0	1.0	0.0	0.0	0.0	0.0	0.0	0.0	0.0	0.0	1.0	0.0	0.0	0.0	0.0	0.0	0.0	3.0	0.0	0.0	0.0	0.0	0.0	0.0	0.0	0.0	0.0	0.0	0.0	0.0	6.0	1.0	0.0	0.0	1.0	8.0	1.0	1.0	0.0	0.0	0.0	0.0	0.0	0.0	1.0	0.0	0.0	2.0	0.0	0.0	0.0	2.0
4b548f1f6fc22f32237396b7d4ffee6e	0.0	0.0	0.0	0.0	0.0	0.0	0.0	0.0	0.0	0.0	0.0	0.0	0.0	0.0	0.0	0.0	1.0	0.0	0.0	0.0	0.0	0.0	0.0	0.0	0.0	1.0	0.0	0.0	0.0	0.0	0.0	0.0	4.0	0.0	0.0	0.0	0.0	3.0	0.0	0.0	0.0	1.0	0.0	6.0	1.0	1.0	3.0	0.0	0.0	0.0	0.0	0.0	0.0	0.0	1.0	0.0	0.0	0.0	0.0	0.0	0.0	0.0	3.0	0.0	0.0	0.0	0.0	0.0	1.0	0.0	0.0	0.0	0.0	0.0	0.0	6.0	6.0	4.0	2.0	0.0	0.0	0.0	0.0	0.0	0.0	0.0	0.0	2.0	0.0	0.0	0.0	0.0	1.0	0.0	0.0	0.0	0.0	1.0	0.0	3.0	0.0	0.0	0.0	1.0	0.0	3.0	0.0	0.0	0.0	3.0	0.0	4.0	0.0	0.0	2.0	0.0	0.0	0.0	0.0	0.0	0.0	1.0	0.0	0.0	1.0	0.0	0.0	0.0	1.0	1.0	0.0	0.0	0.0	0.0	0.0	0.0	0.0	0.0	1.0	0.0	0.0	0.0	0.0	0.0	0.0	0.0	0.0	0.0	0.0	0.0	1.0	1.0	0.0	0.0	0.0	0.0	0.0	0.0	0.0	0.0	1.0	2.0	0.0	0.0	0.0	0.0	0.0	0.0	0.0	0.0	0.0	0.0	0.0	0.0	1.0	0.0	0.0	0.0	1.0	0.0	0.0	0.0	0.0	0.0	2.0	0.0	0.0	0.0	0.0	0.0	2.0	1.0	0.0	4.0	0.0	0.0	0.0	0.0
904ad13c7b8512200836d5cd9fb09e1b	0.0	0.0	0.0	0.0	0.0	6.0	0.0	6.0	0.0	0.0	10.0	3.0	0.0	0.0	0.0	0.0	1.0	0.0	0.0	0.0	0.0	0.0	0.0	5.0	22.0	3.0	0.0	3.0	0.0	0.0	1.0	0.0	0.0	0.0	0.0	5.0	1.0	3.0	0.0	6.0	1.0	0.0	3.0	0.0	0.0	0.0	1.0	0.0	0.0	2.0	0.0	0.0	3.0	0.0	0.0	0.0	2.0	2.0	3.0	0.0	1.0	0.0	0.0	0.0	0.0	0.0	0.0	0.0	0.0	0.0	4.0	0.0	0.0	1.0	0.0	0.0	2.0	0.0	0.0	0.0	2.0	1.0	0.0	0.0	0.0	0.0	0.0	1.0	5.0	0.0	0.0	0.0	0.0	0.0	0.0	0.0	0.0	0.0	0.0	3.0	0.0	0.0	0.0	0.0	1.0	1.0	0.0	2.0	0.0	0.0	0.0	1.0	3.0	0.0	0.0	2.0	0.0	0.0	0.0	0.0	0.0	0.0	0.0	6.0	0.0	0.0	1.0	0.0	0.0	0.0	3.0	0.0	0.0	2.0	0.0	0.0	0.0	7.0	0.0	0.0	0.0	0.0	2.0	0.0	0.0	0.0	0.0	0.0	0.0	6.0	5.0	0.0	0.0	0.0	0.0	0.0	0.0	0.0	0.0	0.0	1.0	0.0	0.0	0.0	0.0	0.0	0.0	0.0	0.0	0.0	0.0	0.0	0.0	0.0	4.0	0.0	0.0	0.0	0.0	0.0	0.0	0.0	0.0	0.0	0.0	0.0	0.0	0.0	0.0	0.0	0.0	0.0	5.0	0.0	6.0	0.0	2.0	0.0
0f92fcc184a951ff8b0914467ad2f8f9	0.0	0.0	0.0	0.0	0.0	0.0	0.0	0.0	0.0	0.0	0.0	0.0	0.0	0.0	0.0	0.0	0.0	0.0	1.0	0.0	0.0	1.0	0.0	0.0	0.0	0.0	2.0	0.0	0.0	0.0	0.0	1.0	0.0	0.0	0.0	2.0	0.0	2.0	0.0	0.0	0.0	0.0	0.0	0.0	0.0	4.0	0.0	0.0	0.0	0.0	0.0	0.0	0.0	0.0	0.0	0.0	0.0	0.0	0.0	0.0	0.0	0.0	0.0	0.0	5.0	0.0	0.0	0.0	2.0	0.0	0.0	2.0	2.0	1.0	0.0	1.0	1.0	0.0	0.0	0.0	0.0	1.0	0.0	3.0	0.0	0.0	2.0	0.0	1.0	1.0	2.0	0.0	0.0	0.0	0.0	0.0	2.0	0.0	0.0	0.0	7.0	0.0	5.0	0.0	1.0	0.0	0.0	0.0	0.0	0.0	0.0	0.0	0.0	1.0	0.0	0.0	0.0	0.0	4.0	2.0	1.0	0.0	0.0	0.0	0.0	0.0	0.0	0.0	0.0	0.0	0.0	1.0	0.0	5.0	1.0	3.0	0.0	0.0	0.0	0.0	0.0	0.0	0.0	0.0	0.0	0.0	0.0	0.0	0.0	0.0	0.0	0.0	0.0	2.0	0.0	0.0	0.0	1.0	0.0	0.0	0.0	0.0	0.0	0.0	0.0	0.0	2.0	0.0	0.0	4.0	0.0	0.0	0.0	5.0	1.0	2.0	0.0	0.0	0.0	0.0	0.0	1.0	0.0	0.0	0.0	0.0	0.0	0.0	0.0	0.0	0.0	0.0	0.0	0.0	1.0	1.0	0.0	0.0
74923f4bbde849e27fc4eda25d757e2a	2.0	0.0	0.0	0.0	6.0	1.0	0.0	0.0	0.0	0.0	1.0	1.0	0.0	0.0	1.0	0.0	0.0	0.0	0.0	3.0	0.0	0.0	0.0	0.0	0.0	0.0	0.0	0.0	0.0	0.0	0.0	0.0	0.0	0.0	0.0	2.0	0.0	0.0	0.0	0.0	0.0	1.0	0.0	0.0	0.0	0.0	0.0	0.0	3.0	0.0	0.0	0.0	0.0	0.0	0.0	0.0	0.0	0.0	4.0	0.0	0.0	4.0	0.0	2.0	1.0	1.0	0.0	0.0	0.0	0.0	0.0	0.0	1.0	0.0	0.0	0.0	0.0	2.0	0.0	0.0	0.0	0.0	0.0	0.0	0.0	0.0	1.0	1.0	0.0	0.0	0.0	0.0	0.0	0.0	1.0	0.0	1.0	0.0	0.0	0.0	0.0	1.0	5.0	0.0	0.0	1.0	0.0	2.0	14.0	2.0	0.0	0.0	0.0	2.0	1.0	0.0	0.0	0.0	0.0	0.0	0.0	0.0	0.0	0.0	0.0	0.0	0.0	0.0	0.0	0.0	0.0	1.0	0.0	0.0	0.0	0.0	0.0	0.0	0.0	0.0	0.0	2.0	0.0	0.0	0.0	0.0	0.0	3.0	0.0	0.0	0.0	0.0	1.0	0.0	0.0	0.0	0.0	0.0	0.0	0.0	0.0	0.0	0.0	0.0	0.0	2.0	0.0	0.0	0.0	0.0	0.0	0.0	0.0	2.0	0.0	1.0	3.0	0.0	1.0	1.0	0.0	0.0	0.0	1.0	0.0	0.0	2.0	2.0	0.0	0.0	0.0	0.0	0.0	0.0	0.0	0.0	1.0	0.0
a6099802840e60febef8e896967b7747	0.0	0.0	0.0	0.0	1.0	0.0	0.0	0.0	0.0	0.0	0.0	1.0	2.0	0.0	1.0	0.0	0.0	0.0	0.0	0.0	0.0	0.0	0.0	0.0	3.0	0.0	4.0	0.0	0.0	0.0	0.0	0.0	0.0	2.0	2.0	0.0	0.0	0.0	0.0	0.0	0.0	0.0	0.0	0.0	1.0	0.0	0.0	0.0	0.0	1.0	0.0	0.0	1.0	0.0	1.0	0.0	4.0	0.0	0.0	0.0	0.0	0.0	0.0	0.0	0.0	0.0	1.0	0.0	0.0	0.0	0.0	0.0	0.0	0.0	0.0	0.0	0.0	0.0	0.0	0.0	0.0	0.0	2.0	0.0	0.0	0.0	0.0	2.0	2.0	0.0	0.0	1.0	0.0	0.0	0.0	0.0	1.0	0.0	2.0	0.0	1.0	0.0	0.0	0.0	0.0	0.0	0.0	0.0	0.0	0.0	0.0	0.0	1.0	0.0	2.0	0.0	0.0	0.0	0.0	0.0	0.0	0.0	0.0	0.0	0.0	0.0	2.0	0.0	2.0	2.0	1.0	0.0	0.0	0.0	1.0	0.0	0.0	0.0	0.0	1.0	0.0	1.0	1.0	0.0	1.0	0.0	0.0	0.0	3.0	0.0	1.0	2.0	0.0	0.0	0.0	0.0	3.0	0.0	0.0	0.0	0.0	0.0	0.0	1.0	0.0	0.0	0.0	1.0	0.0	0.0	0.0	0.0	0.0	0.0	1.0	0.0	0.0	0.0	0.0	0.0	0.0	0.0	0.0	0.0	0.0	0.0	0.0	0.0	0.0	0.0	0.0	0.0	0.0	1.0	0.0	0.0	1.0	0.0
