OTU_ID	udca.trial.10A8ZTLEH3BM6	udca.trial.158KF2HHZB2SM	udca.trial.1657Q4GSV4BQ4	udca.trial.18AJLL41R17N6	udca.trial.19D6JKPRCOGMI	udca.trial.1ASRS6LG57M1B	udca.trial.1BE1LEW2I6WQ6	udca.trial.1D1GUV5UWOIAZ	udca.trial.1DOVM1J6JSULO	udca.trial.1HHVO3OHXGZ56	udca.trial.1K7V85P4VNODP	udca.trial.1KAMAQP2GI7CX	udca.trial.1KQ4D4BIQTS7	udca.trial.1MFY67CBCF39Z	udca.trial.1N7C98K15SXAO	udca.trial.1PMTD91HZ4SPL	udca.trial.1QQUU9V37II5Q	udca.trial.1UA75JSQ7WLAR	udca.trial.1UTR7QMCFBZ5G	udca.trial.1V1RICDV2LX1H	udca.trial.1W5SZD7GAZMHM	udca.trial.1WJXJRW2EO3PH	udca.trial.1WQAE77FBXY32	udca.trial.1YUIN9AWD0EJC	udca.trial.1Z2IXV2F0ACFD	udca.trial.21YMRQ05EVKZQ	udca.trial.24BLQAPYQMKH2	udca.trial.25C3QC8Z24RUK	udca.trial.25R2805I3LBWI	udca.trial.25Z2ILX0QV9SJ	udca.trial.277PK5NP57T1F	udca.trial.28XMZ1P51AAJT	udca.trial.2C798OE98UIYN	udca.trial.2FIRJ3XSNA5XO	udca.trial.2GFEU5X3J3EV6	udca.trial.2H0ONE7PW2PK1	udca.trial.2J11QU8XEKXCL	udca.trial.2K2AMF5BGD02U	udca.trial.2MYEGA31UY8N7	udca.trial.2N31JNXEMO66M	udca.trial.2OSLR29WBATD9	udca.trial.2QQJGK2UUN8RO	udca.trial.2R9QTPK8PF5X	udca.trial.300DOIEYINW79	udca.trial.31N6TBRIMG0EO	udca.trial.31SG1CJ3OVFBH	udca.trial.32NV34NXZ9PI7	udca.trial.331QQE49ZOJOF	udca.trial.34M1PRP6LVRY9	udca.trial.34QOT5JJDLPHO	udca.trial.34WK5T8CQQLRV	udca.trial.36O7EBD8JTKL	udca.trial.37C19TPTK2H6S	udca.trial.39C3X9LHDJY71	udca.trial.3BZF24H1SU9RY	udca.trial.3EOI02VVTRGM	udca.trial.3FUB4ZGSDDSVN	udca.trial.3G5UWKIVXJ8UB	udca.trial.3ILY57XL1KLMM	udca.trial.3JPZM8R69YB2R	udca.trial.3KUANX8XZEJ4	udca.trial.3LCSR23QDQFA6	udca.trial.3NNMROQUFCD5O	udca.trial.3O8WKX1GSBNUJ	udca.trial.3P2STE0U3ADST	udca.trial.3SKFDMHGY4K3O	udca.trial.3TB8UVP82K0HN	udca.trial.3UZWHMYXRGFIL	udca.trial.3W8ESA9GQ8KS4	udca.trial.3XDHKULZDWWDB	udca.trial.3ZM86E3NR4WDN	udca.trial.3ZWP3KPKA8MGL	udca.trial.41FCMRUB6FR7Z	udca.trial.42FJET46Z4I84	udca.trial.43JKVTXS7I7O9	udca.trial.4A1YDB6I8NK2W	udca.trial.4AFU0KMU92E94	udca.trial.4B1CQY5QPBBZM	udca.trial.4B5ZUC03H19J1	udca.trial.4DM32ZESL2MBC	udca.trial.4DOU5KEQ5X5AK	udca.trial.4H9KZVK8T1OWE	udca.trial.4LZW4IOTNZI6T	udca.trial.4NX7PDKJWMG7U	udca.trial.4OVZYDMK2KQR6	udca.trial.4Q6782AID439T	udca.trial.4QLXD9NZYN89K	udca.trial.4SO4YNMD29QVN	udca.trial.4TSSKBD6LCXP6	udca.trial.4VMZV3K11PIF8	udca.trial.4XV2T577IGXBI	udca.trial.4Z1VCR0QBP5QV	udca.trial.4ZAHRZPH9OL0A	udca.trial.50NN60UD06NT8	udca.trial.516ETTDBVL2KI	udca.trial.52MM7268YTPCP	udca.trial.536HH98ZP2JKR	udca.trial.57CXBPATTRIN4	udca.trial.57DJGC824H00I	udca.trial.57I6JQ2EW6XJX	udca.trial.5B1IV001WL0OY	udca.trial.5BDOR7ZDRFY10	udca.trial.5D1LIFVPQ2HP7	udca.trial.5FNZANKXBTVJD	udca.trial.5FVZL9CFZ3TFE	udca.trial.5FWLPW9O9TASS	udca.trial.5GX9ZP63MMZWB	udca.trial.5I8JCXGK69O52	udca.trial.5IK34IINQF43Q	udca.trial.5KMWUJE94R437	udca.trial.5LMB86DHLEVZX	udca.trial.5MPQKK9UJ342O	udca.trial.5NG9LTC1YHTOC	udca.trial.5NUFP2XXNXEMV	udca.trial.5O4AHMMLWBNCF	udca.trial.5SD27R2OHA0MC	udca.trial.5U7VN66R8C2PS	udca.trial.5XXII0EWQG6WO	udca.trial.5YOBZ9MNUVNAN	udca.trial.5ZGYFLUAYOARH	udca.trial.6169PUYIK1AWH	udca.trial.6190SFYG4VTVP	udca.trial.61EA0GQ17B8SI	udca.trial.61RSG8HF0A8MZ	udca.trial.62YC2P2NQ8U0P	udca.trial.64D4WWNP6R0C3	udca.trial.64LRC5CG4QFLI	udca.trial.69FH6VBGGZCZ7	udca.trial.6ALZAGZFL6UM9	udca.trial.6ATDGFTPXRB4W	udca.trial.6CGSPW3IC8WPP	udca.trial.6DAD9QB71IW2W	udca.trial.6DCTWB5KXCO9T	udca.trial.6DQ3EXOON212N	udca.trial.6FZIWJ3X1XIHC	udca.trial.6G8BLJ6318FGS	udca.trial.6HV4QCIN50JO7	udca.trial.6IJRQSQFDJUPO	udca.trial.6IP0YTI0FZ9MH	udca.trial.6JER3PD8EFAE	udca.trial.6KBU3MUKJRDTW	udca.trial.6LN9QMIG4PJSO	udca.trial.6NVYTB2UW6G2C	udca.trial.6RI8GXDUIQJWM	udca.trial.6RIULKB2TG1A0	udca.trial.6S3R7AWQYZHN4	udca.trial.6TD1WCHX9SM02	udca.trial.6TDO0ZF5KI3DG	udca.trial.6UUZ0MRUIL5MF	udca.trial.6VTR9MTUOJG5R	udca.trial.6XLTMGXZUQZ9Z	udca.trial.6YUR40U7Y49B6	udca.trial.70HBBOYHYMQGY	udca.trial.70NH4CSV0SDJG	udca.trial.71W45WJJF4WSC	udca.trial.721ZIK8CS9T2J	udca.trial.74KTTSMZH5OU2	udca.trial.74Y3CF636V1MW	udca.trial.76CA1ZTWCNQKW	udca.trial.78KD01H2TF5H6	udca.trial.79P0LP7WCICAP	udca.trial.79Z5U9249XBSK	udca.trial.7A764UTMX79OL	udca.trial.7CV9O3ZUOIKCX	udca.trial.7FAKID3WGIY1T	udca.trial.7G2QZSM9LXR5X	udca.trial.7H8XERIK4GI7W	udca.trial.7HRG5ET8WL9XJ	udca.trial.7HXLY2NLYQX01	udca.trial.7I5M8OF4M0UW2	udca.trial.7MAZ8Q0RPO42P	udca.trial.7NV1AYDE8LPAW	udca.trial.7OPNYC7L6Z0E7	udca.trial.7QL9S5MBA21L2	udca.trial.867VX1XC6JHT	udca.trial.8Y3GPW6PPBLW	udca.trial.AP275GK12F9C	udca.trial.FFDBSL4W08JR	udca.trial.FH32U251K5DX	udca.trial.FNZR19VTZNT6	udca.trial.FT8Z21GWF2PZ	udca.trial.GWOBFXTU3ASQ	udca.trial.HQUZX2QU2RJB	udca.trial.IBH5NIVALH44	udca.trial.IKO555H8IW9	udca.trial.JNIXA3Z694GA	udca.trial.KWTMBP5H28T8	udca.trial.M1H7ZFZ05FMR	udca.trial.OH7955PWQY3B	udca.trial.OKBJ7ULP1BEA	udca.trial.PJ3S7WLUZLXM	udca.trial.QEIU01G5DW4C	udca.trial.R8F2H0TGCM2M	udca.trial.S6L6U5LBLF8K	udca.trial.SSH4PDFZA7AT	udca.trial.U45OU9LNI0B8	udca.trial.V0K2R0MG1M73	udca.trial.YHKICK106B4K
8937656c16c20701c107e715bad86732	41.0	31.0	0.0	21.0	62.0	209.0	58.0	8.0	61.0	5.0	0.0	11.0	39.0	0.0	4.0	59.0	8.0	63.0	12.0	16.0	44.0	101.0	8.0	52.0	39.0	21.0	12.0	5.0	0.0	22.0	31.0	126.0	22.0	6.0	0.0	68.0	194.0	6.0	10.0	35.0	174.0	13.0	17.0	8.0	70.0	0.0	22.0	24.0	15.0	19.0	141.0	19.0	100.0	19.0	388.0	23.0	11.0	21.0	7.0	33.0	16.0	6.0	20.0	15.0	27.0	18.0	30.0	0.0	0.0	27.0	0.0	24.0	7.0	251.0	21.0	28.0	74.0	0.0	38.0	324.0	0.0	12.0	174.0	234.0	47.0	4.0	9.0	0.0	134.0	74.0	33.0	230.0	95.0	4.0	21.0	166.0	11.0	0.0	80.0	112.0	5.0	134.0	53.0	51.0	30.0	0.0	14.0	118.0	7.0	64.0	19.0	50.0	0.0	10.0	0.0	86.0	44.0	55.0	44.0	4.0	242.0	9.0	3.0	26.0	157.0	85.0	3.0	37.0	30.0	0.0	38.0	38.0	87.0	15.0	16.0	58.0	107.0	6.0	5.0	0.0	37.0	19.0	67.0	38.0	0.0	2.0	0.0	42.0	130.0	17.0	23.0	24.0	140.0	0.0	15.0	97.0	311.0	21.0	0.0	3.0	38.0	160.0	16.0	7.0	11.0	133.0	48.0	17.0	4.0	9.0	8.0	0.0	53.0	0.0	0.0	54.0	32.0	33.0	0.0	67.0	0.0	0.0	0.0	0.0	0.0	97.0	56.0	33.0	29.0	88.0	32.0	9.0	60.0	0.0	31.0	32.0	0.0	18.0
ac5402de1ddf427ab8d2b0a8a0a44f19	113.0	120.0	179.0	56.0	2.0	40.0	114.0	36.0	210.0	0.0	100.0	179.0	94.0	0.0	1.0	0.0	93.0	0.0	54.0	63.0	1.0	76.0	220.0	0.0	26.0	29.0	28.0	23.0	90.0	76.0	8.0	41.0	0.0	90.0	115.0	28.0	28.0	25.0	8.0	5.0	38.0	96.0	1.0	0.0	105.0	54.0	0.0	58.0	13.0	270.0	0.0	52.0	52.0	0.0	2.0	0.0	28.0	72.0	0.0	0.0	268.0	235.0	42.0	96.0	164.0	177.0	0.0	0.0	63.0	138.0	0.0	106.0	33.0	0.0	88.0	34.0	0.0	0.0	13.0	0.0	40.0	0.0	0.0	58.0	0.0	47.0	125.0	0.0	50.0	0.0	27.0	112.0	0.0	21.0	0.0	41.0	0.0	0.0	0.0	97.0	0.0	42.0	102.0	18.0	109.0	0.0	7.0	28.0	91.0	34.0	0.0	34.0	62.0	125.0	14.0	34.0	0.0	0.0	70.0	68.0	89.0	2.0	143.0	0.0	0.0	0.0	24.0	108.0	42.0	0.0	6.0	42.0	66.0	63.0	58.0	42.0	11.0	33.0	39.0	39.0	97.0	160.0	44.0	0.0	82.0	186.0	210.0	5.0	21.0	37.0	0.0	81.0	9.0	19.0	25.0	0.0	66.0	0.0	49.0	41.0	0.0	0.0	66.0	47.0	14.0	6.0	22.0	5.0	0.0	29.0	46.0	15.0	10.0	21.0	0.0	9.0	0.0	0.0	0.0	68.0	55.0	73.0	154.0	0.0	210.0	5.0	0.0	0.0	21.0	289.0	37.0	27.0	104.0	0.0	120.0	98.0	4.0	33.0
ea2b0e4a93c24c6c3661cbe347f93b74	157.0	47.0	85.0	43.0	2.0	20.0	20.0	190.0	17.0	0.0	48.0	52.0	52.0	39.0	105.0	0.0	46.0	0.0	21.0	72.0	0.0	69.0	30.0	410.0	33.0	30.0	89.0	11.0	42.0	23.0	26.0	26.0	0.0	47.0	28.0	24.0	17.0	120.0	22.0	5.0	90.0	140.0	207.0	74.0	12.0	11.0	21.0	57.0	159.0	118.0	14.0	25.0	75.0	27.0	0.0	0.0	30.0	59.0	57.0	22.0	0.0	49.0	56.0	77.0	176.0	128.0	0.0	12.0	12.0	79.0	26.0	41.0	33.0	9.0	16.0	202.0	0.0	6.0	38.0	0.0	19.0	31.0	6.0	19.0	0.0	0.0	63.0	0.0	3.0	83.0	3.0	25.0	3.0	0.0	14.0	3.0	0.0	14.0	1.0	30.0	136.0	63.0	43.0	4.0	33.0	0.0	34.0	34.0	53.0	24.0	51.0	100.0	23.0	38.0	185.0	6.0	38.0	11.0	68.0	45.0	0.0	19.0	61.0	49.0	0.0	0.0	15.0	61.0	62.0	45.0	16.0	26.0	29.0	34.0	10.0	0.0	85.0	93.0	57.0	21.0	80.0	32.0	8.0	67.0	0.0	25.0	0.0	28.0	41.0	127.0	4.0	40.0	0.0	0.0	96.0	18.0	0.0	82.0	7.0	9.0	0.0	27.0	24.0	12.0	0.0	9.0	14.0	13.0	34.0	28.0	75.0	90.0	0.0	3.0	15.0	12.0	122.0	34.0	0.0	30.0	170.0	0.0	50.0	187.0	11.0	15.0	3.0	22.0	44.0	14.0	93.0	153.0	93.0	25.0	14.0	214.0	0.0	16.0
60c57911662a9159dfdd0fc05d975a55	8.0	9.0	0.0	32.0	7.0	26.0	0.0	12.0	0.0	9.0	45.0	4.0	227.0	2.0	78.0	13.0	37.0	100.0	62.0	44.0	49.0	0.0	7.0	0.0	7.0	86.0	8.0	74.0	35.0	34.0	25.0	0.0	6.0	17.0	92.0	17.0	0.0	57.0	87.0	16.0	0.0	12.0	13.0	18.0	0.0	0.0	178.0	51.0	0.0	4.0	16.0	26.0	43.0	34.0	21.0	0.0	58.0	35.0	38.0	43.0	0.0	8.0	38.0	66.0	35.0	3.0	0.0	0.0	53.0	85.0	0.0	26.0	0.0	11.0	71.0	56.0	88.0	0.0	1.0	0.0	7.0	0.0	0.0	0.0	0.0	11.0	2.0	0.0	37.0	37.0	4.0	31.0	3.0	23.0	63.0	135.0	60.0	0.0	6.0	0.0	139.0	57.0	0.0	20.0	9.0	0.0	2.0	0.0	8.0	27.0	3.0	111.0	0.0	6.0	0.0	36.0	0.0	16.0	8.0	14.0	14.0	0.0	132.0	0.0	0.0	0.0	137.0	67.0	45.0	0.0	13.0	55.0	6.0	19.0	27.0	0.0	9.0	177.0	0.0	46.0	15.0	14.0	0.0	15.0	0.0	0.0	122.0	20.0	0.0	15.0	112.0	161.0	12.0	171.0	11.0	35.0	0.0	5.0	0.0	0.0	17.0	11.0	29.0	10.0	0.0	7.0	56.0	0.0	90.0	2.0	83.0	0.0	13.0	7.0	0.0	22.0	43.0	30.0	0.0	24.0	0.0	0.0	116.0	3.0	0.0	43.0	143.0	41.0	18.0	3.0	48.0	26.0	0.0	19.0	47.0	25.0	0.0	83.0
79280cea51a6fe8a3432b2f266dd34db	23.0	19.0	71.0	40.0	2.0	18.0	3.0	22.0	0.0	139.0	41.0	66.0	10.0	49.0	20.0	38.0	22.0	56.0	10.0	20.0	23.0	17.0	67.0	3.0	30.0	122.0	37.0	39.0	30.0	117.0	7.0	36.0	21.0	41.0	0.0	66.0	0.0	13.0	16.0	85.0	0.0	47.0	35.0	33.0	16.0	75.0	13.0	27.0	0.0	8.0	16.0	27.0	21.0	17.0	0.0	3.0	16.0	3.0	12.0	11.0	0.0	19.0	20.0	32.0	107.0	41.0	81.0	0.0	36.0	39.0	22.0	22.0	322.0	69.0	16.0	31.0	0.0	88.0	5.0	0.0	0.0	113.0	68.0	0.0	19.0	5.0	30.0	0.0	55.0	14.0	30.0	27.0	29.0	14.0	80.0	27.0	1.0	0.0	11.0	0.0	0.0	29.0	8.0	24.0	23.0	0.0	4.0	48.0	6.0	12.0	76.0	31.0	127.0	65.0	29.0	4.0	22.0	45.0	26.0	31.0	13.0	13.0	0.0	22.0	0.0	0.0	97.0	14.0	177.0	4.0	22.0	55.0	25.0	63.0	206.0	2.0	28.0	36.0	30.0	10.0	9.0	24.0	15.0	9.0	0.0	0.0	0.0	7.0	60.0	11.0	64.0	6.0	0.0	98.0	23.0	47.0	0.0	0.0	25.0	4.0	53.0	14.0	8.0	140.0	0.0	31.0	10.0	5.0	29.0	5.0	0.0	19.0	9.0	0.0	30.0	61.0	18.0	10.0	0.0	39.0	8.0	0.0	18.0	10.0	0.0	78.0	21.0	20.0	13.0	0.0	36.0	7.0	43.0	0.0	49.0	35.0	0.0	39.0
149e7d5e484d157f2ac6140a2111618e	7.0	12.0	93.0	32.0	84.0	23.0	2.0	25.0	0.0	0.0	10.0	14.0	6.0	140.0	80.0	0.0	11.0	194.0	4.0	46.0	11.0	11.0	11.0	0.0	20.0	17.0	5.0	14.0	5.0	3.0	34.0	0.0	7.0	4.0	32.0	49.0	4.0	22.0	0.0	16.0	0.0	6.0	15.0	4.0	0.0	18.0	54.0	2.0	0.0	0.0	4.0	8.0	6.0	2.0	35.0	47.0	46.0	21.0	28.0	26.0	3.0	3.0	1.0	10.0	39.0	9.0	0.0	0.0	1.0	11.0	0.0	11.0	145.0	30.0	5.0	11.0	0.0	0.0	10.0	0.0	79.0	2.0	0.0	80.0	86.0	58.0	55.0	4.0	21.0	0.0	39.0	2.0	9.0	333.0	44.0	10.0	0.0	0.0	4.0	0.0	101.0	59.0	14.0	3.0	2.0	0.0	3.0	0.0	24.0	4.0	12.0	10.0	1.0	4.0	0.0	63.0	93.0	25.0	61.0	16.0	0.0	22.0	0.0	8.0	0.0	0.0	0.0	9.0	5.0	0.0	55.0	15.0	35.0	102.0	0.0	14.0	38.0	10.0	11.0	6.0	6.0	1.0	1.0	0.0	0.0	0.0	31.0	15.0	25.0	1.0	25.0	7.0	25.0	5.0	19.0	9.0	0.0	5.0	0.0	8.0	13.0	3.0	59.0	0.0	87.0	116.0	53.0	0.0	0.0	52.0	37.0	22.0	221.0	95.0	0.0	9.0	42.0	0.0	0.0	112.0	50.0	0.0	0.0	20.0	0.0	32.0	18.0	7.0	77.0	0.0	4.0	2.0	33.0	0.0	2.0	0.0	0.0	3.0
04195686f2b70585790ec75320de0d6f	0.0	0.0	11.0	23.0	252.0	12.0	0.0	0.0	26.0	0.0	0.0	0.0	0.0	0.0	0.0	1.0	10.0	3.0	1.0	2.0	1.0	8.0	0.0	0.0	12.0	0.0	0.0	0.0	0.0	2.0	2.0	0.0	0.0	365.0	0.0	0.0	0.0	1.0	124.0	33.0	0.0	0.0	0.0	1.0	0.0	0.0	7.0	0.0	22.0	0.0	0.0	6.0	0.0	0.0	0.0	1.0	2.0	0.0	0.0	0.0	22.0	0.0	0.0	5.0	0.0	0.0	3.0	233.0	242.0	4.0	0.0	1.0	0.0	0.0	20.0	0.0	2.0	0.0	144.0	3.0	1.0	0.0	0.0	0.0	0.0	32.0	0.0	0.0	0.0	0.0	230.0	1.0	0.0	0.0	1.0	0.0	79.0	0.0	3.0	0.0	0.0	2.0	0.0	2.0	9.0	7.0	0.0	0.0	0.0	0.0	0.0	0.0	0.0	1.0	1.0	13.0	4.0	0.0	0.0	28.0	1.0	0.0	21.0	0.0	0.0	0.0	0.0	0.0	0.0	2.0	4.0	2.0	2.0	19.0	4.0	1.0	0.0	0.0	16.0	1.0	5.0	0.0	6.0	0.0	3.0	0.0	3.0	0.0	1.0	133.0	0.0	1.0	0.0	2.0	0.0	32.0	0.0	0.0	7.0	206.0	1.0	3.0	4.0	0.0	1.0	0.0	124.0	0.0	1.0	372.0	1.0	0.0	6.0	36.0	0.0	124.0	211.0	0.0	4.0	1.0	0.0	0.0	0.0	0.0	49.0	0.0	0.0	0.0	2.0	0.0	0.0	0.0	0.0	0.0	1.0	0.0	6.0	35.0
ad52a0f6646c574417ce0b13b84acfa9	0.0	39.0	0.0	0.0	67.0	32.0	8.0	94.0	0.0	4.0	3.0	23.0	4.0	0.0	45.0	0.0	0.0	0.0	13.0	51.0	16.0	36.0	2.0	0.0	114.0	0.0	5.0	0.0	11.0	0.0	23.0	0.0	5.0	0.0	333.0	10.0	47.0	13.0	7.0	182.0	110.0	34.0	0.0	0.0	30.0	0.0	20.0	3.0	0.0	7.0	107.0	23.0	0.0	7.0	62.0	0.0	18.0	31.0	0.0	99.0	0.0	29.0	25.0	24.0	0.0	7.0	24.0	0.0	0.0	16.0	24.0	42.0	0.0	61.0	1.0	20.0	16.0	0.0	11.0	0.0	155.0	94.0	0.0	0.0	43.0	78.0	18.0	31.0	0.0	0.0	9.0	15.0	0.0	0.0	0.0	0.0	0.0	0.0	13.0	0.0	1.0	0.0	16.0	0.0	0.0	0.0	0.0	0.0	0.0	75.0	0.0	0.0	0.0	0.0	0.0	26.0	0.0	0.0	22.0	26.0	57.0	458.0	0.0	4.0	0.0	0.0	0.0	6.0	42.0	0.0	32.0	55.0	30.0	0.0	69.0	0.0	37.0	8.0	28.0	54.0	0.0	2.0	0.0	14.0	0.0	0.0	0.0	27.0	0.0	22.0	68.0	0.0	0.0	1.0	0.0	29.0	0.0	0.0	0.0	0.0	25.0	0.0	1.0	9.0	0.0	82.0	90.0	0.0	0.0	13.0	9.0	0.0	0.0	54.0	0.0	1.0	0.0	10.0	0.0	16.0	0.0	0.0	4.0	0.0	0.0	66.0	75.0	8.0	75.0	24.0	17.0	2.0	39.0	32.0	0.0	0.0	0.0	49.0
e6a34eb113dba66df0b8bbec907a8f5d	18.0	44.0	19.0	71.0	1.0	46.0	41.0	0.0	0.0	0.0	0.0	24.0	3.0	52.0	1.0	30.0	27.0	0.0	24.0	40.0	0.0	43.0	23.0	30.0	41.0	2.0	20.0	5.0	71.0	50.0	10.0	23.0	90.0	28.0	0.0	31.0	0.0	35.0	16.0	1.0	0.0	43.0	0.0	56.0	35.0	35.0	88.0	96.0	59.0	21.0	1.0	24.0	6.0	0.0	1.0	24.0	7.0	50.0	66.0	20.0	106.0	19.0	28.0	42.0	0.0	46.0	0.0	0.0	35.0	0.0	44.0	13.0	0.0	0.0	24.0	0.0	0.0	0.0	60.0	0.0	38.0	0.0	54.0	20.0	12.0	68.0	61.0	0.0	7.0	0.0	31.0	24.0	0.0	0.0	11.0	12.0	1.0	1.0	72.0	6.0	2.0	105.0	0.0	5.0	32.0	0.0	105.0	0.0	0.0	9.0	34.0	33.0	61.0	40.0	101.0	11.0	4.0	30.0	67.0	61.0	0.0	19.0	0.0	128.0	0.0	0.0	50.0	79.0	14.0	8.0	142.0	18.0	51.0	11.0	7.0	40.0	64.0	59.0	77.0	11.0	66.0	0.0	9.0	0.0	0.0	12.0	0.0	69.0	19.0	27.0	59.0	31.0	38.0	0.0	59.0	58.0	0.0	90.0	0.0	61.0	0.0	19.0	31.0	41.0	0.0	6.0	30.0	91.0	19.0	31.0	0.0	90.0	0.0	0.0	5.0	0.0	21.0	44.0	0.0	58.0	14.0	6.0	31.0	10.0	0.0	47.0	53.0	47.0	17.0	0.0	32.0	56.0	53.0	72.0	66.0	38.0	44.0	40.0
5d62137a2d05df0be8d6b7e163a3ef08	0.0	0.0	0.0	0.0	1.0	0.0	0.0	0.0	0.0	0.0	0.0	0.0	0.0	0.0	0.0	0.0	0.0	1.0	0.0	0.0	2.0	0.0	0.0	0.0	0.0	0.0	0.0	0.0	0.0	7.0	0.0	0.0	0.0	0.0	1.0	0.0	120.0	0.0	0.0	0.0	0.0	0.0	0.0	2.0	0.0	0.0	0.0	0.0	54.0	3.0	0.0	52.0	0.0	0.0	0.0	0.0	58.0	20.0	0.0	0.0	3.0	0.0	0.0	0.0	0.0	0.0	24.0	0.0	0.0	9.0	0.0	0.0	4.0	0.0	0.0	0.0	0.0	0.0	0.0	4.0	1.0	0.0	0.0	0.0	15.0	0.0	0.0	0.0	0.0	27.0	0.0	0.0	10.0	100.0	0.0	0.0	1.0	0.0	0.0	0.0	0.0	0.0	212.0	0.0	0.0	145.0	0.0	0.0	0.0	0.0	4.0	7.0	0.0	0.0	4.0	14.0	0.0	0.0	0.0	4.0	0.0	0.0	0.0	0.0	4.0	0.0	0.0	0.0	0.0	7.0	0.0	0.0	0.0	0.0	0.0	0.0	0.0	12.0	0.0	0.0	0.0	0.0	0.0	8.0	0.0	0.0	0.0	17.0	0.0	0.0	0.0	0.0	0.0	0.0	36.0	0.0	0.0	50.0	0.0	0.0	58.0	0.0	0.0	0.0	3.0	0.0	0.0	2.0	0.0	10.0	22.0	0.0	0.0	34.0	0.0	0.0	0.0	0.0	44.0	0.0	0.0	9.0	0.0	0.0	131.0	8.0	58.0	0.0	0.0	116.0	0.0	0.0	0.0	0.0	90.0	0.0	8.0	0.0
c162a4f3943238810eba8a25f0563cca	8.0	2.0	75.0	5.0	0.0	4.0	11.0	0.0	0.0	69.0	10.0	26.0	15.0	2.0	48.0	0.0	21.0	3.0	1.0	33.0	0.0	3.0	16.0	11.0	3.0	7.0	98.0	5.0	8.0	32.0	58.0	27.0	477.0	9.0	0.0	10.0	11.0	25.0	20.0	1.0	12.0	0.0	12.0	75.0	92.0	9.0	0.0	34.0	0.0	7.0	2.0	27.0	4.0	0.0	1.0	243.0	6.0	31.0	7.0	4.0	17.0	16.0	0.0	29.0	0.0	12.0	0.0	0.0	59.0	36.0	6.0	5.0	1.0	0.0	10.0	0.0	29.0	3.0	16.0	0.0	0.0	16.0	14.0	0.0	0.0	12.0	11.0	0.0	2.0	131.0	1.0	27.0	0.0	5.0	20.0	9.0	17.0	17.0	8.0	41.0	1.0	4.0	15.0	6.0	67.0	17.0	33.0	65.0	4.0	0.0	47.0	17.0	36.0	23.0	72.0	3.0	7.0	38.0	14.0	16.0	0.0	2.0	0.0	12.0	0.0	27.0	4.0	18.0	3.0	0.0	6.0	7.0	2.0	2.0	6.0	0.0	29.0	10.0	56.0	0.0	43.0	298.0	6.0	116.0	0.0	34.0	0.0	23.0	53.0	35.0	7.0	38.0	0.0	7.0	29.0	10.0	10.0	0.0	0.0	43.0	197.0	10.0	3.0	3.0	36.0	4.0	8.0	0.0	7.0	4.0	0.0	8.0	4.0	7.0	1.0	2.0	0.0	14.0	0.0	16.0	47.0	43.0	12.0	10.0	15.0	2.0	10.0	28.0	22.0	0.0	11.0	0.0	9.0	57.0	8.0	38.0	0.0	18.0
eea6b86c0c75e740670ccc50613b1b23	12.0	4.0	22.0	6.0	8.0	16.0	10.0	27.0	20.0	7.0	18.0	3.0	8.0	32.0	27.0	108.0	11.0	3.0	12.0	5.0	6.0	55.0	4.0	7.0	5.0	48.0	3.0	4.0	3.0	16.0	101.0	47.0	6.0	2.0	0.0	5.0	31.0	9.0	32.0	6.0	7.0	4.0	6.0	3.0	8.0	23.0	40.0	9.0	20.0	5.0	5.0	9.0	25.0	5.0	4.0	42.0	8.0	6.0	12.0	15.0	8.0	1.0	6.0	9.0	11.0	12.0	9.0	35.0	1.0	8.0	29.0	18.0	21.0	20.0	49.0	3.0	27.0	258.0	19.0	94.0	82.0	70.0	43.0	37.0	40.0	12.0	15.0	0.0	6.0	20.0	8.0	21.0	6.0	10.0	6.0	50.0	94.0	140.0	34.0	67.0	44.0	14.0	3.0	4.0	6.0	17.0	0.0	20.0	12.0	5.0	1.0	25.0	29.0	1.0	61.0	6.0	76.0	6.0	15.0	9.0	50.0	30.0	27.0	7.0	209.0	83.0	33.0	14.0	6.0	93.0	37.0	11.0	10.0	2.0	43.0	24.0	8.0	11.0	5.0	2.0	0.0	1.0	51.0	5.0	14.0	10.0	0.0	7.0	27.0	4.0	27.0	3.0	45.0	10.0	21.0	8.0	20.0	6.0	2.0	7.0	1.0	42.0	13.0	0.0	49.0	45.0	9.0	11.0	6.0	2.0	9.0	14.0	10.0	62.0	37.0	5.0	13.0	1.0	0.0	42.0	55.0	147.0	7.0	7.0	64.0	35.0	21.0	4.0	43.0	11.0	20.0	0.0	12.0	0.0	7.0	12.0	18.0	5.0
c4f9ef34bd2919511069f409c25de6f1	46.0	0.0	0.0	26.0	0.0	0.0	51.0	78.0	0.0	0.0	34.0	0.0	0.0	0.0	0.0	61.0	0.0	1.0	0.0	36.0	0.0	0.0	0.0	40.0	0.0	4.0	34.0	0.0	12.0	0.0	30.0	0.0	0.0	0.0	0.0	30.0	0.0	73.0	0.0	3.0	0.0	0.0	0.0	146.0	72.0	0.0	75.0	71.0	15.0	0.0	39.0	0.0	0.0	0.0	0.0	0.0	79.0	22.0	49.0	41.0	0.0	72.0	9.0	0.0	0.0	0.0	0.0	0.0	0.0	0.0	55.0	14.0	8.0	24.0	0.0	109.0	148.0	0.0	0.0	0.0	0.0	23.0	10.0	0.0	0.0	0.0	0.0	0.0	0.0	193.0	0.0	0.0	64.0	0.0	53.0	0.0	0.0	0.0	161.0	0.0	6.0	0.0	0.0	0.0	0.0	0.0	20.0	16.0	13.0	0.0	201.0	0.0	0.0	0.0	0.0	2.0	0.0	78.0	0.0	82.0	0.0	0.0	19.0	213.0	2.0	111.0	0.0	56.0	0.0	0.0	17.0	0.0	0.0	0.0	0.0	0.0	0.0	49.0	12.0	16.0	10.0	0.0	0.0	173.0	0.0	0.0	0.0	25.0	21.0	7.0	33.0	36.0	0.0	0.0	0.0	34.0	0.0	0.0	0.0	0.0	0.0	9.0	0.0	0.0	0.0	0.0	0.0	0.0	111.0	0.0	12.0	0.0	0.0	0.0	13.0	0.0	0.0	95.0	0.0	16.0	0.0	0.0	0.0	70.0	0.0	0.0	14.0	163.0	0.0	0.0	13.0	81.0	0.0	100.0	0.0	0.0	0.0	0.0
25def15fb42bed6855ede4893d27a21d	0.0	0.0	1.0	0.0	66.0	13.0	0.0	0.0	0.0	7.0	0.0	0.0	0.0	15.0	17.0	73.0	0.0	0.0	0.0	4.0	0.0	20.0	25.0	0.0	0.0	0.0	7.0	0.0	3.0	3.0	2.0	0.0	2.0	0.0	0.0	0.0	32.0	0.0	0.0	0.0	0.0	3.0	45.0	1.0	0.0	0.0	0.0	2.0	0.0	1.0	0.0	8.0	0.0	0.0	52.0	31.0	0.0	0.0	0.0	0.0	2.0	4.0	0.0	0.0	0.0	0.0	59.0	44.0	0.0	0.0	192.0	0.0	0.0	0.0	36.0	1.0	0.0	0.0	274.0	41.0	0.0	0.0	0.0	0.0	0.0	1.0	0.0	0.0	26.0	1.0	0.0	1.0	1.0	0.0	0.0	0.0	0.0	0.0	4.0	0.0	0.0	2.0	161.0	0.0	0.0	0.0	0.0	0.0	0.0	0.0	0.0	0.0	0.0	0.0	0.0	208.0	50.0	0.0	0.0	0.0	0.0	1.0	0.0	0.0	4.0	0.0	0.0	0.0	20.0	0.0	0.0	7.0	0.0	38.0	0.0	0.0	0.0	3.0	5.0	73.0	0.0	0.0	35.0	36.0	8.0	0.0	0.0	0.0	0.0	0.0	0.0	3.0	152.0	0.0	0.0	0.0	0.0	3.0	252.0	0.0	0.0	0.0	54.0	8.0	28.0	23.0	24.0	0.0	0.0	0.0	15.0	0.0	0.0	9.0	0.0	0.0	0.0	231.0	277.0	0.0	0.0	0.0	10.0	0.0	0.0	32.0	27.0	0.0	0.0	0.0	0.0	0.0	0.0	0.0	1.0	0.0	0.0	0.0
0cc2420a6a4698f8bf664d50b17d26b4	1.0	1.0	1.0	15.0	1.0	0.0	23.0	30.0	0.0	0.0	48.0	1.0	5.0	0.0	7.0	91.0	12.0	0.0	1.0	5.0	307.0	0.0	6.0	0.0	2.0	0.0	2.0	21.0	62.0	0.0	0.0	6.0	0.0	0.0	1.0	23.0	15.0	0.0	0.0	0.0	0.0	5.0	0.0	0.0	8.0	11.0	54.0	4.0	0.0	12.0	2.0	0.0	5.0	163.0	0.0	1.0	10.0	28.0	97.0	81.0	192.0	0.0	0.0	8.0	0.0	41.0	0.0	0.0	0.0	0.0	15.0	18.0	0.0	32.0	3.0	0.0	0.0	0.0	10.0	0.0	9.0	0.0	2.0	0.0	0.0	0.0	11.0	0.0	0.0	55.0	4.0	7.0	239.0	0.0	7.0	66.0	5.0	0.0	3.0	0.0	0.0	0.0	0.0	0.0	19.0	0.0	134.0	3.0	60.0	85.0	20.0	0.0	205.0	0.0	0.0	2.0	41.0	26.0	1.0	4.0	0.0	0.0	0.0	76.0	0.0	61.0	51.0	52.0	6.0	0.0	3.0	10.0	0.0	14.0	0.0	122.0	22.0	14.0	1.0	1.0	49.0	0.0	0.0	24.0	16.0	0.0	0.0	237.0	0.0	5.0	36.0	8.0	6.0	6.0	9.0	74.0	4.0	23.0	31.0	9.0	6.0	8.0	61.0	89.0	0.0	4.0	3.0	271.0	2.0	0.0	64.0	7.0	0.0	4.0	15.0	0.0	22.0	2.0	0.0	7.0	70.0	0.0	6.0	0.0	0.0	5.0	44.0	127.0	0.0	0.0	12.0	43.0	3.0	2.0	19.0	5.0	0.0	22.0
b0645cbec7653c887cb868a248d95874	19.0	28.0	30.0	15.0	1.0	15.0	0.0	1.0	0.0	0.0	35.0	14.0	13.0	39.0	17.0	0.0	17.0	8.0	12.0	3.0	11.0	1.0	13.0	11.0	14.0	14.0	1.0	15.0	15.0	7.0	9.0	12.0	0.0	0.0	0.0	17.0	21.0	24.0	15.0	40.0	0.0	6.0	0.0	133.0	55.0	10.0	0.0	3.0	2.0	0.0	0.0	20.0	4.0	0.0	1.0	2.0	7.0	6.0	43.0	7.0	0.0	3.0	28.0	2.0	0.0	14.0	0.0	0.0	8.0	6.0	0.0	34.0	0.0	5.0	13.0	0.0	0.0	0.0	20.0	0.0	10.0	0.0	0.0	8.0	21.0	6.0	15.0	0.0	0.0	0.0	13.0	23.0	4.0	5.0	32.0	0.0	0.0	0.0	38.0	0.0	0.0	1.0	0.0	61.0	8.0	0.0	6.0	3.0	3.0	20.0	69.0	8.0	0.0	44.0	0.0	7.0	2.0	31.0	14.0	8.0	0.0	14.0	0.0	0.0	0.0	0.0	43.0	10.0	18.0	0.0	36.0	52.0	23.0	14.0	0.0	0.0	30.0	2.0	50.0	7.0	11.0	8.0	11.0	0.0	0.0	0.0	25.0	2.0	0.0	7.0	40.0	1.0	28.0	46.0	21.0	23.0	0.0	0.0	0.0	14.0	13.0	1.0	39.0	1.0	11.0	13.0	10.0	0.0	43.0	10.0	0.0	3.0	7.0	30.0	0.0	56.0	8.0	0.0	0.0	8.0	16.0	0.0	0.0	26.0	0.0	0.0	0.0	2.0	2.0	0.0	57.0	1.0	41.0	0.0	7.0	14.0	0.0	8.0
d061a99148d649c4eca4836c5f4b5b68	5.0	11.0	14.0	7.0	121.0	2.0	0.0	5.0	0.0	0.0	13.0	6.0	3.0	14.0	0.0	0.0	24.0	16.0	21.0	0.0	0.0	12.0	1.0	3.0	0.0	27.0	0.0	10.0	6.0	18.0	80.0	30.0	2.0	1.0	0.0	3.0	0.0	1.0	27.0	0.0	0.0	1.0	7.0	4.0	0.0	22.0	0.0	2.0	5.0	0.0	32.0	16.0	13.0	7.0	83.0	0.0	2.0	0.0	9.0	15.0	0.0	3.0	1.0	4.0	0.0	9.0	0.0	0.0	0.0	5.0	4.0	10.0	4.0	8.0	9.0	0.0	0.0	0.0	2.0	0.0	14.0	0.0	0.0	0.0	0.0	0.0	10.0	14.0	0.0	0.0	0.0	12.0	0.0	0.0	19.0	0.0	0.0	0.0	16.0	0.0	0.0	1.0	5.0	0.0	9.0	0.0	0.0	3.0	4.0	19.0	0.0	17.0	0.0	4.0	0.0	10.0	47.0	3.0	1.0	3.0	7.0	0.0	0.0	34.0	0.0	0.0	11.0	2.0	10.0	133.0	2.0	8.0	13.0	5.0	0.0	73.0	6.0	7.0	0.0	26.0	8.0	4.0	26.0	5.0	0.0	0.0	0.0	1.0	77.0	6.0	8.0	6.0	81.0	0.0	3.0	17.0	0.0	2.0	0.0	0.0	1.0	99.0	0.0	0.0	0.0	1.0	0.0	1.0	15.0	4.0	0.0	110.0	12.0	2.0	102.0	0.0	17.0	12.0	0.0	3.0	2.0	55.0	0.0	6.0	34.0	3.0	11.0	4.0	42.0	0.0	40.0	2.0	9.0	0.0	0.0	6.0	126.0	7.0
ad7bc2bb6e1ec90a9bc3c8949bce80d6	0.0	0.0	1.0	0.0	1.0	0.0	0.0	0.0	0.0	1.0	0.0	0.0	0.0	0.0	0.0	1.0	12.0	43.0	0.0	1.0	0.0	11.0	0.0	3.0	0.0	0.0	0.0	0.0	0.0	0.0	4.0	24.0	0.0	0.0	0.0	0.0	16.0	0.0	0.0	1.0	15.0	0.0	1.0	0.0	2.0	0.0	0.0	0.0	0.0	0.0	0.0	0.0	0.0	0.0	2.0	0.0	0.0	14.0	0.0	0.0	7.0	0.0	1.0	0.0	0.0	2.0	2.0	43.0	0.0	0.0	0.0	0.0	0.0	0.0	4.0	0.0	26.0	70.0	0.0	22.0	0.0	7.0	0.0	2.0	0.0	8.0	0.0	5.0	0.0	1.0	18.0	0.0	0.0	0.0	3.0	0.0	160.0	0.0	3.0	24.0	0.0	0.0	0.0	5.0	2.0	55.0	4.0	2.0	0.0	0.0	0.0	0.0	5.0	0.0	3.0	0.0	0.0	0.0	0.0	0.0	0.0	0.0	32.0	0.0	7.0	25.0	1.0	0.0	0.0	8.0	1.0	0.0	0.0	0.0	1.0	0.0	0.0	0.0	1.0	0.0	0.0	0.0	10.0	0.0	57.0	107.0	19.0	0.0	0.0	2.0	0.0	0.0	0.0	0.0	0.0	0.0	14.0	0.0	19.0	0.0	0.0	6.0	0.0	0.0	6.0	0.0	0.0	0.0	0.0	0.0	3.0	1.0	0.0	4.0	3.0	0.0	0.0	0.0	76.0	0.0	3.0	1.0	0.0	0.0	62.0	0.0	0.0	5.0	1.0	2.0	0.0	0.0	0.0	28.0	0.0	0.0	33.0	0.0
010f0ac2691bc0be12d0633d4b5d2cc4	32.0	4.0	2.0	18.0	0.0	0.0	111.0	5.0	25.0	0.0	55.0	23.0	4.0	14.0	0.0	2.0	32.0	7.0	5.0	0.0	12.0	0.0	35.0	10.0	7.0	4.0	144.0	0.0	9.0	23.0	3.0	0.0	6.0	1.0	0.0	6.0	0.0	36.0	6.0	19.0	0.0	52.0	8.0	2.0	0.0	121.0	0.0	10.0	30.0	4.0	1.0	38.0	8.0	32.0	0.0	28.0	51.0	8.0	33.0	6.0	0.0	5.0	15.0	44.0	1.0	0.0	0.0	0.0	13.0	42.0	4.0	5.0	0.0	1.0	8.0	50.0	1.0	7.0	0.0	0.0	0.0	0.0	3.0	63.0	0.0	9.0	5.0	67.0	0.0	0.0	8.0	0.0	0.0	1.0	64.0	1.0	0.0	0.0	2.0	0.0	0.0	7.0	12.0	21.0	0.0	0.0	4.0	40.0	14.0	23.0	20.0	6.0	10.0	8.0	3.0	5.0	0.0	29.0	14.0	19.0	22.0	0.0	0.0	0.0	0.0	0.0	3.0	5.0	85.0	33.0	16.0	24.0	107.0	34.0	11.0	8.0	11.0	0.0	6.0	8.0	21.0	6.0	16.0	29.0	0.0	0.0	0.0	11.0	0.0	5.0	12.0	14.0	0.0	12.0	68.0	5.0	0.0	3.0	0.0	11.0	40.0	0.0	4.0	46.0	0.0	1.0	17.0	6.0	12.0	2.0	0.0	22.0	0.0	0.0	36.0	13.0	7.0	5.0	0.0	11.0	0.0	16.0	0.0	3.0	0.0	5.0	1.0	2.0	2.0	42.0	0.0	20.0	0.0	0.0	16.0	8.0	0.0	17.0
04c8be5a3a6ba2d70446812e99318905	8.0	13.0	0.0	2.0	1.0	6.0	11.0	0.0	0.0	44.0	22.0	7.0	11.0	17.0	7.0	5.0	44.0	0.0	1.0	7.0	0.0	4.0	1.0	15.0	8.0	0.0	7.0	23.0	11.0	7.0	1.0	1.0	0.0	33.0	0.0	9.0	3.0	1.0	7.0	0.0	0.0	11.0	21.0	5.0	24.0	17.0	5.0	56.0	17.0	31.0	0.0	6.0	33.0	9.0	0.0	0.0	4.0	8.0	0.0	8.0	8.0	33.0	10.0	28.0	0.0	14.0	0.0	0.0	4.0	5.0	0.0	22.0	8.0	18.0	9.0	48.0	18.0	0.0	14.0	0.0	16.0	11.0	0.0	0.0	125.0	9.0	12.0	0.0	0.0	0.0	0.0	7.0	0.0	0.0	4.0	0.0	0.0	3.0	0.0	27.0	0.0	10.0	12.0	4.0	22.0	0.0	10.0	14.0	2.0	4.0	0.0	2.0	0.0	0.0	9.0	1.0	0.0	9.0	18.0	19.0	0.0	0.0	40.0	18.0	0.0	4.0	3.0	12.0	8.0	0.0	1.0	14.0	1.0	10.0	10.0	24.0	4.0	7.0	5.0	4.0	7.0	0.0	3.0	3.0	231.0	7.0	0.0	14.0	7.0	6.0	7.0	5.0	0.0	0.0	27.0	29.0	6.0	0.0	0.0	5.0	0.0	12.0	4.0	38.0	0.0	0.0	0.0	34.0	18.0	5.0	10.0	2.0	0.0	0.0	0.0	0.0	0.0	10.0	0.0	11.0	0.0	0.0	20.0	3.0	0.0	2.0	6.0	3.0	0.0	47.0	13.0	34.0	3.0	7.0	8.0	2.0	0.0	0.0
2a99ec1157a90661db7ff643b82f1914	9.0	0.0	0.0	0.0	0.0	14.0	0.0	11.0	31.0	118.0	0.0	0.0	9.0	20.0	12.0	19.0	9.0	0.0	4.0	8.0	71.0	0.0	4.0	0.0	0.0	0.0	0.0	0.0	4.0	7.0	14.0	0.0	0.0	0.0	0.0	7.0	0.0	8.0	12.0	0.0	48.0	13.0	55.0	0.0	0.0	0.0	36.0	17.0	0.0	7.0	0.0	0.0	3.0	0.0	0.0	48.0	0.0	14.0	38.0	8.0	0.0	6.0	3.0	11.0	0.0	10.0	0.0	0.0	0.0	2.0	39.0	0.0	0.0	2.0	16.0	20.0	0.0	0.0	0.0	0.0	0.0	0.0	10.0	0.0	0.0	6.0	4.0	448.0	1.0	0.0	14.0	9.0	7.0	1.0	0.0	3.0	23.0	8.0	9.0	5.0	4.0	0.0	8.0	128.0	43.0	0.0	0.0	0.0	3.0	0.0	24.0	7.0	26.0	0.0	58.0	0.0	9.0	17.0	7.0	0.0	0.0	0.0	0.0	0.0	0.0	0.0	0.0	18.0	0.0	28.0	9.0	1.0	0.0	4.0	4.0	20.0	19.0	6.0	0.0	0.0	6.0	16.0	2.0	3.0	193.0	0.0	0.0	7.0	0.0	0.0	10.0	7.0	0.0	0.0	0.0	3.0	0.0	63.0	11.0	6.0	0.0	3.0	101.0	0.0	0.0	0.0	5.0	56.0	27.0	1.0	0.0	2.0	4.0	30.0	6.0	0.0	20.0	41.0	0.0	0.0	23.0	0.0	17.0	0.0	25.0	0.0	11.0	38.0	0.0	5.0	0.0	19.0	0.0	38.0	15.0	0.0	0.0	0.0
d05c86b5bfc092d8677507fb1eae8d66	3.0	0.0	0.0	0.0	0.0	0.0	6.0	0.0	2.0	0.0	3.0	0.0	1.0	15.0	19.0	8.0	13.0	0.0	1.0	0.0	0.0	0.0	0.0	0.0	6.0	0.0	4.0	38.0	0.0	0.0	3.0	0.0	0.0	0.0	0.0	2.0	0.0	0.0	21.0	1.0	10.0	0.0	0.0	0.0	0.0	7.0	11.0	0.0	17.0	18.0	0.0	1.0	0.0	0.0	0.0	31.0	0.0	41.0	2.0	0.0	0.0	7.0	60.0	0.0	2.0	12.0	0.0	0.0	0.0	61.0	0.0	26.0	48.0	10.0	0.0	0.0	0.0	0.0	0.0	0.0	0.0	0.0	76.0	0.0	3.0	12.0	35.0	0.0	14.0	4.0	0.0	0.0	1.0	0.0	0.0	1.0	0.0	0.0	0.0	0.0	3.0	1.0	1.0	0.0	6.0	0.0	9.0	83.0	14.0	0.0	0.0	0.0	4.0	0.0	0.0	0.0	45.0	29.0	0.0	3.0	11.0	0.0	0.0	0.0	0.0	0.0	4.0	0.0	0.0	0.0	0.0	0.0	0.0	0.0	27.0	47.0	9.0	4.0	1.0	0.0	0.0	0.0	0.0	20.0	0.0	0.0	0.0	0.0	4.0	40.0	0.0	4.0	19.0	1.0	0.0	0.0	0.0	0.0	0.0	0.0	2.0	0.0	1.0	52.0	111.0	72.0	0.0	1.0	0.0	13.0	116.0	0.0	6.0	0.0	27.0	1.0	0.0	6.0	0.0	7.0	13.0	1.0	17.0	0.0	0.0	1.0	0.0	0.0	0.0	0.0	6.0	4.0	0.0	0.0	0.0	0.0	0.0	0.0
6c7fa77831ae630967a6fbfc8ee47901	6.0	8.0	13.0	13.0	1.0	4.0	1.0	0.0	19.0	3.0	2.0	5.0	3.0	18.0	6.0	0.0	5.0	3.0	10.0	0.0	4.0	2.0	7.0	2.0	5.0	28.0	1.0	10.0	1.0	20.0	25.0	34.0	4.0	4.0	20.0	4.0	27.0	4.0	44.0	24.0	0.0	4.0	7.0	2.0	6.0	5.0	8.0	0.0	11.0	0.0	1.0	17.0	4.0	3.0	11.0	8.0	6.0	0.0	8.0	23.0	7.0	0.0	1.0	0.0	4.0	15.0	3.0	0.0	1.0	0.0	0.0	5.0	0.0	3.0	0.0	6.0	4.0	78.0	0.0	0.0	18.0	27.0	33.0	7.0	0.0	1.0	5.0	7.0	0.0	3.0	25.0	18.0	16.0	7.0	7.0	40.0	0.0	0.0	3.0	0.0	1.0	14.0	2.0	9.0	2.0	0.0	0.0	6.0	5.0	3.0	4.0	0.0	3.0	0.0	0.0	10.0	25.0	17.0	4.0	1.0	17.0	5.0	5.0	5.0	0.0	22.0	0.0	20.0	1.0	78.0	10.0	1.0	13.0	2.0	4.0	1.0	11.0	10.0	9.0	9.0	16.0	0.0	23.0	2.0	0.0	4.0	0.0	3.0	10.0	0.0	4.0	3.0	11.0	1.0	3.0	3.0	14.0	1.0	0.0	4.0	3.0	8.0	0.0	0.0	23.0	2.0	9.0	1.0	11.0	4.0	5.0	23.0	6.0	43.0	37.0	1.0	4.0	7.0	0.0	20.0	0.0	0.0	3.0	0.0	0.0	23.0	6.0	0.0	12.0	0.0	4.0	1.0	5.0	0.0	2.0	2.0	0.0	17.0
e5a43b018c81cedd19e9a5354d32d469	13.0	35.0	3.0	0.0	0.0	9.0	0.0	0.0	0.0	83.0	32.0	14.0	14.0	5.0	0.0	0.0	0.0	0.0	0.0	10.0	0.0	4.0	7.0	8.0	2.0	0.0	0.0	12.0	28.0	0.0	0.0	0.0	0.0	0.0	10.0	0.0	0.0	18.0	1.0	0.0	23.0	13.0	44.0	0.0	1.0	0.0	0.0	8.0	26.0	44.0	0.0	6.0	5.0	37.0	2.0	4.0	1.0	0.0	0.0	15.0	40.0	2.0	151.0	0.0	8.0	0.0	0.0	0.0	57.0	12.0	0.0	0.0	0.0	6.0	0.0	0.0	5.0	0.0	0.0	0.0	0.0	0.0	0.0	0.0	0.0	47.0	6.0	0.0	0.0	0.0	0.0	0.0	0.0	0.0	20.0	0.0	1.0	0.0	28.0	0.0	3.0	0.0	0.0	0.0	0.0	0.0	0.0	36.0	0.0	3.0	0.0	0.0	0.0	18.0	0.0	4.0	0.0	44.0	0.0	8.0	0.0	1.0	0.0	0.0	0.0	16.0	9.0	6.0	17.0	0.0	3.0	16.0	0.0	6.0	2.0	27.0	7.0	0.0	5.0	34.0	0.0	39.0	0.0	0.0	0.0	5.0	0.0	8.0	14.0	4.0	3.0	4.0	15.0	0.0	6.0	0.0	0.0	0.0	0.0	103.0	0.0	0.0	0.0	0.0	0.0	0.0	0.0	0.0	5.0	2.0	0.0	1.0	2.0	0.0	0.0	0.0	17.0	15.0	0.0	0.0	0.0	0.0	60.0	71.0	4.0	1.0	22.0	11.0	0.0	0.0	9.0	76.0	0.0	34.0	0.0	0.0	0.0	4.0
d39f37b814ebd81091a949f8bd9d1710	0.0	10.0	0.0	4.0	1.0	16.0	13.0	48.0	0.0	0.0	0.0	21.0	0.0	0.0	0.0	24.0	14.0	0.0	32.0	19.0	0.0	28.0	0.0	0.0	18.0	10.0	0.0	15.0	14.0	0.0	0.0	33.0	0.0	12.0	3.0	14.0	8.0	18.0	0.0	0.0	54.0	12.0	9.0	0.0	15.0	16.0	0.0	0.0	26.0	0.0	52.0	5.0	22.0	0.0	0.0	0.0	6.0	0.0	0.0	5.0	0.0	0.0	0.0	0.0	0.0	7.0	0.0	0.0	12.0	24.0	20.0	7.0	0.0	0.0	15.0	0.0	0.0	0.0	0.0	0.0	0.0	0.0	0.0	0.0	0.0	0.0	0.0	0.0	0.0	0.0	7.0	0.0	0.0	0.0	42.0	0.0	0.0	0.0	34.0	0.0	0.0	19.0	0.0	2.0	0.0	13.0	33.0	8.0	7.0	37.0	0.0	0.0	0.0	48.0	0.0	4.0	0.0	0.0	55.0	4.0	0.0	6.0	0.0	0.0	0.0	0.0	0.0	20.0	33.0	0.0	8.0	7.0	25.0	21.0	0.0	0.0	41.0	0.0	13.0	25.0	0.0	0.0	24.0	12.0	0.0	29.0	0.0	0.0	9.0	1.0	11.0	0.0	0.0	0.0	10.0	0.0	24.0	0.0	20.0	22.0	0.0	43.0	6.0	0.0	0.0	2.0	4.0	0.0	0.0	4.0	27.0	20.0	0.0	0.0	0.0	7.0	17.0	0.0	0.0	0.0	0.0	9.0	0.0	16.0	0.0	7.0	6.0	37.0	14.0	0.0	6.0	0.0	14.0	0.0	54.0	15.0	0.0	9.0
1c86153e1b13ab5322c96f2602b73513	0.0	1.0	0.0	0.0	0.0	11.0	0.0	0.0	0.0	0.0	3.0	0.0	0.0	1.0	16.0	0.0	13.0	0.0	15.0	0.0	0.0	0.0	0.0	0.0	5.0	13.0	2.0	0.0	1.0	0.0	0.0	0.0	0.0	0.0	0.0	18.0	0.0	3.0	0.0	31.0	3.0	0.0	0.0	0.0	1.0	4.0	0.0	3.0	18.0	0.0	0.0	19.0	2.0	0.0	0.0	0.0	37.0	7.0	0.0	0.0	0.0	0.0	0.0	0.0	34.0	0.0	0.0	0.0	0.0	0.0	0.0	11.0	0.0	23.0	0.0	0.0	0.0	0.0	0.0	0.0	0.0	0.0	1.0	0.0	0.0	28.0	0.0	0.0	11.0	0.0	1.0	0.0	41.0	26.0	18.0	0.0	0.0	0.0	0.0	0.0	0.0	5.0	0.0	2.0	1.0	0.0	15.0	4.0	129.0	14.0	0.0	0.0	0.0	0.0	0.0	11.0	0.0	0.0	16.0	30.0	0.0	0.0	0.0	0.0	0.0	0.0	0.0	0.0	0.0	0.0	16.0	7.0	0.0	21.0	0.0	0.0	0.0	0.0	0.0	140.0	0.0	0.0	0.0	0.0	0.0	0.0	1.0	3.0	0.0	4.0	0.0	32.0	0.0	0.0	0.0	0.0	0.0	0.0	0.0	5.0	0.0	0.0	0.0	0.0	0.0	0.0	10.0	6.0	6.0	3.0	5.0	12.0	158.0	0.0	0.0	21.0	0.0	1.0	0.0	0.0	0.0	0.0	0.0	0.0	0.0	0.0	0.0	0.0	48.0	0.0	13.0	31.0	11.0	0.0	0.0	0.0	0.0	0.0
a66dd8d31584930c2b0f811f572dddcf	4.0	28.0	1.0	26.0	0.0	0.0	10.0	1.0	1.0	5.0	16.0	10.0	9.0	46.0	5.0	17.0	20.0	0.0	17.0	27.0	0.0	14.0	8.0	19.0	3.0	0.0	4.0	2.0	41.0	7.0	1.0	0.0	0.0	7.0	0.0	6.0	8.0	18.0	8.0	3.0	19.0	5.0	0.0	21.0	25.0	24.0	0.0	15.0	31.0	2.0	5.0	14.0	39.0	33.0	0.0	0.0	9.0	7.0	4.0	5.0	0.0	7.0	1.0	18.0	0.0	24.0	0.0	0.0	7.0	4.0	39.0	11.0	0.0	35.0	7.0	0.0	0.0	0.0	14.0	0.0	7.0	0.0	0.0	0.0	0.0	0.0	20.0	0.0	56.0	27.0	5.0	4.0	12.0	1.0	14.0	0.0	0.0	4.0	16.0	5.0	0.0	2.0	0.0	11.0	23.0	14.0	21.0	7.0	3.0	1.0	0.0	0.0	5.0	15.0	0.0	3.0	0.0	32.0	25.0	12.0	0.0	2.0	5.0	11.0	0.0	15.0	0.0	26.0	3.0	2.0	0.0	2.0	2.0	20.0	3.0	16.0	0.0	10.0	8.0	4.0	6.0	4.0	11.0	0.0	0.0	7.0	262.0	7.0	9.0	12.0	0.0	19.0	5.0	0.0	2.0	1.0	3.0	18.0	10.0	14.0	0.0	27.0	5.0	60.0	0.0	3.0	0.0	9.0	0.0	3.0	8.0	1.0	2.0	2.0	3.0	7.0	8.0	16.0	0.0	0.0	14.0	0.0	58.0	190.0	50.0	8.0	5.0	20.0	14.0	12.0	63.0	10.0	17.0	17.0	0.0	49.0	0.0	7.0
40c85a458df8d5a935122ba778d4f334	0.0	6.0	0.0	0.0	0.0	16.0	68.0	0.0	0.0	0.0	0.0	0.0	0.0	20.0	0.0	0.0	57.0	3.0	5.0	0.0	0.0	0.0	0.0	0.0	3.0	1.0	44.0	0.0	0.0	129.0	0.0	0.0	0.0	0.0	0.0	0.0	0.0	18.0	46.0	0.0	0.0	0.0	0.0	0.0	4.0	11.0	0.0	0.0	0.0	0.0	0.0	9.0	2.0	108.0	0.0	0.0	37.0	0.0	0.0	0.0	0.0	0.0	0.0	0.0	0.0	0.0	0.0	0.0	0.0	0.0	0.0	55.0	1.0	0.0	6.0	9.0	0.0	0.0	0.0	0.0	0.0	0.0	0.0	29.0	0.0	0.0	5.0	0.0	8.0	0.0	4.0	0.0	0.0	32.0	0.0	0.0	0.0	0.0	0.0	0.0	1.0	25.0	0.0	0.0	0.0	0.0	0.0	0.0	2.0	1.0	0.0	65.0	0.0	102.0	0.0	0.0	0.0	0.0	7.0	39.0	0.0	0.0	39.0	69.0	0.0	0.0	0.0	0.0	8.0	0.0	1.0	0.0	12.0	14.0	0.0	0.0	16.0	0.0	18.0	1.0	23.0	0.0	10.0	0.0	0.0	7.0	0.0	0.0	0.0	0.0	0.0	0.0	0.0	0.0	0.0	0.0	3.0	207.0	0.0	11.0	0.0	0.0	5.0	4.0	0.0	12.0	4.0	121.0	0.0	0.0	0.0	37.0	2.0	0.0	3.0	1.0	0.0	0.0	0.0	5.0	0.0	0.0	0.0	0.0	0.0	0.0	0.0	0.0	0.0	58.0	18.0	0.0	0.0	0.0	0.0	0.0	0.0	0.0
3d766867c97f511431bf97e059d6498f	0.0	17.0	18.0	16.0	0.0	2.0	7.0	9.0	0.0	0.0	0.0	25.0	24.0	23.0	23.0	24.0	47.0	0.0	59.0	0.0	0.0	0.0	11.0	25.0	2.0	7.0	29.0	4.0	14.0	0.0	1.0	7.0	0.0	0.0	11.0	6.0	0.0	6.0	1.0	4.0	16.0	11.0	0.0	0.0	13.0	15.0	32.0	41.0	15.0	0.0	22.0	15.0	12.0	89.0	0.0	0.0	21.0	0.0	9.0	0.0	0.0	13.0	27.0	0.0	0.0	44.0	0.0	0.0	10.0	8.0	31.0	10.0	0.0	0.0	16.0	4.0	0.0	0.0	0.0	0.0	4.0	3.0	0.0	0.0	0.0	38.0	23.0	0.0	0.0	0.0	13.0	0.0	15.0	8.0	0.0	0.0	0.0	0.0	6.0	0.0	0.0	7.0	0.0	7.0	25.0	0.0	51.0	7.0	3.0	7.0	15.0	0.0	0.0	14.0	13.0	4.0	0.0	0.0	0.0	7.0	0.0	4.0	0.0	13.0	1.0	1.0	3.0	6.0	0.0	0.0	4.0	4.0	19.0	31.0	9.0	0.0	0.0	19.0	13.0	4.0	26.0	0.0	5.0	0.0	0.0	8.0	0.0	15.0	13.0	9.0	0.0	28.0	0.0	0.0	4.0	12.0	0.0	59.0	0.0	18.0	0.0	1.0	23.0	0.0	0.0	1.0	1.0	11.0	43.0	1.0	11.0	30.0	0.0	0.0	0.0	3.0	4.0	11.0	0.0	11.0	0.0	0.0	33.0	60.0	9.0	7.0	7.0	0.0	13.0	0.0	0.0	14.0	0.0	0.0	2.0	25.0	0.0	4.0
cae14798faeabb8e1b8840e712839921	7.0	0.0	0.0	12.0	1.0	0.0	2.0	22.0	148.0	2.0	27.0	5.0	0.0	0.0	0.0	0.0	5.0	0.0	4.0	1.0	0.0	4.0	2.0	32.0	2.0	0.0	0.0	1.0	6.0	0.0	1.0	0.0	36.0	6.0	0.0	14.0	16.0	8.0	9.0	0.0	0.0	0.0	55.0	18.0	0.0	1.0	0.0	3.0	23.0	0.0	1.0	0.0	11.0	0.0	1.0	9.0	0.0	15.0	20.0	7.0	0.0	0.0	9.0	8.0	0.0	0.0	317.0	0.0	0.0	8.0	9.0	7.0	0.0	4.0	0.0	0.0	14.0	0.0	11.0	103.0	0.0	0.0	20.0	5.0	92.0	33.0	1.0	0.0	0.0	0.0	1.0	0.0	9.0	1.0	4.0	2.0	0.0	0.0	45.0	0.0	1.0	0.0	7.0	2.0	3.0	0.0	27.0	8.0	15.0	20.0	5.0	0.0	3.0	15.0	6.0	0.0	24.0	12.0	6.0	0.0	0.0	1.0	0.0	0.0	0.0	0.0	13.0	6.0	8.0	6.0	6.0	2.0	0.0	2.0	6.0	14.0	5.0	2.0	5.0	8.0	4.0	0.0	4.0	5.0	0.0	3.0	0.0	18.0	17.0	9.0	11.0	0.0	0.0	0.0	36.0	0.0	0.0	35.0	0.0	40.0	8.0	1.0	20.0	13.0	0.0	1.0	0.0	27.0	24.0	12.0	107.0	0.0	0.0	0.0	0.0	0.0	12.0	0.0	0.0	0.0	9.0	12.0	31.0	2.0	0.0	4.0	15.0	7.0	0.0	0.0	9.0	6.0	5.0	75.0	5.0	0.0	0.0	7.0
363c1c39d58bce4fc3218659d0944258	0.0	0.0	0.0	2.0	2.0	8.0	0.0	0.0	4.0	0.0	0.0	0.0	2.0	0.0	4.0	0.0	1.0	43.0	0.0	4.0	2.0	0.0	7.0	0.0	7.0	0.0	0.0	78.0	11.0	0.0	0.0	0.0	0.0	4.0	0.0	0.0	2.0	0.0	0.0	2.0	0.0	0.0	9.0	1.0	3.0	7.0	0.0	0.0	0.0	0.0	0.0	4.0	4.0	3.0	0.0	0.0	7.0	7.0	6.0	0.0	4.0	1.0	0.0	0.0	5.0	0.0	0.0	0.0	8.0	0.0	0.0	0.0	5.0	0.0	5.0	1.0	0.0	0.0	0.0	0.0	6.0	0.0	0.0	20.0	0.0	4.0	0.0	0.0	7.0	0.0	5.0	0.0	0.0	0.0	16.0	0.0	0.0	0.0	0.0	0.0	48.0	4.0	0.0	1.0	0.0	0.0	1.0	0.0	5.0	0.0	2.0	0.0	6.0	4.0	0.0	0.0	0.0	1.0	5.0	3.0	5.0	2.0	0.0	0.0	0.0	10.0	13.0	0.0	11.0	1.0	4.0	0.0	2.0	3.0	0.0	0.0	2.0	1.0	1.0	2.0	9.0	2.0	0.0	3.0	0.0	0.0	0.0	0.0	0.0	0.0	5.0	0.0	0.0	0.0	5.0	6.0	8.0	0.0	0.0	0.0	7.0	0.0	1.0	0.0	16.0	0.0	0.0	0.0	5.0	0.0	0.0	3.0	15.0	0.0	1.0	6.0	1.0	3.0	0.0	5.0	0.0	0.0	2.0	0.0	0.0	15.0	3.0	0.0	4.0	0.0	2.0	0.0	2.0	0.0	3.0	0.0	0.0	7.0
458157e555a80f9ba01d9da37ef787eb	22.0	72.0	0.0	2.0	0.0	18.0	0.0	0.0	0.0	0.0	7.0	21.0	0.0	0.0	0.0	27.0	1.0	0.0	42.0	4.0	0.0	7.0	20.0	0.0	6.0	2.0	3.0	105.0	40.0	0.0	2.0	0.0	0.0	0.0	2.0	110.0	0.0	23.0	6.0	39.0	0.0	32.0	3.0	19.0	16.0	21.0	0.0	14.0	8.0	45.0	0.0	9.0	66.0	19.0	0.0	2.0	30.0	7.0	12.0	2.0	0.0	27.0	0.0	0.0	35.0	0.0	0.0	0.0	13.0	1.0	0.0	18.0	0.0	1.0	0.0	0.0	0.0	0.0	0.0	0.0	0.0	0.0	0.0	0.0	0.0	5.0	13.0	0.0	0.0	0.0	0.0	12.0	0.0	49.0	12.0	0.0	0.0	0.0	6.0	0.0	0.0	2.0	0.0	25.0	0.0	0.0	6.0	8.0	73.0	49.0	0.0	11.0	0.0	6.0	0.0	4.0	0.0	6.0	13.0	5.0	0.0	0.0	0.0	0.0	0.0	0.0	0.0	0.0	0.0	0.0	11.0	13.0	0.0	17.0	0.0	0.0	0.0	2.0	4.0	48.0	0.0	10.0	0.0	0.0	0.0	0.0	0.0	29.0	0.0	0.0	3.0	39.0	0.0	12.0	2.0	0.0	0.0	0.0	0.0	0.0	0.0	4.0	0.0	0.0	0.0	0.0	11.0	0.0	0.0	0.0	0.0	38.0	22.0	0.0	0.0	35.0	10.0	35.0	0.0	0.0	0.0	0.0	0.0	7.0	0.0	0.0	0.0	0.0	31.0	0.0	6.0	35.0	7.0	0.0	35.0	0.0	0.0	0.0
e2c3ff4f647112723741aa72087f1bfa	5.0	0.0	0.0	91.0	0.0	7.0	0.0	4.0	1.0	0.0	0.0	1.0	5.0	6.0	0.0	3.0	7.0	13.0	26.0	0.0	102.0	4.0	0.0	0.0	4.0	4.0	35.0	0.0	0.0	10.0	61.0	8.0	0.0	0.0	0.0	3.0	0.0	0.0	0.0	4.0	0.0	10.0	0.0	0.0	3.0	2.0	0.0	0.0	0.0	0.0	3.0	4.0	0.0	0.0	0.0	2.0	7.0	2.0	0.0	0.0	0.0	2.0	2.0	0.0	0.0	1.0	0.0	0.0	0.0	3.0	0.0	9.0	0.0	5.0	29.0	29.0	3.0	0.0	4.0	0.0	0.0	0.0	17.0	4.0	0.0	0.0	23.0	19.0	214.0	4.0	2.0	0.0	4.0	4.0	0.0	0.0	20.0	0.0	0.0	2.0	0.0	13.0	0.0	7.0	0.0	0.0	0.0	2.0	2.0	0.0	0.0	85.0	0.0	0.0	4.0	66.0	3.0	0.0	1.0	1.0	0.0	0.0	0.0	0.0	29.0	0.0	0.0	0.0	0.0	0.0	18.0	0.0	10.0	4.0	11.0	0.0	12.0	0.0	3.0	5.0	2.0	0.0	40.0	10.0	0.0	2.0	0.0	0.0	0.0	0.0	2.0	0.0	7.0	1.0	6.0	0.0	8.0	0.0	0.0	1.0	0.0	0.0	24.0	0.0	0.0	0.0	9.0	3.0	0.0	3.0	0.0	2.0	0.0	0.0	0.0	1.0	1.0	2.0	0.0	0.0	0.0	59.0	31.0	5.0	0.0	2.0	5.0	0.0	0.0	1.0	0.0	0.0	3.0	0.0	2.0	2.0	0.0	0.0
f7686a74ca2d3729eb66305e8a26309b	15.0	4.0	0.0	3.0	0.0	6.0	9.0	3.0	11.0	4.0	14.0	2.0	2.0	3.0	29.0	17.0	4.0	8.0	8.0	3.0	3.0	25.0	0.0	0.0	7.0	3.0	9.0	1.0	2.0	3.0	28.0	3.0	8.0	0.0	0.0	0.0	0.0	5.0	4.0	2.0	5.0	3.0	1.0	0.0	14.0	40.0	0.0	1.0	19.0	3.0	0.0	7.0	6.0	5.0	0.0	3.0	2.0	1.0	12.0	10.0	2.0	0.0	0.0	3.0	4.0	2.0	2.0	0.0	0.0	9.0	7.0	16.0	0.0	9.0	3.0	7.0	53.0	2.0	2.0	5.0	9.0	0.0	0.0	0.0	20.0	3.0	8.0	0.0	0.0	0.0	4.0	23.0	6.0	0.0	3.0	6.0	17.0	0.0	4.0	25.0	2.0	2.0	3.0	0.0	0.0	12.0	1.0	4.0	0.0	2.0	0.0	4.0	11.0	1.0	19.0	1.0	15.0	12.0	12.0	2.0	19.0	4.0	12.0	0.0	24.0	25.0	0.0	6.0	0.0	43.0	2.0	2.0	7.0	9.0	2.0	4.0	4.0	3.0	1.0	4.0	3.0	3.0	35.0	3.0	36.0	2.0	0.0	3.0	18.0	1.0	7.0	1.0	4.0	4.0	4.0	1.0	12.0	0.0	0.0	0.0	1.0	15.0	8.0	0.0	0.0	1.0	1.0	3.0	6.0	0.0	0.0	4.0	0.0	15.0	23.0	0.0	7.0	5.0	0.0	7.0	10.0	70.0	0.0	4.0	0.0	14.0	2.0	2.0	23.0	0.0	0.0	0.0	5.0	0.0	3.0	2.0	0.0	2.0
2b982979f2401a8bc447d7141879e9b2	3.0	6.0	3.0	11.0	5.0	6.0	3.0	4.0	0.0	1.0	3.0	3.0	8.0	14.0	5.0	0.0	9.0	6.0	22.0	4.0	2.0	33.0	3.0	3.0	13.0	27.0	0.0	4.0	3.0	3.0	8.0	59.0	1.0	0.0	3.0	6.0	10.0	3.0	19.0	12.0	0.0	8.0	3.0	3.0	0.0	5.0	0.0	1.0	1.0	5.0	4.0	6.0	3.0	1.0	3.0	8.0	5.0	2.0	4.0	12.0	3.0	2.0	4.0	3.0	0.0	3.0	7.0	0.0	1.0	1.0	0.0	5.0	0.0	4.0	0.0	0.0	0.0	0.0	0.0	0.0	8.0	0.0	20.0	0.0	9.0	12.0	4.0	5.0	5.0	1.0	28.0	3.0	8.0	8.0	1.0	8.0	3.0	58.0	9.0	0.0	0.0	6.0	1.0	10.0	0.0	74.0	3.0	0.0	4.0	2.0	1.0	5.0	0.0	1.0	0.0	6.0	13.0	7.0	2.0	3.0	0.0	3.0	0.0	7.0	0.0	19.0	3.0	9.0	3.0	33.0	0.0	3.0	10.0	14.0	0.0	0.0	8.0	12.0	10.0	3.0	5.0	0.0	28.0	0.0	0.0	0.0	0.0	2.0	10.0	4.0	6.0	5.0	0.0	3.0	2.0	5.0	0.0	1.0	63.0	4.0	4.0	5.0	8.0	2.0	0.0	17.0	11.0	2.0	6.0	8.0	5.0	6.0	11.0	0.0	0.0	2.0	5.0	0.0	0.0	9.0	0.0	0.0	3.0	2.0	0.0	25.0	1.0	6.0	7.0	4.0	6.0	0.0	4.0	0.0	6.0	2.0	0.0	8.0
599ba6458e91e2527f358f547ea39261	1.0	3.0	4.0	3.0	6.0	0.0	8.0	1.0	13.0	13.0	1.0	3.0	1.0	31.0	9.0	18.0	0.0	1.0	7.0	1.0	5.0	14.0	2.0	1.0	1.0	6.0	0.0	4.0	0.0	1.0	3.0	1.0	0.0	2.0	3.0	7.0	5.0	4.0	6.0	2.0	13.0	1.0	3.0	2.0	0.0	0.0	6.0	4.0	0.0	0.0	4.0	1.0	13.0	0.0	0.0	6.0	2.0	0.0	5.0	10.0	0.0	2.0	8.0	1.0	4.0	10.0	0.0	0.0	3.0	8.0	6.0	0.0	11.0	8.0	4.0	1.0	2.0	0.0	1.0	0.0	15.0	15.0	10.0	8.0	70.0	12.0	10.0	40.0	15.0	1.0	4.0	2.0	5.0	0.0	0.0	7.0	4.0	17.0	3.0	3.0	0.0	5.0	4.0	6.0	1.0	0.0	3.0	5.0	6.0	0.0	1.0	1.0	0.0	0.0	0.0	2.0	11.0	1.0	5.0	9.0	12.0	1.0	1.0	3.0	0.0	12.0	6.0	0.0	2.0	31.0	13.0	6.0	5.0	3.0	3.0	9.0	13.0	5.0	4.0	6.0	5.0	1.0	5.0	1.0	0.0	5.0	0.0	1.0	6.0	0.0	3.0	0.0	0.0	0.0	1.0	6.0	11.0	1.0	2.0	1.0	3.0	16.0	2.0	1.0	5.0	13.0	8.0	1.0	1.0	2.0	6.0	15.0	8.0	9.0	37.0	0.0	7.0	5.0	0.0	14.0	13.0	0.0	2.0	2.0	0.0	7.0	4.0	2.0	5.0	1.0	2.0	0.0	3.0	18.0	4.0	4.0	25.0	12.0
552e00cb506f739acaf08aa5641f9d84	0.0	2.0	0.0	0.0	6.0	0.0	1.0	3.0	0.0	0.0	12.0	0.0	0.0	8.0	5.0	3.0	0.0	18.0	0.0	0.0	0.0	0.0	3.0	0.0	0.0	3.0	1.0	68.0	0.0	0.0	0.0	0.0	2.0	0.0	0.0	7.0	0.0	0.0	3.0	0.0	0.0	0.0	2.0	6.0	0.0	0.0	0.0	0.0	6.0	0.0	0.0	0.0	0.0	0.0	0.0	1.0	5.0	0.0	0.0	0.0	0.0	0.0	5.0	2.0	5.0	1.0	12.0	0.0	6.0	1.0	0.0	0.0	6.0	0.0	0.0	0.0	0.0	0.0	0.0	0.0	0.0	0.0	0.0	11.0	11.0	0.0	0.0	0.0	0.0	0.0	0.0	0.0	0.0	0.0	19.0	4.0	0.0	0.0	0.0	0.0	32.0	0.0	3.0	0.0	0.0	0.0	0.0	0.0	4.0	1.0	3.0	0.0	0.0	0.0	0.0	0.0	2.0	6.0	0.0	0.0	0.0	1.0	2.0	0.0	0.0	6.0	15.0	2.0	0.0	0.0	0.0	2.0	0.0	0.0	0.0	0.0	0.0	2.0	0.0	0.0	2.0	0.0	0.0	0.0	0.0	0.0	0.0	0.0	0.0	0.0	8.0	1.0	0.0	0.0	0.0	4.0	0.0	0.0	0.0	0.0	3.0	0.0	0.0	0.0	19.0	0.0	0.0	0.0	2.0	0.0	0.0	1.0	7.0	0.0	0.0	11.0	0.0	6.0	0.0	0.0	0.0	0.0	0.0	0.0	0.0	5.0	0.0	1.0	6.0	0.0	4.0	0.0	0.0	0.0	0.0	0.0	0.0	0.0
959d48a11e3b26c9268f0bd1dae6ec40	2.0	1.0	8.0	6.0	0.0	0.0	0.0	6.0	0.0	0.0	6.0	0.0	3.0	1.0	4.0	0.0	3.0	1.0	1.0	1.0	4.0	0.0	2.0	6.0	2.0	14.0	2.0	5.0	2.0	5.0	6.0	2.0	2.0	0.0	1.0	7.0	0.0	2.0	7.0	17.0	0.0	0.0	6.0	9.0	0.0	0.0	0.0	7.0	0.0	1.0	5.0	3.0	2.0	2.0	1.0	8.0	7.0	0.0	2.0	13.0	0.0	1.0	0.0	2.0	0.0	2.0	0.0	0.0	0.0	1.0	3.0	3.0	2.0	4.0	1.0	2.0	0.0	0.0	0.0	0.0	8.0	0.0	9.0	14.0	24.0	6.0	2.0	0.0	24.0	1.0	0.0	7.0	10.0	5.0	0.0	16.0	0.0	2.0	5.0	0.0	0.0	2.0	0.0	14.0	1.0	0.0	1.0	0.0	4.0	0.0	0.0	1.0	0.0	5.0	2.0	5.0	0.0	3.0	5.0	0.0	0.0	1.0	1.0	0.0	0.0	8.0	6.0	4.0	3.0	11.0	6.0	4.0	5.0	4.0	1.0	4.0	3.0	7.0	0.0	0.0	5.0	2.0	4.0	3.0	0.0	0.0	0.0	1.0	1.0	0.0	4.0	5.0	0.0	8.0	0.0	7.0	12.0	5.0	0.0	1.0	1.0	1.0	3.0	0.0	0.0	9.0	2.0	0.0	0.0	2.0	1.0	8.0	0.0	0.0	109.0	0.0	3.0	0.0	0.0	7.0	5.0	0.0	0.0	1.0	0.0	3.0	2.0	2.0	5.0	0.0	5.0	1.0	7.0	0.0	7.0	2.0	31.0	4.0
8bb5ff097e0707dca3fe5860af20f4a6	22.0	9.0	1.0	35.0	0.0	18.0	3.0	0.0	32.0	0.0	24.0	11.0	5.0	0.0	0.0	12.0	5.0	0.0	3.0	0.0	0.0	7.0	0.0	9.0	7.0	0.0	12.0	7.0	5.0	17.0	0.0	0.0	0.0	3.0	0.0	26.0	3.0	38.0	16.0	0.0	0.0	5.0	0.0	5.0	10.0	19.0	22.0	33.0	56.0	24.0	1.0	11.0	4.0	12.0	0.0	14.0	0.0	20.0	14.0	2.0	0.0	0.0	10.0	9.0	0.0	7.0	0.0	0.0	11.0	14.0	8.0	9.0	0.0	1.0	2.0	13.0	0.0	0.0	11.0	0.0	6.0	0.0	0.0	0.0	0.0	31.0	7.0	0.0	0.0	0.0	1.0	2.0	9.0	0.0	4.0	0.0	0.0	0.0	2.0	0.0	3.0	12.0	0.0	11.0	9.0	2.0	64.0	7.0	12.0	7.0	0.0	12.0	7.0	6.0	0.0	5.0	0.0	16.0	9.0	1.0	5.0	2.0	0.0	0.0	0.0	0.0	16.0	3.0	0.0	0.0	3.0	8.0	10.0	8.0	0.0	0.0	7.0	4.0	7.0	3.0	14.0	6.0	0.0	0.0	0.0	0.0	0.0	4.0	4.0	6.0	0.0	0.0	5.0	0.0	16.0	1.0	0.0	0.0	0.0	4.0	13.0	2.0	4.0	0.0	0.0	8.0	20.0	4.0	7.0	4.0	2.0	0.0	0.0	0.0	8.0	6.0	7.0	5.0	0.0	14.0	4.0	0.0	15.0	7.0	0.0	9.0	0.0	0.0	0.0	0.0	10.0	0.0	40.0	24.0	0.0	27.0	0.0	0.0
c942f59feffce9c3ab527135de234101	22.0	7.0	0.0	2.0	0.0	0.0	0.0	0.0	2.0	9.0	0.0	0.0	11.0	0.0	0.0	3.0	10.0	7.0	3.0	2.0	1.0	0.0	14.0	1.0	2.0	21.0	0.0	7.0	8.0	0.0	0.0	6.0	0.0	0.0	5.0	9.0	0.0	4.0	25.0	1.0	0.0	8.0	4.0	6.0	12.0	1.0	0.0	0.0	0.0	0.0	0.0	28.0	0.0	24.0	2.0	0.0	2.0	0.0	5.0	3.0	0.0	1.0	28.0	4.0	0.0	3.0	12.0	0.0	9.0	0.0	0.0	0.0	0.0	4.0	0.0	2.0	0.0	0.0	3.0	0.0	7.0	5.0	0.0	1.0	0.0	8.0	0.0	10.0	1.0	0.0	3.0	2.0	0.0	0.0	11.0	0.0	0.0	0.0	7.0	29.0	0.0	7.0	2.0	11.0	32.0	0.0	2.0	9.0	5.0	6.0	0.0	1.0	0.0	4.0	5.0	2.0	0.0	0.0	0.0	1.0	13.0	1.0	0.0	0.0	3.0	3.0	0.0	0.0	4.0	0.0	0.0	7.0	23.0	1.0	13.0	2.0	0.0	6.0	21.0	6.0	5.0	1.0	0.0	0.0	0.0	0.0	0.0	0.0	0.0	1.0	6.0	0.0	0.0	44.0	0.0	9.0	13.0	2.0	0.0	5.0	24.0	4.0	0.0	0.0	4.0	3.0	0.0	0.0	2.0	0.0	0.0	1.0	9.0	0.0	0.0	0.0	1.0	2.0	0.0	1.0	2.0	0.0	0.0	0.0	0.0	5.0	1.0	4.0	0.0	0.0	2.0	6.0	5.0	0.0	8.0	0.0	31.0	2.0
ca9dec36ad0aa5a1473144ddcb74951d	4.0	14.0	2.0	11.0	0.0	11.0	0.0	0.0	0.0	1.0	9.0	1.0	12.0	2.0	37.0	0.0	0.0	0.0	13.0	24.0	21.0	0.0	6.0	0.0	2.0	11.0	2.0	4.0	14.0	0.0	12.0	0.0	0.0	16.0	0.0	8.0	0.0	9.0	10.0	16.0	0.0	25.0	1.0	11.0	0.0	7.0	0.0	24.0	0.0	0.0	0.0	2.0	11.0	1.0	0.0	0.0	4.0	46.0	44.0	19.0	0.0	2.0	0.0	91.0	0.0	0.0	0.0	0.0	19.0	0.0	0.0	4.0	0.0	1.0	0.0	0.0	0.0	0.0	0.0	0.0	2.0	0.0	0.0	0.0	1.0	5.0	6.0	0.0	0.0	0.0	0.0	1.0	14.0	3.0	7.0	0.0	0.0	0.0	0.0	0.0	0.0	9.0	0.0	9.0	0.0	0.0	0.0	11.0	0.0	68.0	0.0	24.0	0.0	4.0	0.0	5.0	1.0	6.0	0.0	2.0	2.0	7.0	0.0	0.0	0.0	0.0	38.0	5.0	2.0	0.0	9.0	19.0	9.0	8.0	0.0	16.0	5.0	10.0	48.0	6.0	28.0	4.0	0.0	0.0	0.0	0.0	0.0	29.0	0.0	36.0	2.0	6.0	0.0	31.0	5.0	52.0	0.0	5.0	0.0	2.0	0.0	1.0	6.0	0.0	0.0	2.0	3.0	0.0	15.0	2.0	0.0	8.0	27.0	0.0	0.0	34.0	1.0	0.0	0.0	3.0	0.0	0.0	0.0	7.0	0.0	0.0	0.0	0.0	15.0	0.0	21.0	3.0	0.0	0.0	3.0	0.0	0.0	26.0
77ad88eed91eef009bf64f101c96baa6	1.0	7.0	0.0	0.0	0.0	0.0	8.0	3.0	1.0	13.0	0.0	9.0	0.0	3.0	4.0	9.0	1.0	0.0	0.0	8.0	4.0	1.0	0.0	2.0	6.0	8.0	0.0	4.0	0.0	0.0	0.0	6.0	1.0	2.0	0.0	3.0	20.0	13.0	3.0	0.0	37.0	10.0	2.0	1.0	7.0	0.0	0.0	0.0	0.0	3.0	1.0	11.0	0.0	0.0	6.0	4.0	0.0	0.0	5.0	0.0	0.0	0.0	5.0	5.0	5.0	0.0	18.0	207.0	3.0	0.0	14.0	11.0	4.0	0.0	6.0	2.0	0.0	53.0	2.0	2.0	0.0	54.0	0.0	1.0	0.0	12.0	0.0	41.0	0.0	0.0	0.0	0.0	6.0	3.0	5.0	0.0	0.0	0.0	0.0	49.0	2.0	0.0	7.0	6.0	3.0	0.0	0.0	7.0	2.0	10.0	11.0	0.0	22.0	6.0	31.0	0.0	5.0	0.0	5.0	17.0	28.0	0.0	5.0	3.0	0.0	16.0	36.0	3.0	4.0	11.0	4.0	1.0	3.0	2.0	0.0	9.0	4.0	1.0	7.0	1.0	10.0	0.0	0.0	3.0	0.0	0.0	0.0	0.0	20.0	0.0	13.0	0.0	16.0	0.0	6.0	3.0	0.0	12.0	0.0	5.0	22.0	14.0	0.0	0.0	4.0	2.0	0.0	0.0	0.0	2.0	0.0	0.0	1.0	0.0	10.0	0.0	1.0	7.0	0.0	6.0	2.0	2.0	0.0	0.0	0.0	3.0	3.0	6.0	0.0	6.0	5.0	0.0	7.0	19.0	1.0	3.0	9.0	12.0
59196a586276f0be745d0e334fc071c6	4.0	9.0	2.0	1.0	1.0	6.0	2.0	7.0	0.0	1.0	0.0	0.0	2.0	8.0	0.0	0.0	3.0	1.0	4.0	2.0	9.0	22.0	4.0	1.0	3.0	18.0	0.0	0.0	0.0	7.0	13.0	4.0	0.0	0.0	12.0	3.0	7.0	2.0	7.0	7.0	0.0	2.0	2.0	2.0	0.0	0.0	4.0	6.0	0.0	0.0	1.0	4.0	4.0	0.0	4.0	5.0	0.0	0.0	1.0	4.0	8.0	0.0	2.0	5.0	3.0	8.0	0.0	0.0	1.0	0.0	2.0	9.0	2.0	0.0	0.0	0.0	0.0	1.0	1.0	0.0	11.0	0.0	9.0	4.0	10.0	1.0	1.0	0.0	2.0	0.0	8.0	9.0	6.0	2.0	4.0	11.0	0.0	24.0	3.0	19.0	1.0	1.0	0.0	4.0	2.0	23.0	0.0	20.0	0.0	0.0	1.0	7.0	5.0	1.0	0.0	10.0	6.0	4.0	2.0	0.0	0.0	9.0	1.0	3.0	158.0	13.0	2.0	6.0	4.0	48.0	3.0	7.0	6.0	2.0	2.0	2.0	6.0	6.0	5.0	2.0	1.0	3.0	8.0	1.0	0.0	8.0	0.0	2.0	5.0	3.0	7.0	2.0	4.0	0.0	6.0	1.0	48.0	0.0	0.0	0.0	1.0	6.0	6.0	1.0	0.0	3.0	1.0	2.0	4.0	0.0	0.0	2.0	1.0	53.0	0.0	0.0	2.0	2.0	0.0	5.0	12.0	0.0	0.0	3.0	0.0	5.0	5.0	0.0	16.0	4.0	7.0	0.0	8.0	0.0	0.0	0.0	0.0	8.0
19cb3add28813b2bf3e1f40a000d33c2	7.0	9.0	0.0	0.0	0.0	5.0	0.0	6.0	0.0	0.0	22.0	26.0	28.0	0.0	0.0	0.0	0.0	0.0	68.0	2.0	0.0	6.0	56.0	0.0	5.0	4.0	33.0	0.0	0.0	15.0	9.0	0.0	12.0	7.0	0.0	2.0	0.0	4.0	0.0	21.0	0.0	2.0	6.0	10.0	0.0	0.0	17.0	3.0	0.0	3.0	10.0	12.0	4.0	14.0	1.0	6.0	14.0	3.0	0.0	0.0	1.0	0.0	0.0	0.0	1.0	0.0	0.0	0.0	0.0	0.0	0.0	10.0	0.0	19.0	0.0	0.0	6.0	0.0	2.0	0.0	0.0	0.0	3.0	4.0	8.0	0.0	10.0	17.0	0.0	0.0	0.0	7.0	10.0	27.0	15.0	0.0	0.0	0.0	0.0	0.0	1.0	2.0	12.0	5.0	0.0	0.0	5.0	0.0	15.0	12.0	14.0	2.0	0.0	4.0	0.0	1.0	0.0	0.0	12.0	1.0	0.0	3.0	0.0	10.0	0.0	0.0	35.0	2.0	4.0	0.0	0.0	0.0	5.0	4.0	0.0	3.0	0.0	0.0	7.0	0.0	4.0	6.0	0.0	5.0	0.0	0.0	0.0	1.0	0.0	0.0	8.0	22.0	0.0	0.0	0.0	0.0	0.0	4.0	0.0	0.0	42.0	0.0	4.0	0.0	0.0	0.0	0.0	0.0	0.0	4.0	0.0	2.0	34.0	0.0	0.0	36.0	0.0	0.0	0.0	0.0	0.0	12.0	2.0	1.0	0.0	7.0	6.0	0.0	0.0	0.0	7.0	1.0	8.0	0.0	7.0	5.0	63.0	15.0
a24dae6b87885a55d81df1ea6d1abaf5	9.0	6.0	0.0	5.0	0.0	0.0	2.0	21.0	19.0	70.0	0.0	9.0	12.0	0.0	6.0	0.0	0.0	0.0	0.0	16.0	1.0	0.0	9.0	0.0	4.0	0.0	5.0	0.0	8.0	0.0	0.0	0.0	6.0	6.0	0.0	0.0	0.0	7.0	0.0	0.0	0.0	4.0	1.0	3.0	0.0	34.0	0.0	0.0	0.0	10.0	0.0	0.0	0.0	9.0	1.0	0.0	0.0	0.0	2.0	2.0	0.0	37.0	6.0	1.0	28.0	8.0	81.0	0.0	0.0	0.0	9.0	2.0	13.0	4.0	8.0	2.0	0.0	0.0	0.0	0.0	11.0	3.0	10.0	2.0	4.0	11.0	0.0	0.0	0.0	4.0	1.0	0.0	2.0	0.0	21.0	1.0	0.0	0.0	5.0	0.0	47.0	4.0	0.0	11.0	9.0	0.0	9.0	44.0	13.0	0.0	4.0	6.0	10.0	0.0	0.0	0.0	0.0	0.0	8.0	11.0	2.0	0.0	0.0	3.0	0.0	0.0	0.0	0.0	2.0	6.0	34.0	47.0	0.0	2.0	6.0	0.0	0.0	0.0	8.0	6.0	1.0	7.0	0.0	1.0	0.0	0.0	0.0	0.0	2.0	37.0	0.0	4.0	4.0	0.0	7.0	13.0	3.0	1.0	0.0	13.0	4.0	5.0	2.0	100.0	127.0	1.0	0.0	0.0	36.0	1.0	5.0	1.0	1.0	0.0	4.0	5.0	0.0	1.0	0.0	0.0	1.0	2.0	4.0	0.0	0.0	8.0	2.0	2.0	0.0	0.0	0.0	26.0	0.0	3.0	2.0	3.0	14.0	14.0
fd1f139259c53276619476db0cc81913	0.0	0.0	0.0	0.0	1.0	0.0	0.0	0.0	1.0	0.0	0.0	0.0	0.0	0.0	2.0	3.0	0.0	1.0	0.0	0.0	0.0	3.0	0.0	0.0	0.0	0.0	0.0	0.0	0.0	0.0	8.0	34.0	0.0	0.0	3.0	0.0	11.0	0.0	0.0	0.0	0.0	0.0	0.0	0.0	1.0	1.0	0.0	0.0	2.0	0.0	2.0	0.0	0.0	0.0	0.0	0.0	0.0	0.0	0.0	0.0	4.0	0.0	0.0	0.0	0.0	0.0	0.0	31.0	0.0	0.0	4.0	0.0	0.0	0.0	27.0	0.0	14.0	17.0	0.0	7.0	0.0	5.0	0.0	10.0	3.0	0.0	0.0	12.0	0.0	0.0	0.0	0.0	0.0	0.0	0.0	1.0	46.0	221.0	0.0	37.0	0.0	0.0	0.0	0.0	2.0	29.0	0.0	4.0	0.0	0.0	0.0	0.0	3.0	0.0	6.0	0.0	0.0	0.0	0.0	0.0	3.0	0.0	4.0	0.0	8.0	3.0	0.0	0.0	0.0	8.0	0.0	0.0	0.0	0.0	3.0	8.0	0.0	0.0	0.0	0.0	0.0	0.0	5.0	0.0	27.0	9.0	15.0	0.0	0.0	0.0	0.0	0.0	5.0	0.0	0.0	0.0	0.0	0.0	67.0	0.0	0.0	24.0	0.0	0.0	2.0	2.0	0.0	2.0	0.0	0.0	4.0	0.0	0.0	8.0	1.0	0.0	0.0	0.0	130.0	0.0	1.0	45.0	0.0	0.0	13.0	0.0	0.0	0.0	0.0	0.0	0.0	0.0	0.0	1.0	0.0	0.0	5.0	1.0
cc968157f7691aab95df444e8cd103e2	1.0	1.0	2.0	0.0	2.0	2.0	5.0	6.0	0.0	6.0	7.0	2.0	7.0	0.0	1.0	1.0	3.0	10.0	5.0	8.0	2.0	8.0	5.0	0.0	5.0	4.0	0.0	32.0	0.0	2.0	2.0	0.0	0.0	7.0	0.0	2.0	1.0	4.0	3.0	1.0	0.0	6.0	0.0	0.0	7.0	2.0	0.0	0.0	2.0	2.0	0.0	4.0	0.0	0.0	3.0	19.0	10.0	0.0	1.0	5.0	0.0	11.0	10.0	6.0	3.0	1.0	1.0	0.0	0.0	2.0	0.0	0.0	4.0	2.0	4.0	11.0	0.0	0.0	0.0	2.0	0.0	49.0	3.0	3.0	1.0	0.0	2.0	1.0	0.0	3.0	0.0	2.0	0.0	4.0	4.0	0.0	3.0	0.0	0.0	0.0	5.0	0.0	3.0	0.0	2.0	0.0	2.0	10.0	2.0	2.0	5.0	4.0	3.0	4.0	20.0	6.0	7.0	2.0	1.0	1.0	3.0	0.0	8.0	2.0	0.0	1.0	1.0	1.0	1.0	0.0	1.0	6.0	3.0	1.0	2.0	2.0	1.0	9.0	16.0	3.0	6.0	1.0	2.0	10.0	0.0	0.0	0.0	1.0	2.0	1.0	1.0	4.0	1.0	0.0	1.0	7.0	0.0	0.0	2.0	10.0	0.0	1.0	0.0	1.0	2.0	3.0	1.0	0.0	2.0	5.0	1.0	2.0	0.0	0.0	2.0	0.0	1.0	1.0	0.0	20.0	0.0	3.0	1.0	0.0	0.0	2.0	5.0	0.0	0.0	0.0	0.0	3.0	1.0	0.0	4.0	0.0	1.0	1.0
fea3411c847e6627afb5e78b88e2e9af	0.0	4.0	3.0	0.0	0.0	0.0	2.0	0.0	0.0	0.0	0.0	1.0	0.0	0.0	0.0	3.0	3.0	33.0	7.0	0.0	0.0	2.0	0.0	1.0	2.0	0.0	0.0	0.0	3.0	1.0	10.0	9.0	2.0	0.0	0.0	1.0	23.0	0.0	12.0	1.0	17.0	0.0	0.0	1.0	0.0	4.0	0.0	0.0	2.0	0.0	6.0	2.0	0.0	0.0	0.0	0.0	0.0	0.0	1.0	0.0	4.0	0.0	2.0	0.0	6.0	0.0	1.0	0.0	4.0	1.0	10.0	4.0	3.0	3.0	12.0	1.0	28.0	0.0	0.0	0.0	4.0	5.0	0.0	5.0	5.0	6.0	0.0	0.0	2.0	4.0	3.0	1.0	3.0	0.0	0.0	1.0	9.0	38.0	0.0	11.0	1.0	0.0	2.0	0.0	7.0	22.0	2.0	1.0	3.0	2.0	0.0	1.0	3.0	0.0	0.0	0.0	13.0	0.0	0.0	1.0	0.0	0.0	0.0	0.0	14.0	3.0	3.0	0.0	0.0	0.0	1.0	1.0	0.0	0.0	7.0	21.0	7.0	1.0	1.0	3.0	1.0	0.0	4.0	0.0	6.0	2.0	0.0	0.0	9.0	0.0	0.0	0.0	9.0	0.0	0.0	1.0	4.0	1.0	8.0	0.0	4.0	9.0	0.0	0.0	3.0	4.0	3.0	7.0	5.0	0.0	1.0	2.0	0.0	16.0	8.0	0.0	0.0	5.0	0.0	5.0	2.0	3.0	0.0	0.0	0.0	0.0	5.0	0.0	10.0	0.0	0.0	0.0	0.0	4.0	1.0	0.0	24.0	14.0
74ec9fe6ffab4ecff6d5def74298a825	0.0	0.0	0.0	1.0	0.0	0.0	1.0	0.0	8.0	1.0	0.0	0.0	0.0	0.0	0.0	0.0	0.0	2.0	0.0	0.0	0.0	0.0	0.0	1.0	0.0	0.0	0.0	3.0	0.0	2.0	0.0	1.0	0.0	0.0	4.0	0.0	0.0	0.0	1.0	0.0	10.0	0.0	0.0	0.0	0.0	0.0	0.0	0.0	0.0	0.0	0.0	0.0	0.0	0.0	1.0	4.0	0.0	0.0	0.0	0.0	0.0	0.0	0.0	0.0	0.0	0.0	8.0	6.0	3.0	0.0	0.0	0.0	3.0	0.0	4.0	0.0	3.0	0.0	0.0	1.0	0.0	23.0	0.0	0.0	3.0	0.0	0.0	6.0	0.0	1.0	2.0	0.0	0.0	0.0	0.0	0.0	26.0	23.0	0.0	23.0	2.0	0.0	2.0	1.0	4.0	15.0	0.0	5.0	0.0	0.0	1.0	0.0	0.0	0.0	2.0	0.0	0.0	0.0	0.0	0.0	53.0	0.0	0.0	0.0	19.0	4.0	0.0	0.0	0.0	0.0	4.0	0.0	0.0	0.0	6.0	0.0	0.0	0.0	0.0	0.0	0.0	0.0	4.0	0.0	5.0	0.0	3.0	0.0	0.0	0.0	0.0	0.0	0.0	0.0	0.0	0.0	4.0	1.0	0.0	0.0	0.0	2.0	0.0	0.0	9.0	0.0	0.0	0.0	0.0	0.0	3.0	0.0	0.0	1.0	1.0	0.0	0.0	0.0	174.0	0.0	1.0	4.0	0.0	0.0	48.0	0.0	0.0	1.0	0.0	4.0	0.0	0.0	0.0	3.0	0.0	0.0	5.0	1.0
a3607a88a8ed64e24a374847b23e404f	0.0	0.0	0.0	1.0	2.0	1.0	0.0	1.0	0.0	0.0	0.0	1.0	3.0	3.0	0.0	0.0	1.0	0.0	1.0	0.0	0.0	4.0	0.0	0.0	1.0	3.0	0.0	8.0	3.0	0.0	0.0	1.0	0.0	3.0	1.0	2.0	0.0	0.0	0.0	9.0	0.0	0.0	1.0	0.0	1.0	5.0	0.0	0.0	2.0	3.0	27.0	6.0	1.0	0.0	2.0	2.0	2.0	0.0	4.0	1.0	0.0	0.0	0.0	0.0	4.0	0.0	1.0	0.0	8.0	3.0	0.0	0.0	0.0	2.0	0.0	2.0	10.0	0.0	0.0	0.0	9.0	0.0	0.0	0.0	13.0	0.0	0.0	0.0	4.0	8.0	7.0	2.0	5.0	3.0	7.0	8.0	0.0	6.0	3.0	0.0	0.0	1.0	0.0	2.0	4.0	0.0	0.0	5.0	4.0	0.0	1.0	7.0	4.0	5.0	0.0	0.0	13.0	4.0	0.0	1.0	0.0	0.0	5.0	0.0	9.0	0.0	0.0	0.0	0.0	0.0	4.0	0.0	1.0	1.0	0.0	1.0	0.0	1.0	2.0	1.0	0.0	0.0	8.0	0.0	0.0	0.0	0.0	0.0	2.0	0.0	7.0	2.0	0.0	14.0	0.0	1.0	21.0	0.0	0.0	1.0	0.0	0.0	5.0	0.0	0.0	4.0	0.0	0.0	0.0	2.0	0.0	1.0	13.0	24.0	15.0	2.0	0.0	1.0	0.0	2.0	0.0	0.0	2.0	0.0	0.0	0.0	0.0	0.0	0.0	0.0	5.0	0.0	5.0	0.0	0.0	5.0	58.0	5.0
b1f2146bef78066448576fceeb6b644b	0.0	3.0	0.0	1.0	0.0	3.0	0.0	0.0	4.0	0.0	0.0	3.0	0.0	0.0	2.0	0.0	13.0	0.0	6.0	3.0	2.0	14.0	0.0	0.0	1.0	5.0	1.0	7.0	0.0	3.0	6.0	34.0	0.0	0.0	0.0	2.0	0.0	0.0	9.0	0.0	0.0	4.0	5.0	0.0	0.0	0.0	0.0	3.0	0.0	0.0	2.0	9.0	6.0	0.0	12.0	2.0	0.0	0.0	5.0	0.0	0.0	1.0	6.0	2.0	1.0	0.0	0.0	0.0	1.0	4.0	0.0	1.0	0.0	0.0	29.0	0.0	0.0	0.0	0.0	13.0	0.0	0.0	19.0	0.0	0.0	0.0	3.0	0.0	0.0	0.0	0.0	3.0	2.0	3.0	0.0	21.0	2.0	0.0	0.0	0.0	0.0	1.0	0.0	0.0	1.0	23.0	3.0	0.0	7.0	0.0	1.0	0.0	5.0	0.0	0.0	4.0	14.0	2.0	4.0	2.0	0.0	3.0	0.0	1.0	0.0	0.0	0.0	7.0	2.0	0.0	0.0	5.0	4.0	4.0	0.0	0.0	6.0	7.0	0.0	1.0	1.0	1.0	16.0	2.0	0.0	15.0	0.0	2.0	5.0	4.0	13.0	0.0	20.0	22.0	0.0	4.0	0.0	1.0	0.0	4.0	0.0	8.0	0.0	0.0	0.0	3.0	11.0	0.0	1.0	0.0	0.0	0.0	5.0	4.0	0.0	1.0	0.0	0.0	0.0	3.0	27.0	20.0	0.0	0.0	0.0	2.0	2.0	4.0	12.0	0.0	2.0	0.0	5.0	0.0	3.0	0.0	0.0	0.0
9099a7f671b923c7b07c12508f17270a	0.0	0.0	0.0	0.0	3.0	0.0	0.0	0.0	0.0	0.0	0.0	1.0	0.0	0.0	4.0	3.0	0.0	4.0	0.0	0.0	0.0	0.0	2.0	0.0	10.0	1.0	0.0	2.0	0.0	1.0	0.0	0.0	2.0	0.0	0.0	0.0	1.0	0.0	1.0	2.0	0.0	0.0	1.0	0.0	0.0	0.0	0.0	0.0	1.0	0.0	1.0	0.0	0.0	0.0	0.0	0.0	0.0	0.0	0.0	0.0	1.0	0.0	3.0	0.0	0.0	0.0	4.0	0.0	0.0	0.0	1.0	0.0	7.0	0.0	2.0	0.0	1.0	0.0	0.0	3.0	1.0	17.0	0.0	0.0	0.0	0.0	0.0	2.0	0.0	0.0	1.0	1.0	0.0	0.0	0.0	0.0	0.0	3.0	0.0	9.0	6.0	0.0	0.0	2.0	3.0	12.0	0.0	0.0	0.0	0.0	0.0	0.0	0.0	0.0	7.0	0.0	2.0	1.0	0.0	0.0	0.0	1.0	0.0	0.0	0.0	0.0	2.0	0.0	0.0	0.0	1.0	0.0	3.0	0.0	2.0	2.0	0.0	0.0	0.0	0.0	1.0	0.0	4.0	2.0	1.0	10.0	1.0	0.0	0.0	1.0	0.0	0.0	0.0	0.0	0.0	0.0	0.0	0.0	11.0	0.0	0.0	0.0	5.0	0.0	25.0	0.0	0.0	0.0	2.0	0.0	2.0	1.0	1.0	4.0	7.0	0.0	0.0	0.0	0.0	1.0	4.0	0.0	0.0	0.0	0.0	4.0	0.0	0.0	4.0	3.0	0.0	0.0	0.0	2.0	0.0	3.0	0.0	0.0
de61860db8d93da85692dffb5cf32ab9	0.0	0.0	0.0	5.0	0.0	0.0	3.0	1.0	1.0	2.0	0.0	0.0	2.0	0.0	4.0	0.0	0.0	0.0	0.0	22.0	1.0	0.0	0.0	9.0	0.0	0.0	11.0	0.0	0.0	13.0	0.0	0.0	0.0	0.0	0.0	4.0	0.0	0.0	0.0	0.0	0.0	0.0	0.0	0.0	0.0	0.0	0.0	0.0	0.0	0.0	0.0	5.0	10.0	5.0	1.0	13.0	0.0	0.0	10.0	10.0	0.0	0.0	8.0	16.0	5.0	0.0	0.0	0.0	0.0	0.0	0.0	0.0	0.0	0.0	0.0	0.0	64.0	1.0	0.0	0.0	9.0	30.0	0.0	0.0	0.0	1.0	0.0	0.0	0.0	0.0	0.0	0.0	0.0	0.0	0.0	0.0	3.0	8.0	2.0	10.0	64.0	0.0	0.0	0.0	40.0	0.0	0.0	1.0	0.0	0.0	0.0	0.0	0.0	11.0	0.0	4.0	0.0	0.0	7.0	8.0	0.0	0.0	0.0	0.0	0.0	1.0	2.0	12.0	0.0	0.0	11.0	0.0	0.0	0.0	1.0	0.0	5.0	0.0	50.0	0.0	0.0	30.0	0.0	0.0	0.0	1.0	5.0	0.0	0.0	47.0	0.0	24.0	0.0	0.0	0.0	0.0	0.0	0.0	14.0	0.0	0.0	15.0	0.0	7.0	0.0	0.0	0.0	0.0	35.0	4.0	0.0	2.0	0.0	0.0	6.0	0.0	0.0	0.0	0.0	0.0	0.0	0.0	1.0	0.0	0.0	0.0	0.0	11.0	0.0	0.0	0.0	0.0	0.0	39.0	0.0	15.0	0.0	0.0
8720f9ecd2331ce68e2896df1bf2d977	1.0	0.0	2.0	0.0	2.0	1.0	1.0	5.0	2.0	1.0	3.0	0.0	1.0	6.0	0.0	1.0	8.0	1.0	7.0	0.0	0.0	0.0	1.0	1.0	1.0	8.0	0.0	1.0	0.0	1.0	6.0	20.0	0.0	0.0	2.0	0.0	7.0	1.0	4.0	10.0	0.0	1.0	0.0	1.0	0.0	1.0	0.0	0.0	0.0	0.0	7.0	2.0	3.0	0.0	1.0	0.0	0.0	0.0	0.0	6.0	0.0	1.0	0.0	1.0	0.0	0.0	0.0	0.0	0.0	0.0	9.0	5.0	0.0	3.0	3.0	0.0	0.0	0.0	0.0	0.0	2.0	0.0	0.0	0.0	0.0	1.0	2.0	0.0	4.0	0.0	10.0	1.0	0.0	1.0	1.0	0.0	0.0	0.0	0.0	0.0	0.0	1.0	0.0	11.0	0.0	0.0	0.0	0.0	0.0	0.0	0.0	6.0	0.0	0.0	0.0	8.0	0.0	0.0	0.0	0.0	0.0	4.0	0.0	0.0	0.0	0.0	1.0	1.0	2.0	6.0	1.0	0.0	3.0	4.0	0.0	0.0	0.0	1.0	2.0	0.0	2.0	0.0	6.0	1.0	0.0	10.0	0.0	2.0	0.0	1.0	3.0	0.0	12.0	2.0	0.0	0.0	33.0	1.0	0.0	2.0	0.0	3.0	2.0	0.0	0.0	0.0	9.0	3.0	0.0	0.0	0.0	1.0	0.0	0.0	0.0	3.0	0.0	0.0	0.0	3.0	0.0	0.0	1.0	0.0	0.0	5.0	0.0	0.0	12.0	0.0	0.0	0.0	1.0	14.0	1.0	1.0	0.0	3.0
2ae8a432208b85a14e86eb821c86ce2b	1.0	1.0	0.0	3.0	0.0	0.0	0.0	2.0	0.0	8.0	3.0	3.0	3.0	2.0	0.0	0.0	2.0	1.0	1.0	5.0	1.0	2.0	2.0	3.0	44.0	2.0	1.0	0.0	0.0	0.0	3.0	1.0	0.0	0.0	1.0	0.0	0.0	0.0	0.0	0.0	0.0	0.0	20.0	1.0	0.0	0.0	0.0	4.0	0.0	0.0	0.0	14.0	0.0	0.0	2.0	2.0	0.0	0.0	2.0	44.0	4.0	5.0	15.0	0.0	0.0	0.0	0.0	7.0	0.0	0.0	0.0	4.0	0.0	0.0	1.0	13.0	5.0	0.0	2.0	7.0	0.0	0.0	18.0	31.0	0.0	0.0	1.0	0.0	0.0	0.0	15.0	0.0	1.0	0.0	1.0	0.0	4.0	0.0	0.0	7.0	0.0	0.0	0.0	15.0	31.0	40.0	0.0	0.0	0.0	4.0	2.0	10.0	0.0	1.0	0.0	4.0	3.0	1.0	1.0	2.0	13.0	45.0	9.0	1.0	0.0	1.0	12.0	0.0	4.0	0.0	2.0	0.0	1.0	6.0	0.0	0.0	4.0	0.0	9.0	2.0	0.0	2.0	1.0	0.0	2.0	0.0	0.0	0.0	0.0	2.0	3.0	1.0	0.0	0.0	0.0	0.0	10.0	0.0	0.0	0.0	1.0	0.0	0.0	0.0	4.0	1.0	5.0	0.0	1.0	4.0	0.0	0.0	0.0	12.0	0.0	2.0	3.0	0.0	0.0	0.0	0.0	0.0	0.0	0.0	1.0	0.0	0.0	5.0	9.0	2.0	0.0	2.0	1.0	0.0	0.0	2.0	1.0	0.0
4c731267e801c2afe253b5cbb58bdd24	0.0	5.0	6.0	0.0	1.0	1.0	0.0	0.0	0.0	1.0	4.0	1.0	2.0	8.0	1.0	0.0	0.0	12.0	5.0	4.0	0.0	0.0	1.0	0.0	6.0	6.0	0.0	1.0	0.0	3.0	0.0	7.0	2.0	2.0	2.0	5.0	3.0	2.0	6.0	10.0	0.0	4.0	0.0	0.0	0.0	2.0	10.0	0.0	0.0	3.0	0.0	0.0	2.0	0.0	3.0	0.0	2.0	0.0	2.0	5.0	0.0	0.0	8.0	3.0	2.0	2.0	0.0	0.0	0.0	0.0	0.0	8.0	0.0	3.0	0.0	0.0	0.0	5.0	0.0	0.0	9.0	0.0	3.0	0.0	0.0	3.0	5.0	0.0	5.0	0.0	6.0	4.0	3.0	0.0	4.0	5.0	18.0	28.0	3.0	0.0	3.0	1.0	0.0	8.0	0.0	16.0	1.0	0.0	3.0	3.0	2.0	2.0	0.0	0.0	0.0	2.0	12.0	1.0	0.0	0.0	0.0	1.0	4.0	0.0	0.0	0.0	0.0	1.0	0.0	0.0	3.0	13.0	0.0	1.0	9.0	4.0	2.0	1.0	1.0	6.0	1.0	2.0	20.0	2.0	0.0	18.0	0.0	1.0	4.0	0.0	0.0	3.0	5.0	2.0	1.0	1.0	19.0	2.0	0.0	0.0	2.0	12.0	16.0	0.0	0.0	4.0	2.0	3.0	0.0	0.0	3.0	3.0	0.0	0.0	20.0	1.0	3.0	3.0	0.0	2.0	2.0	0.0	0.0	0.0	0.0	6.0	4.0	2.0	5.0	0.0	4.0	0.0	0.0	27.0	5.0	0.0	0.0	11.0
bda6b6e7da7508c68057140e7bd6cd8d	13.0	8.0	0.0	0.0	0.0	3.0	0.0	0.0	0.0	0.0	0.0	8.0	1.0	14.0	0.0	2.0	0.0	0.0	2.0	14.0	0.0	0.0	0.0	0.0	0.0	7.0	4.0	0.0	7.0	0.0	0.0	0.0	0.0	0.0	0.0	4.0	0.0	6.0	1.0	4.0	0.0	0.0	21.0	2.0	2.0	10.0	9.0	10.0	0.0	46.0	0.0	2.0	27.0	0.0	0.0	34.0	18.0	5.0	7.0	0.0	0.0	2.0	1.0	5.0	0.0	0.0	0.0	0.0	3.0	38.0	15.0	7.0	0.0	17.0	0.0	5.0	0.0	0.0	0.0	0.0	0.0	0.0	0.0	0.0	0.0	0.0	25.0	0.0	0.0	0.0	0.0	0.0	0.0	8.0	2.0	0.0	0.0	0.0	0.0	0.0	0.0	2.0	0.0	0.0	0.0	0.0	78.0	0.0	29.0	8.0	0.0	0.0	24.0	1.0	0.0	0.0	3.0	4.0	6.0	2.0	0.0	10.0	0.0	0.0	0.0	0.0	0.0	0.0	0.0	0.0	3.0	12.0	0.0	29.0	56.0	13.0	8.0	0.0	0.0	20.0	0.0	0.0	0.0	59.0	0.0	0.0	0.0	0.0	0.0	11.0	0.0	8.0	0.0	9.0	0.0	1.0	0.0	0.0	0.0	0.0	0.0	0.0	0.0	0.0	0.0	0.0	17.0	6.0	0.0	3.0	0.0	0.0	3.0	0.0	34.0	24.0	6.0	4.0	0.0	0.0	0.0	0.0	11.0	1.0	0.0	0.0	0.0	0.0	0.0	0.0	3.0	1.0	13.0	0.0	0.0	0.0	0.0	12.0
447b9d6a5c17543a456c597e65b37139	2.0	0.0	0.0	0.0	0.0	3.0	1.0	4.0	0.0	0.0	0.0	0.0	2.0	2.0	5.0	8.0	2.0	1.0	6.0	0.0	0.0	4.0	1.0	0.0	0.0	4.0	0.0	0.0	0.0	5.0	0.0	8.0	5.0	0.0	2.0	2.0	4.0	0.0	2.0	2.0	12.0	0.0	1.0	5.0	0.0	0.0	0.0	0.0	0.0	2.0	1.0	4.0	6.0	2.0	0.0	2.0	2.0	3.0	0.0	4.0	2.0	0.0	1.0	3.0	4.0	0.0	0.0	0.0	0.0	1.0	3.0	6.0	2.0	0.0	0.0	0.0	12.0	2.0	3.0	2.0	11.0	0.0	21.0	14.0	15.0	3.0	1.0	0.0	0.0	4.0	5.0	16.0	8.0	1.0	3.0	40.0	0.0	0.0	0.0	0.0	0.0	3.0	0.0	6.0	3.0	0.0	0.0	0.0	2.0	6.0	0.0	4.0	0.0	0.0	9.0	6.0	0.0	9.0	6.0	2.0	0.0	3.0	8.0	0.0	43.0	0.0	3.0	2.0	0.0	0.0	7.0	4.0	6.0	0.0	4.0	8.0	4.0	5.0	0.0	0.0	0.0	1.0	15.0	0.0	1.0	0.0	0.0	1.0	6.0	0.0	2.0	2.0	7.0	0.0	2.0	5.0	12.0	0.0	11.0	0.0	0.0	0.0	4.0	0.0	0.0	8.0	0.0	0.0	1.0	0.0	1.0	5.0	0.0	0.0	14.0	1.0	6.0	0.0	0.0	3.0	0.0	0.0	1.0	2.0	0.0	25.0	0.0	0.0	0.0	0.0	1.0	0.0	14.0	0.0	2.0	3.0	0.0	5.0
4311a44a7d56ce4086afad3e75bedd6e	0.0	0.0	1.0	1.0	4.0	0.0	0.0	1.0	1.0	1.0	0.0	0.0	0.0	0.0	0.0	4.0	0.0	3.0	0.0	4.0	0.0	1.0	0.0	2.0	0.0	0.0	1.0	0.0	0.0	0.0	1.0	2.0	0.0	0.0	0.0	0.0	9.0	1.0	0.0	0.0	0.0	0.0	0.0	0.0	4.0	1.0	0.0	0.0	0.0	0.0	7.0	0.0	0.0	0.0	4.0	0.0	0.0	0.0	3.0	0.0	0.0	2.0	2.0	0.0	1.0	2.0	0.0	0.0	1.0	1.0	6.0	3.0	2.0	1.0	1.0	0.0	1.0	3.0	0.0	12.0	0.0	1.0	0.0	6.0	1.0	2.0	3.0	0.0	0.0	2.0	2.0	0.0	2.0	0.0	0.0	3.0	1.0	22.0	1.0	4.0	6.0	0.0	1.0	0.0	11.0	7.0	0.0	1.0	7.0	0.0	0.0	0.0	3.0	0.0	1.0	0.0	9.0	0.0	3.0	0.0	5.0	0.0	2.0	1.0	0.0	0.0	0.0	1.0	0.0	0.0	0.0	0.0	0.0	2.0	7.0	2.0	1.0	1.0	2.0	1.0	0.0	1.0	2.0	0.0	0.0	25.0	14.0	0.0	0.0	4.0	0.0	0.0	0.0	2.0	0.0	0.0	5.0	1.0	5.0	0.0	0.0	2.0	2.0	0.0	6.0	3.0	2.0	0.0	0.0	0.0	2.0	4.0	6.0	1.0	3.0	2.0	0.0	1.0	1.0	4.0	5.0	4.0	0.0	0.0	1.0	0.0	0.0	0.0	1.0	0.0	0.0	2.0	0.0	2.0	0.0	0.0	16.0	4.0
8ce931b0c99ad5ed648c25483c1ca492	0.0	0.0	0.0	0.0	0.0	0.0	0.0	0.0	0.0	1.0	0.0	1.0	0.0	0.0	0.0	0.0	0.0	0.0	0.0	0.0	0.0	0.0	0.0	0.0	0.0	0.0	0.0	0.0	0.0	0.0	0.0	0.0	0.0	0.0	0.0	0.0	1.0	0.0	0.0	17.0	6.0	0.0	0.0	0.0	0.0	0.0	0.0	0.0	0.0	0.0	0.0	0.0	0.0	0.0	1.0	0.0	0.0	6.0	0.0	0.0	0.0	0.0	0.0	0.0	1.0	0.0	0.0	2.0	0.0	0.0	2.0	0.0	0.0	0.0	0.0	0.0	4.0	17.0	0.0	1.0	0.0	1.0	0.0	2.0	6.0	11.0	0.0	0.0	1.0	5.0	2.0	0.0	0.0	0.0	0.0	2.0	16.0	7.0	0.0	26.0	0.0	0.0	0.0	2.0	0.0	2.0	0.0	0.0	0.0	0.0	0.0	0.0	3.0	0.0	0.0	1.0	0.0	0.0	0.0	0.0	0.0	0.0	80.0	0.0	23.0	30.0	0.0	0.0	0.0	1.0	0.0	0.0	0.0	0.0	0.0	0.0	0.0	0.0	0.0	0.0	0.0	0.0	0.0	0.0	11.0	46.0	4.0	0.0	3.0	0.0	0.0	0.0	0.0	0.0	0.0	0.0	0.0	0.0	16.0	0.0	0.0	0.0	0.0	0.0	60.0	0.0	0.0	0.0	0.0	0.0	0.0	0.0	0.0	8.0	0.0	0.0	0.0	0.0	8.0	0.0	1.0	24.0	2.0	0.0	2.0	0.0	0.0	0.0	2.0	1.0	0.0	0.0	0.0	12.0	0.0	0.0	1.0	0.0
877f27b47c85f6b2d3cf8a6aa86def40	0.0	6.0	1.0	0.0	1.0	0.0	0.0	0.0	0.0	0.0	0.0	30.0	7.0	0.0	0.0	0.0	7.0	0.0	1.0	0.0	0.0	0.0	5.0	0.0	0.0	19.0	2.0	1.0	0.0	6.0	0.0	0.0	0.0	0.0	0.0	0.0	3.0	0.0	5.0	7.0	0.0	11.0	8.0	22.0	0.0	19.0	0.0	1.0	2.0	0.0	0.0	6.0	6.0	0.0	0.0	0.0	0.0	0.0	10.0	0.0	0.0	64.0	5.0	0.0	0.0	0.0	0.0	0.0	6.0	6.0	0.0	0.0	13.0	0.0	0.0	0.0	0.0	0.0	1.0	0.0	0.0	0.0	0.0	0.0	0.0	0.0	2.0	0.0	0.0	0.0	0.0	0.0	2.0	0.0	0.0	0.0	0.0	0.0	27.0	0.0	17.0	0.0	0.0	6.0	0.0	0.0	0.0	1.0	0.0	17.0	0.0	0.0	0.0	2.0	1.0	0.0	0.0	3.0	12.0	66.0	0.0	2.0	0.0	0.0	0.0	4.0	0.0	0.0	0.0	0.0	0.0	7.0	0.0	1.0	0.0	7.0	0.0	37.0	8.0	13.0	2.0	5.0	0.0	4.0	0.0	0.0	0.0	2.0	0.0	0.0	0.0	4.0	0.0	80.0	0.0	0.0	0.0	0.0	0.0	9.0	0.0	1.0	2.0	26.0	0.0	0.0	2.0	0.0	13.0	0.0	0.0	0.0	0.0	0.0	1.0	56.0	0.0	0.0	0.0	0.0	2.0	0.0	0.0	0.0	0.0	0.0	2.0	1.0	0.0	0.0	18.0	14.0	1.0	24.0	0.0	0.0	0.0	6.0
6a17479edbe461431433bddb084f731e	13.0	2.0	1.0	0.0	0.0	0.0	91.0	0.0	0.0	10.0	0.0	0.0	0.0	2.0	0.0	3.0	0.0	2.0	0.0	1.0	1.0	2.0	0.0	0.0	0.0	0.0	0.0	1.0	2.0	0.0	1.0	0.0	0.0	0.0	0.0	0.0	0.0	0.0	0.0	0.0	0.0	3.0	1.0	0.0	0.0	0.0	0.0	0.0	0.0	1.0	0.0	0.0	0.0	21.0	0.0	0.0	0.0	0.0	0.0	0.0	0.0	0.0	0.0	0.0	0.0	0.0	0.0	0.0	0.0	0.0	3.0	14.0	0.0	0.0	7.0	0.0	33.0	0.0	0.0	0.0	2.0	0.0	0.0	7.0	0.0	0.0	1.0	0.0	8.0	0.0	0.0	6.0	0.0	0.0	0.0	0.0	14.0	0.0	10.0	0.0	0.0	8.0	0.0	0.0	0.0	0.0	0.0	0.0	0.0	0.0	34.0	0.0	0.0	21.0	0.0	0.0	5.0	2.0	0.0	3.0	0.0	0.0	0.0	0.0	0.0	0.0	0.0	6.0	0.0	0.0	0.0	0.0	1.0	1.0	0.0	0.0	6.0	0.0	0.0	1.0	2.0	0.0	0.0	0.0	26.0	0.0	2.0	3.0	0.0	0.0	2.0	1.0	0.0	0.0	0.0	3.0	1.0	0.0	4.0	0.0	8.0	0.0	0.0	9.0	0.0	0.0	0.0	1.0	5.0	0.0	1.0	0.0	0.0	0.0	1.0	0.0	0.0	0.0	0.0	0.0	0.0	0.0	0.0	0.0	0.0	0.0	0.0	23.0	0.0	0.0	1.0	5.0	0.0	0.0	12.0	0.0	0.0	0.0
39bb3fb5b2257fd2eacca408dc42c5d1	4.0	0.0	5.0	10.0	0.0	0.0	0.0	0.0	0.0	0.0	1.0	3.0	0.0	2.0	0.0	0.0	0.0	0.0	0.0	5.0	1.0	6.0	0.0	0.0	0.0	7.0	0.0	0.0	0.0	2.0	11.0	0.0	1.0	0.0	27.0	10.0	0.0	0.0	9.0	0.0	3.0	0.0	0.0	2.0	5.0	1.0	0.0	0.0	0.0	0.0	0.0	6.0	0.0	0.0	2.0	0.0	2.0	0.0	11.0	6.0	0.0	1.0	4.0	5.0	0.0	0.0	0.0	0.0	0.0	0.0	0.0	7.0	2.0	0.0	18.0	0.0	0.0	0.0	0.0	6.0	33.0	0.0	16.0	0.0	0.0	0.0	7.0	0.0	0.0	0.0	5.0	7.0	5.0	0.0	1.0	0.0	0.0	0.0	0.0	0.0	0.0	3.0	1.0	6.0	0.0	31.0	0.0	0.0	0.0	0.0	2.0	0.0	7.0	0.0	0.0	0.0	28.0	6.0	0.0	6.0	0.0	3.0	13.0	0.0	0.0	0.0	0.0	2.0	2.0	17.0	0.0	5.0	0.0	0.0	0.0	5.0	0.0	1.0	0.0	4.0	6.0	2.0	6.0	0.0	0.0	0.0	0.0	0.0	0.0	2.0	5.0	0.0	0.0	2.0	1.0	8.0	5.0	0.0	0.0	1.0	0.0	20.0	0.0	0.0	0.0	2.0	4.0	0.0	0.0	0.0	2.0	0.0	0.0	7.0	0.0	0.0	8.0	0.0	0.0	23.0	0.0	0.0	0.0	0.0	0.0	0.0	8.0	0.0	20.0	0.0	0.0	0.0	6.0	0.0	0.0	2.0	0.0	12.0
399bcf0feb12a20ca0731d8d65268dae	0.0	0.0	0.0	0.0	0.0	0.0	1.0	0.0	0.0	0.0	0.0	2.0	0.0	0.0	0.0	0.0	0.0	2.0	0.0	0.0	8.0	3.0	0.0	0.0	0.0	0.0	2.0	1.0	0.0	2.0	0.0	0.0	0.0	2.0	0.0	0.0	1.0	0.0	0.0	0.0	0.0	4.0	0.0	0.0	0.0	0.0	0.0	0.0	3.0	0.0	166.0	0.0	0.0	0.0	0.0	0.0	2.0	0.0	1.0	0.0	0.0	0.0	0.0	0.0	0.0	0.0	0.0	0.0	1.0	0.0	8.0	0.0	8.0	0.0	0.0	0.0	0.0	0.0	0.0	0.0	0.0	40.0	0.0	1.0	0.0	0.0	0.0	0.0	0.0	2.0	1.0	0.0	0.0	3.0	2.0	21.0	0.0	12.0	0.0	0.0	0.0	0.0	6.0	2.0	0.0	0.0	0.0	7.0	0.0	0.0	2.0	0.0	0.0	0.0	0.0	0.0	0.0	0.0	0.0	0.0	0.0	0.0	0.0	0.0	0.0	7.0	5.0	0.0	0.0	0.0	0.0	0.0	2.0	0.0	0.0	2.0	0.0	0.0	1.0	0.0	2.0	0.0	0.0	0.0	0.0	0.0	0.0	0.0	1.0	0.0	2.0	0.0	0.0	8.0	0.0	5.0	0.0	0.0	0.0	0.0	32.0	2.0	0.0	0.0	0.0	12.0	0.0	0.0	5.0	0.0	0.0	1.0	4.0	5.0	2.0	0.0	1.0	0.0	0.0	0.0	41.0	0.0	1.0	0.0	0.0	0.0	3.0	0.0	0.0	0.0	0.0	0.0	0.0	6.0	0.0	1.0	102.0	4.0
58df89090206b56c52bfffa4b97f4d5d	0.0	0.0	0.0	0.0	0.0	0.0	0.0	0.0	0.0	0.0	0.0	0.0	0.0	1.0	0.0	2.0	0.0	0.0	0.0	0.0	0.0	4.0	0.0	0.0	0.0	0.0	0.0	0.0	0.0	1.0	0.0	0.0	0.0	0.0	0.0	0.0	0.0	0.0	0.0	0.0	0.0	0.0	0.0	0.0	1.0	0.0	0.0	0.0	7.0	0.0	0.0	0.0	0.0	0.0	1.0	3.0	0.0	0.0	0.0	3.0	0.0	0.0	0.0	0.0	0.0	3.0	0.0	87.0	0.0	0.0	5.0	0.0	1.0	1.0	0.0	0.0	6.0	41.0	0.0	26.0	0.0	3.0	0.0	0.0	0.0	4.0	0.0	0.0	0.0	0.0	2.0	0.0	2.0	0.0	0.0	0.0	2.0	32.0	3.0	0.0	2.0	1.0	1.0	0.0	0.0	0.0	0.0	0.0	0.0	2.0	0.0	0.0	5.0	0.0	0.0	0.0	2.0	0.0	0.0	0.0	9.0	0.0	16.0	3.0	0.0	6.0	1.0	0.0	0.0	0.0	0.0	0.0	4.0	0.0	1.0	25.0	1.0	0.0	0.0	0.0	0.0	0.0	0.0	0.0	5.0	5.0	0.0	0.0	0.0	0.0	0.0	0.0	9.0	0.0	0.0	0.0	0.0	0.0	0.0	0.0	0.0	1.0	0.0	0.0	0.0	0.0	0.0	0.0	5.0	0.0	8.0	0.0	0.0	13.0	11.0	0.0	0.0	0.0	0.0	0.0	0.0	9.0	0.0	0.0	0.0	0.0	1.0	0.0	0.0	0.0	0.0	0.0	0.0	0.0	0.0	0.0	19.0	0.0
30207d209491dfb7de83344e77fd6fbd	0.0	2.0	0.0	13.0	0.0	6.0	0.0	4.0	0.0	1.0	6.0	3.0	11.0	13.0	8.0	0.0	1.0	0.0	7.0	0.0	0.0	0.0	4.0	0.0	0.0	4.0	0.0	7.0	0.0	4.0	1.0	0.0	0.0	0.0	0.0	4.0	0.0	3.0	3.0	5.0	0.0	2.0	0.0	0.0	7.0	0.0	0.0	0.0	0.0	1.0	0.0	0.0	19.0	0.0	1.0	0.0	2.0	15.0	3.0	6.0	0.0	0.0	2.0	9.0	0.0	4.0	0.0	0.0	0.0	0.0	5.0	1.0	0.0	0.0	1.0	2.0	0.0	0.0	0.0	0.0	35.0	0.0	0.0	0.0	0.0	0.0	0.0	0.0	0.0	0.0	3.0	5.0	0.0	5.0	3.0	0.0	0.0	0.0	6.0	0.0	0.0	2.0	0.0	1.0	1.0	0.0	2.0	0.0	5.0	2.0	1.0	0.0	0.0	2.0	14.0	0.0	0.0	3.0	0.0	0.0	0.0	2.0	0.0	0.0	0.0	0.0	6.0	1.0	2.0	0.0	26.0	47.0	4.0	5.0	0.0	0.0	1.0	7.0	1.0	0.0	0.0	0.0	7.0	0.0	0.0	0.0	0.0	3.0	0.0	4.0	10.0	4.0	9.0	14.0	6.0	9.0	0.0	0.0	18.0	0.0	5.0	0.0	18.0	0.0	0.0	5.0	4.0	0.0	6.0	0.0	0.0	7.0	4.0	0.0	0.0	1.0	10.0	0.0	0.0	4.0	0.0	0.0	1.0	0.0	0.0	0.0	0.0	2.0	0.0	0.0	0.0	1.0	5.0	0.0	0.0	5.0	0.0	4.0
3b092a59cd0e2d57483420cc994ec49c	0.0	0.0	0.0	1.0	0.0	8.0	4.0	6.0	0.0	0.0	0.0	3.0	21.0	0.0	1.0	0.0	7.0	4.0	1.0	11.0	0.0	0.0	0.0	0.0	0.0	0.0	0.0	1.0	0.0	0.0	0.0	0.0	0.0	1.0	0.0	0.0	7.0	3.0	0.0	5.0	0.0	0.0	25.0	0.0	1.0	0.0	0.0	0.0	0.0	0.0	0.0	4.0	0.0	0.0	0.0	0.0	0.0	0.0	0.0	17.0	2.0	3.0	5.0	5.0	0.0	0.0	0.0	10.0	0.0	0.0	0.0	1.0	0.0	0.0	1.0	0.0	0.0	0.0	1.0	0.0	0.0	0.0	0.0	0.0	0.0	1.0	1.0	0.0	0.0	0.0	25.0	0.0	0.0	0.0	0.0	0.0	1.0	0.0	0.0	0.0	0.0	0.0	0.0	44.0	3.0	79.0	0.0	0.0	3.0	6.0	0.0	1.0	0.0	0.0	1.0	0.0	0.0	5.0	6.0	1.0	0.0	2.0	1.0	0.0	0.0	0.0	0.0	0.0	0.0	1.0	0.0	1.0	1.0	7.0	0.0	0.0	0.0	0.0	9.0	0.0	7.0	0.0	0.0	1.0	0.0	0.0	0.0	4.0	0.0	0.0	7.0	0.0	0.0	0.0	6.0	6.0	0.0	0.0	0.0	0.0	2.0	0.0	1.0	0.0	0.0	0.0	10.0	0.0	0.0	68.0	0.0	0.0	0.0	0.0	0.0	0.0	0.0	5.0	0.0	0.0	0.0	0.0	0.0	0.0	0.0	1.0	0.0	0.0	0.0	0.0	0.0	0.0	0.0	0.0	0.0	0.0	0.0	3.0
686d42b9552375c3b61301ae5605e3a2	6.0	0.0	0.0	3.0	0.0	3.0	0.0	0.0	0.0	5.0	0.0	0.0	0.0	3.0	0.0	0.0	0.0	2.0	2.0	3.0	0.0	0.0	23.0	0.0	0.0	0.0	1.0	14.0	47.0	1.0	0.0	0.0	0.0	0.0	0.0	0.0	0.0	19.0	0.0	0.0	0.0	0.0	1.0	0.0	0.0	0.0	0.0	1.0	0.0	0.0	0.0	0.0	6.0	8.0	1.0	12.0	3.0	0.0	5.0	0.0	0.0	0.0	10.0	0.0	2.0	0.0	0.0	0.0	6.0	0.0	0.0	0.0	0.0	2.0	0.0	0.0	0.0	0.0	0.0	0.0	0.0	0.0	0.0	0.0	0.0	0.0	17.0	0.0	2.0	0.0	0.0	0.0	7.0	0.0	2.0	0.0	0.0	0.0	0.0	0.0	2.0	7.0	6.0	0.0	10.0	0.0	1.0	0.0	0.0	0.0	0.0	0.0	0.0	0.0	0.0	2.0	0.0	5.0	0.0	0.0	0.0	0.0	0.0	0.0	0.0	3.0	0.0	0.0	0.0	0.0	0.0	0.0	0.0	1.0	10.0	0.0	0.0	0.0	1.0	0.0	2.0	3.0	0.0	0.0	0.0	0.0	0.0	4.0	0.0	0.0	0.0	3.0	0.0	6.0	0.0	0.0	5.0	0.0	13.0	4.0	0.0	3.0	0.0	11.0	0.0	1.0	7.0	0.0	0.0	0.0	0.0	4.0	7.0	0.0	11.0	62.0	0.0	0.0	0.0	0.0	0.0	0.0	0.0	0.0	0.0	0.0	1.0	0.0	1.0	0.0	0.0	3.0	0.0	0.0	9.0	0.0	0.0	0.0
a650f349bbdffb95b3624519d1ba72b8	0.0	0.0	0.0	0.0	0.0	0.0	1.0	1.0	2.0	0.0	1.0	1.0	2.0	1.0	0.0	1.0	0.0	0.0	0.0	0.0	0.0	0.0	0.0	0.0	17.0	0.0	2.0	0.0	1.0	0.0	2.0	0.0	0.0	0.0	0.0	0.0	0.0	0.0	1.0	0.0	0.0	0.0	0.0	0.0	0.0	0.0	0.0	0.0	1.0	0.0	1.0	0.0	1.0	0.0	2.0	7.0	2.0	0.0	0.0	3.0	0.0	0.0	0.0	1.0	1.0	1.0	0.0	0.0	7.0	0.0	0.0	0.0	2.0	0.0	0.0	0.0	0.0	0.0	0.0	0.0	0.0	0.0	0.0	0.0	0.0	3.0	3.0	0.0	0.0	0.0	2.0	0.0	0.0	0.0	0.0	0.0	2.0	0.0	0.0	0.0	2.0	5.0	0.0	0.0	2.0	0.0	0.0	5.0	14.0	0.0	0.0	0.0	0.0	0.0	2.0	6.0	0.0	0.0	0.0	0.0	0.0	0.0	5.0	0.0	0.0	1.0	0.0	0.0	0.0	3.0	0.0	3.0	4.0	0.0	13.0	1.0	0.0	0.0	0.0	0.0	0.0	0.0	60.0	0.0	0.0	4.0	0.0	0.0	0.0	0.0	0.0	0.0	0.0	20.0	0.0	1.0	4.0	0.0	0.0	1.0	0.0	1.0	0.0	0.0	2.0	1.0	0.0	0.0	0.0	0.0	0.0	0.0	4.0	5.0	1.0	0.0	2.0	0.0	0.0	0.0	0.0	0.0	0.0	0.0	0.0	0.0	0.0	0.0	3.0	0.0	0.0	0.0	0.0	2.0	12.0	1.0	3.0	1.0
218a6324d16b842a38c70f1088a7c8b0	0.0	0.0	0.0	0.0	1.0	0.0	0.0	0.0	9.0	0.0	0.0	0.0	5.0	0.0	0.0	0.0	0.0	0.0	0.0	0.0	0.0	0.0	1.0	0.0	0.0	1.0	0.0	0.0	0.0	0.0	0.0	0.0	0.0	0.0	0.0	0.0	0.0	0.0	0.0	0.0	0.0	0.0	0.0	0.0	0.0	0.0	0.0	0.0	1.0	0.0	3.0	0.0	0.0	0.0	1.0	1.0	0.0	0.0	0.0	0.0	0.0	0.0	0.0	0.0	0.0	0.0	0.0	3.0	0.0	0.0	0.0	0.0	4.0	2.0	0.0	0.0	0.0	0.0	0.0	1.0	0.0	0.0	0.0	0.0	3.0	0.0	0.0	0.0	0.0	2.0	0.0	0.0	0.0	1.0	0.0	0.0	0.0	0.0	0.0	0.0	8.0	0.0	6.0	0.0	0.0	0.0	0.0	0.0	0.0	7.0	1.0	0.0	0.0	0.0	0.0	0.0	1.0	1.0	0.0	0.0	0.0	0.0	0.0	0.0	0.0	0.0	1.0	0.0	0.0	0.0	0.0	0.0	0.0	0.0	22.0	0.0	0.0	0.0	0.0	1.0	0.0	1.0	0.0	0.0	0.0	0.0	0.0	0.0	0.0	0.0	6.0	0.0	0.0	0.0	0.0	0.0	0.0	0.0	0.0	0.0	0.0	0.0	0.0	0.0	22.0	0.0	2.0	0.0	0.0	0.0	0.0	1.0	0.0	0.0	0.0	0.0	1.0	0.0	0.0	5.0	0.0	1.0	1.0	0.0	0.0	0.0	0.0	0.0	0.0	0.0	0.0	0.0	0.0	1.0	0.0	0.0	8.0	0.0
1a389bf765c8ff0f92600f684fbe7ad7	1.0	5.0	1.0	14.0	2.0	0.0	0.0	22.0	0.0	0.0	0.0	16.0	0.0	0.0	28.0	0.0	7.0	0.0	1.0	3.0	0.0	0.0	2.0	11.0	0.0	6.0	14.0	0.0	9.0	0.0	0.0	0.0	0.0	0.0	0.0	7.0	0.0	0.0	0.0	3.0	0.0	0.0	10.0	1.0	0.0	39.0	0.0	1.0	3.0	0.0	0.0	4.0	1.0	3.0	0.0	0.0	4.0	3.0	5.0	4.0	0.0	2.0	1.0	2.0	0.0	0.0	0.0	0.0	0.0	3.0	3.0	3.0	0.0	0.0	33.0	0.0	0.0	0.0	0.0	0.0	0.0	0.0	2.0	0.0	0.0	0.0	1.0	0.0	0.0	0.0	0.0	2.0	0.0	0.0	6.0	0.0	0.0	0.0	1.0	0.0	0.0	3.0	0.0	0.0	0.0	0.0	0.0	0.0	0.0	2.0	13.0	8.0	0.0	16.0	0.0	0.0	4.0	12.0	5.0	2.0	0.0	3.0	0.0	0.0	0.0	0.0	0.0	0.0	23.0	0.0	2.0	8.0	0.0	2.0	0.0	1.0	0.0	0.0	0.0	5.0	4.0	1.0	14.0	3.0	0.0	0.0	0.0	1.0	0.0	1.0	6.0	1.0	0.0	29.0	80.0	3.0	0.0	0.0	0.0	7.0	11.0	0.0	0.0	0.0	0.0	0.0	0.0	0.0	3.0	5.0	0.0	1.0	0.0	0.0	0.0	4.0	1.0	0.0	0.0	1.0	0.0	0.0	0.0	0.0	0.0	0.0	0.0	6.0	0.0	0.0	0.0	1.0	0.0	0.0	17.0	8.0	0.0	18.0
340a5698fe78713b785c3bcce89df73b	1.0	4.0	4.0	0.0	0.0	0.0	0.0	0.0	0.0	0.0	26.0	3.0	9.0	0.0	0.0	0.0	3.0	0.0	47.0	10.0	0.0	28.0	0.0	0.0	5.0	1.0	0.0	0.0	2.0	0.0	1.0	3.0	0.0	3.0	0.0	0.0	0.0	3.0	7.0	0.0	0.0	5.0	16.0	10.0	2.0	4.0	0.0	1.0	23.0	0.0	0.0	0.0	0.0	0.0	0.0	3.0	0.0	63.0	0.0	1.0	0.0	3.0	2.0	1.0	0.0	6.0	0.0	0.0	0.0	3.0	8.0	2.0	0.0	2.0	0.0	6.0	0.0	0.0	1.0	5.0	2.0	0.0	2.0	0.0	0.0	8.0	9.0	0.0	0.0	0.0	0.0	0.0	9.0	8.0	1.0	0.0	0.0	0.0	2.0	0.0	0.0	1.0	0.0	0.0	0.0	0.0	0.0	0.0	0.0	9.0	1.0	0.0	4.0	0.0	0.0	0.0	0.0	13.0	5.0	2.0	0.0	4.0	0.0	0.0	0.0	0.0	2.0	0.0	2.0	0.0	13.0	1.0	9.0	3.0	3.0	0.0	5.0	5.0	2.0	2.0	0.0	0.0	1.0	0.0	2.0	3.0	0.0	7.0	4.0	0.0	7.0	8.0	6.0	0.0	3.0	6.0	0.0	4.0	0.0	0.0	0.0	0.0	14.0	0.0	0.0	4.0	0.0	0.0	3.0	0.0	6.0	14.0	0.0	0.0	1.0	0.0	0.0	0.0	0.0	0.0	11.0	2.0	0.0	4.0	0.0	0.0	1.0	4.0	0.0	0.0	0.0	0.0	6.0	0.0	0.0	0.0	0.0	8.0
1527fd8b14037f53b8edb26b111e1f72	0.0	1.0	14.0	0.0	0.0	0.0	3.0	0.0	5.0	0.0	0.0	0.0	0.0	1.0	0.0	0.0	1.0	0.0	0.0	0.0	0.0	0.0	8.0	0.0	0.0	4.0	0.0	11.0	0.0	0.0	1.0	1.0	0.0	0.0	0.0	0.0	5.0	0.0	2.0	0.0	0.0	0.0	0.0	0.0	0.0	0.0	0.0	0.0	0.0	0.0	0.0	1.0	0.0	0.0	0.0	0.0	4.0	0.0	0.0	0.0	0.0	1.0	0.0	0.0	0.0	0.0	0.0	0.0	0.0	0.0	0.0	4.0	0.0	1.0	0.0	0.0	1.0	0.0	0.0	0.0	0.0	0.0	4.0	0.0	0.0	0.0	0.0	0.0	0.0	0.0	1.0	0.0	0.0	0.0	1.0	0.0	0.0	0.0	0.0	0.0	2.0	0.0	0.0	0.0	5.0	7.0	0.0	0.0	0.0	0.0	2.0	0.0	1.0	3.0	4.0	2.0	0.0	0.0	0.0	0.0	0.0	0.0	0.0	1.0	0.0	0.0	0.0	0.0	0.0	0.0	4.0	0.0	2.0	0.0	5.0	0.0	2.0	0.0	0.0	1.0	2.0	2.0	4.0	0.0	0.0	9.0	0.0	1.0	27.0	0.0	0.0	0.0	0.0	0.0	0.0	1.0	5.0	1.0	0.0	0.0	0.0	3.0	0.0	0.0	0.0	2.0	0.0	0.0	1.0	0.0	0.0	3.0	0.0	3.0	0.0	1.0	0.0	0.0	0.0	5.0	0.0	0.0	0.0	0.0	0.0	0.0	0.0	3.0	0.0	0.0	2.0	0.0	0.0	0.0	3.0	1.0	0.0	0.0
588a23811b3e98af68f4f0fb24a0daa8	4.0	0.0	0.0	0.0	0.0	0.0	0.0	0.0	11.0	0.0	0.0	0.0	0.0	4.0	0.0	10.0	1.0	0.0	0.0	0.0	0.0	3.0	1.0	0.0	6.0	0.0	0.0	0.0	0.0	2.0	0.0	8.0	0.0	0.0	0.0	5.0	0.0	0.0	0.0	0.0	0.0	0.0	0.0	0.0	0.0	0.0	2.0	0.0	0.0	0.0	2.0	0.0	0.0	0.0	2.0	2.0	0.0	0.0	0.0	0.0	0.0	2.0	0.0	0.0	0.0	0.0	0.0	0.0	0.0	0.0	0.0	6.0	2.0	3.0	0.0	0.0	3.0	5.0	0.0	19.0	0.0	0.0	11.0	3.0	0.0	0.0	2.0	0.0	9.0	0.0	0.0	0.0	2.0	0.0	0.0	0.0	6.0	0.0	3.0	0.0	0.0	0.0	3.0	0.0	4.0	0.0	0.0	0.0	0.0	0.0	0.0	0.0	0.0	0.0	20.0	0.0	2.0	0.0	0.0	3.0	0.0	0.0	5.0	3.0	18.0	66.0	0.0	0.0	0.0	18.0	0.0	0.0	0.0	1.0	3.0	0.0	0.0	0.0	0.0	0.0	0.0	0.0	2.0	1.0	0.0	0.0	0.0	0.0	12.0	0.0	0.0	0.0	0.0	0.0	0.0	0.0	4.0	0.0	38.0	0.0	0.0	12.0	0.0	0.0	0.0	2.0	0.0	0.0	2.0	0.0	2.0	14.0	2.0	7.0	3.0	0.0	0.0	0.0	0.0	1.0	1.0	47.0	0.0	0.0	0.0	25.0	10.0	0.0	0.0	0.0	0.0	0.0	0.0	0.0	0.0	0.0	0.0	0.0
c82032c40c98975f71892e4be561c87a	5.0	4.0	0.0	1.0	1.0	0.0	3.0	0.0	15.0	2.0	0.0	0.0	1.0	0.0	1.0	0.0	1.0	1.0	2.0	0.0	0.0	2.0	1.0	1.0	0.0	2.0	0.0	2.0	1.0	0.0	1.0	0.0	0.0	0.0	0.0	0.0	0.0	0.0	0.0	0.0	0.0	3.0	0.0	0.0	0.0	2.0	0.0	1.0	3.0	0.0	2.0	0.0	0.0	0.0	0.0	1.0	0.0	0.0	0.0	0.0	1.0	1.0	1.0	1.0	2.0	1.0	2.0	0.0	0.0	0.0	8.0	1.0	0.0	0.0	18.0	0.0	5.0	1.0	1.0	2.0	1.0	13.0	1.0	1.0	1.0	0.0	0.0	0.0	0.0	15.0	0.0	2.0	1.0	0.0	0.0	5.0	0.0	4.0	0.0	4.0	4.0	0.0	0.0	2.0	14.0	3.0	0.0	0.0	1.0	0.0	0.0	1.0	1.0	1.0	5.0	0.0	0.0	0.0	0.0	1.0	4.0	0.0	4.0	1.0	0.0	1.0	2.0	1.0	3.0	0.0	1.0	0.0	0.0	0.0	2.0	1.0	0.0	2.0	5.0	1.0	0.0	0.0	1.0	5.0	0.0	5.0	8.0	0.0	4.0	0.0	0.0	3.0	0.0	0.0	0.0	2.0	2.0	1.0	6.0	2.0	1.0	1.0	3.0	0.0	6.0	1.0	0.0	2.0	2.0	0.0	1.0	2.0	0.0	4.0	4.0	0.0	0.0	1.0	0.0	1.0	5.0	6.0	0.0	0.0	0.0	0.0	1.0	2.0	1.0	0.0	0.0	0.0	0.0	10.0	0.0	5.0	27.0	1.0
10cd502b01abafc87e2ecbad86389286	0.0	3.0	3.0	1.0	0.0	0.0	0.0	0.0	0.0	1.0	0.0	1.0	0.0	4.0	0.0	0.0	2.0	0.0	0.0	0.0	0.0	0.0	6.0	0.0	0.0	10.0	3.0	1.0	9.0	1.0	3.0	1.0	0.0	0.0	0.0	0.0	0.0	0.0	1.0	1.0	0.0	1.0	2.0	2.0	1.0	0.0	0.0	0.0	2.0	0.0	0.0	0.0	0.0	0.0	2.0	0.0	10.0	0.0	0.0	0.0	0.0	0.0	0.0	0.0	0.0	0.0	0.0	0.0	4.0	0.0	2.0	2.0	0.0	1.0	0.0	0.0	0.0	0.0	0.0	0.0	0.0	0.0	5.0	0.0	0.0	0.0	0.0	0.0	0.0	0.0	1.0	1.0	0.0	0.0	7.0	0.0	10.0	0.0	0.0	9.0	5.0	1.0	0.0	1.0	2.0	7.0	0.0	0.0	4.0	0.0	0.0	0.0	0.0	4.0	0.0	0.0	0.0	0.0	0.0	0.0	8.0	0.0	7.0	0.0	0.0	0.0	0.0	0.0	2.0	0.0	1.0	0.0	0.0	1.0	1.0	0.0	2.0	0.0	0.0	2.0	1.0	0.0	14.0	0.0	0.0	19.0	0.0	0.0	6.0	0.0	2.0	0.0	0.0	0.0	0.0	1.0	2.0	5.0	3.0	0.0	3.0	1.0	0.0	0.0	0.0	1.0	1.0	1.0	0.0	0.0	0.0	5.0	1.0	1.0	2.0	8.0	0.0	2.0	0.0	3.0	0.0	1.0	0.0	0.0	0.0	0.0	1.0	0.0	0.0	0.0	0.0	0.0	0.0	0.0	1.0	1.0	0.0	4.0
8a261f382a739bbc5f9494b2c64c2744	5.0	1.0	9.0	0.0	0.0	0.0	1.0	1.0	2.0	3.0	4.0	2.0	0.0	11.0	6.0	1.0	1.0	0.0	4.0	0.0	0.0	1.0	0.0	0.0	0.0	3.0	0.0	0.0	6.0	1.0	5.0	0.0	0.0	0.0	4.0	3.0	0.0	0.0	0.0	1.0	0.0	0.0	3.0	0.0	0.0	6.0	0.0	1.0	0.0	0.0	1.0	7.0	4.0	0.0	0.0	3.0	0.0	0.0	0.0	2.0	0.0	0.0	0.0	0.0	4.0	4.0	0.0	0.0	0.0	1.0	0.0	0.0	1.0	4.0	9.0	4.0	2.0	0.0	0.0	3.0	6.0	0.0	0.0	4.0	11.0	0.0	0.0	0.0	0.0	2.0	4.0	0.0	8.0	0.0	1.0	3.0	0.0	0.0	4.0	0.0	0.0	1.0	0.0	2.0	1.0	5.0	1.0	0.0	0.0	0.0	0.0	0.0	1.0	0.0	22.0	3.0	3.0	0.0	0.0	1.0	0.0	1.0	7.0	0.0	4.0	3.0	0.0	6.0	2.0	15.0	5.0	2.0	2.0	0.0	1.0	7.0	3.0	1.0	0.0	0.0	2.0	0.0	7.0	2.0	0.0	0.0	0.0	1.0	1.0	2.0	0.0	0.0	4.0	6.0	0.0	0.0	0.0	0.0	0.0	0.0	0.0	11.0	2.0	0.0	0.0	11.0	0.0	3.0	0.0	0.0	2.0	2.0	0.0	57.0	32.0	0.0	0.0	0.0	0.0	0.0	0.0	3.0	2.0	0.0	0.0	5.0	0.0	0.0	6.0	0.0	0.0	0.0	2.0	0.0	0.0	1.0	0.0	2.0
148c7eb0139bbc1b8c87dd31464742e4	0.0	4.0	1.0	2.0	0.0	2.0	3.0	0.0	2.0	2.0	0.0	2.0	4.0	0.0	0.0	0.0	0.0	15.0	1.0	1.0	1.0	0.0	1.0	0.0	7.0	4.0	0.0	0.0	0.0	0.0	0.0	0.0	0.0	0.0	4.0	2.0	0.0	1.0	3.0	0.0	0.0	1.0	2.0	0.0	0.0	0.0	0.0	5.0	1.0	0.0	0.0	14.0	0.0	2.0	2.0	0.0	4.0	3.0	3.0	2.0	0.0	1.0	0.0	0.0	0.0	1.0	3.0	0.0	0.0	2.0	0.0	1.0	0.0	3.0	0.0	0.0	0.0	0.0	0.0	4.0	14.0	1.0	1.0	0.0	0.0	0.0	5.0	0.0	0.0	0.0	4.0	2.0	1.0	1.0	2.0	0.0	0.0	0.0	0.0	1.0	0.0	4.0	0.0	2.0	0.0	3.0	0.0	2.0	2.0	3.0	4.0	0.0	0.0	14.0	0.0	0.0	0.0	5.0	0.0	0.0	8.0	1.0	0.0	0.0	0.0	0.0	0.0	0.0	0.0	0.0	0.0	1.0	3.0	0.0	4.0	0.0	2.0	0.0	13.0	1.0	3.0	1.0	3.0	1.0	0.0	0.0	0.0	2.0	11.0	4.0	2.0	1.0	0.0	0.0	4.0	4.0	0.0	0.0	0.0	0.0	5.0	1.0	3.0	0.0	0.0	2.0	0.0	0.0	11.0	0.0	0.0	3.0	0.0	0.0	0.0	0.0	0.0	0.0	0.0	2.0	0.0	22.0	1.0	0.0	0.0	0.0	2.0	1.0	3.0	0.0	1.0	0.0	2.0	0.0	0.0	0.0	9.0	3.0
1ef782a559e3e0a4ab42516e0a2c828f	0.0	3.0	0.0	2.0	0.0	0.0	0.0	0.0	0.0	0.0	0.0	1.0	0.0	0.0	0.0	2.0	1.0	3.0	1.0	0.0	0.0	0.0	5.0	0.0	0.0	0.0	0.0	10.0	2.0	0.0	0.0	8.0	0.0	0.0	0.0	0.0	0.0	0.0	0.0	0.0	0.0	0.0	2.0	0.0	1.0	0.0	0.0	0.0	3.0	0.0	0.0	0.0	0.0	0.0	0.0	1.0	4.0	0.0	0.0	0.0	0.0	0.0	0.0	0.0	0.0	0.0	0.0	0.0	0.0	0.0	0.0	0.0	0.0	0.0	0.0	0.0	0.0	5.0	0.0	0.0	0.0	0.0	0.0	1.0	1.0	1.0	0.0	0.0	0.0	3.0	1.0	1.0	0.0	3.0	1.0	0.0	25.0	0.0	0.0	0.0	3.0	0.0	4.0	2.0	0.0	13.0	0.0	6.0	0.0	0.0	0.0	0.0	1.0	1.0	0.0	0.0	0.0	0.0	0.0	0.0	0.0	0.0	0.0	0.0	0.0	0.0	1.0	0.0	0.0	0.0	5.0	0.0	0.0	0.0	0.0	2.0	1.0	0.0	1.0	0.0	0.0	0.0	0.0	0.0	0.0	18.0	0.0	0.0	5.0	1.0	0.0	2.0	0.0	0.0	0.0	0.0	0.0	0.0	0.0	2.0	0.0	0.0	0.0	0.0	0.0	1.0	0.0	0.0	0.0	0.0	0.0	0.0	4.0	1.0	0.0	3.0	0.0	0.0	0.0	0.0	0.0	2.0	0.0	0.0	0.0	0.0	1.0	1.0	0.0	0.0	0.0	0.0	0.0	0.0	1.0	0.0	0.0	0.0
89aabf43d24dd5bd0fd0f5aca189d341	2.0	0.0	2.0	4.0	0.0	0.0	3.0	0.0	0.0	2.0	2.0	0.0	0.0	2.0	2.0	3.0	1.0	3.0	2.0	1.0	0.0	1.0	1.0	0.0	2.0	12.0	0.0	2.0	1.0	0.0	6.0	17.0	0.0	0.0	2.0	3.0	0.0	0.0	6.0	0.0	0.0	0.0	1.0	0.0	2.0	0.0	0.0	1.0	0.0	0.0	3.0	5.0	3.0	0.0	4.0	0.0	0.0	2.0	1.0	1.0	0.0	0.0	0.0	0.0	0.0	0.0	0.0	0.0	0.0	1.0	0.0	0.0	0.0	1.0	0.0	0.0	2.0	0.0	2.0	0.0	3.0	0.0	17.0	0.0	0.0	5.0	1.0	0.0	1.0	0.0	3.0	1.0	0.0	0.0	0.0	2.0	0.0	0.0	3.0	0.0	2.0	0.0	0.0	6.0	1.0	0.0	1.0	0.0	0.0	0.0	0.0	2.0	0.0	1.0	0.0	1.0	1.0	0.0	0.0	2.0	0.0	4.0	0.0	0.0	0.0	4.0	0.0	1.0	1.0	11.0	0.0	0.0	2.0	2.0	0.0	0.0	0.0	0.0	0.0	1.0	1.0	0.0	1.0	1.0	0.0	2.0	0.0	1.0	2.0	1.0	5.0	0.0	0.0	3.0	0.0	1.0	0.0	1.0	0.0	1.0	0.0	5.0	0.0	0.0	2.0	1.0	1.0	0.0	1.0	0.0	0.0	0.0	1.0	0.0	4.0	2.0	0.0	0.0	0.0	2.0	3.0	0.0	0.0	0.0	0.0	3.0	0.0	0.0	4.0	0.0	2.0	0.0	3.0	0.0	4.0	0.0	0.0	4.0
c1365ec008032ee718dcafaf5ac17adb	8.0	3.0	1.0	4.0	0.0	1.0	0.0	0.0	0.0	0.0	8.0	7.0	1.0	2.0	18.0	11.0	4.0	0.0	5.0	12.0	0.0	3.0	4.0	1.0	1.0	5.0	0.0	1.0	2.0	0.0	0.0	0.0	0.0	2.0	0.0	3.0	0.0	2.0	3.0	0.0	0.0	5.0	0.0	2.0	0.0	3.0	1.0	6.0	0.0	4.0	0.0	2.0	2.0	7.0	0.0	3.0	2.0	3.0	0.0	0.0	0.0	1.0	1.0	7.0	0.0	3.0	0.0	0.0	2.0	0.0	4.0	3.0	0.0	1.0	0.0	0.0	0.0	0.0	3.0	3.0	3.0	2.0	7.0	0.0	0.0	0.0	10.0	0.0	1.0	0.0	0.0	2.0	15.0	4.0	1.0	0.0	0.0	0.0	0.0	0.0	0.0	9.0	0.0	0.0	0.0	0.0	3.0	0.0	2.0	7.0	0.0	4.0	1.0	3.0	0.0	0.0	0.0	17.0	2.0	2.0	0.0	2.0	0.0	0.0	0.0	0.0	0.0	0.0	0.0	0.0	9.0	6.0	1.0	10.0	0.0	16.0	6.0	1.0	1.0	2.0	11.0	0.0	0.0	7.0	0.0	0.0	0.0	1.0	0.0	1.0	0.0	9.0	0.0	4.0	13.0	6.0	0.0	0.0	0.0	0.0	27.0	0.0	4.0	0.0	0.0	2.0	2.0	1.0	5.0	0.0	0.0	4.0	0.0	0.0	0.0	0.0	6.0	0.0	0.0	0.0	5.0	0.0	1.0	2.0	0.0	4.0	1.0	0.0	8.0	0.0	3.0	2.0	4.0	0.0	0.0	8.0	0.0	4.0
370829fece3190f1a8efccf50b7d0921	0.0	0.0	0.0	0.0	1.0	0.0	0.0	3.0	23.0	1.0	0.0	0.0	0.0	0.0	0.0	2.0	2.0	0.0	0.0	0.0	0.0	1.0	0.0	2.0	0.0	0.0	0.0	0.0	0.0	1.0	0.0	0.0	2.0	0.0	3.0	0.0	0.0	0.0	1.0	0.0	10.0	0.0	0.0	0.0	2.0	0.0	0.0	1.0	2.0	0.0	0.0	0.0	0.0	0.0	0.0	0.0	0.0	0.0	1.0	0.0	3.0	0.0	0.0	2.0	0.0	0.0	4.0	0.0	0.0	3.0	1.0	1.0	0.0	0.0	24.0	1.0	5.0	12.0	1.0	2.0	0.0	16.0	1.0	0.0	0.0	1.0	0.0	6.0	0.0	1.0	1.0	1.0	0.0	0.0	0.0	1.0	3.0	1.0	1.0	17.0	2.0	0.0	0.0	1.0	7.0	0.0	0.0	1.0	0.0	0.0	0.0	3.0	2.0	0.0	6.0	0.0	0.0	0.0	0.0	0.0	16.0	0.0	4.0	1.0	0.0	0.0	0.0	1.0	0.0	0.0	0.0	1.0	1.0	0.0	1.0	0.0	0.0	1.0	0.0	0.0	2.0	0.0	0.0	1.0	1.0	18.0	2.0	0.0	0.0	0.0	0.0	0.0	0.0	0.0	0.0	0.0	1.0	0.0	3.0	0.0	2.0	0.0	0.0	1.0	14.0	1.0	0.0	0.0	2.0	0.0	0.0	0.0	0.0	2.0	2.0	0.0	0.0	0.0	9.0	0.0	1.0	1.0	0.0	0.0	5.0	0.0	0.0	3.0	3.0	2.0	1.0	0.0	0.0	2.0	0.0	0.0	3.0	1.0
4c2189b6b5ced3cb80093414e9449de9	0.0	1.0	0.0	0.0	2.0	0.0	0.0	0.0	0.0	0.0	0.0	2.0	3.0	0.0	0.0	0.0	0.0	10.0	2.0	1.0	0.0	3.0	0.0	1.0	2.0	3.0	0.0	0.0	0.0	4.0	6.0	2.0	0.0	0.0	0.0	0.0	0.0	0.0	0.0	0.0	0.0	0.0	0.0	1.0	0.0	0.0	0.0	4.0	1.0	0.0	0.0	5.0	4.0	0.0	2.0	0.0	2.0	0.0	2.0	3.0	0.0	3.0	2.0	1.0	0.0	2.0	0.0	0.0	2.0	0.0	1.0	2.0	0.0	0.0	0.0	0.0	0.0	0.0	0.0	0.0	0.0	0.0	0.0	6.0	0.0	0.0	2.0	0.0	0.0	0.0	9.0	3.0	2.0	0.0	0.0	0.0	0.0	0.0	0.0	0.0	2.0	2.0	0.0	0.0	1.0	8.0	0.0	0.0	1.0	0.0	0.0	0.0	2.0	2.0	0.0	0.0	4.0	2.0	0.0	0.0	0.0	0.0	0.0	0.0	0.0	9.0	8.0	1.0	0.0	0.0	0.0	0.0	0.0	0.0	0.0	1.0	0.0	2.0	2.0	0.0	1.0	0.0	0.0	2.0	2.0	0.0	0.0	0.0	4.0	0.0	6.0	0.0	0.0	0.0	0.0	1.0	0.0	0.0	0.0	0.0	1.0	4.0	2.0	0.0	0.0	6.0	0.0	2.0	1.0	0.0	0.0	5.0	2.0	0.0	0.0	2.0	2.0	0.0	0.0	2.0	2.0	1.0	2.0	0.0	0.0	2.0	0.0	3.0	2.0	0.0	2.0	1.0	1.0	0.0	2.0	0.0	0.0	3.0
ea3433f2c148c6fae4cc2e9ae197f5b8	0.0	0.0	0.0	3.0	0.0	25.0	0.0	0.0	1.0	2.0	2.0	9.0	0.0	0.0	0.0	0.0	5.0	0.0	1.0	17.0	6.0	0.0	0.0	0.0	0.0	6.0	0.0	0.0	0.0	1.0	8.0	0.0	0.0	0.0	0.0	0.0	0.0	3.0	0.0	15.0	0.0	2.0	7.0	0.0	1.0	0.0	0.0	0.0	0.0	0.0	0.0	1.0	0.0	0.0	0.0	0.0	0.0	9.0	0.0	12.0	0.0	0.0	8.0	8.0	0.0	0.0	4.0	0.0	0.0	0.0	0.0	3.0	0.0	0.0	0.0	0.0	0.0	0.0	0.0	0.0	0.0	3.0	2.0	3.0	0.0	27.0	0.0	1.0	0.0	1.0	10.0	0.0	2.0	0.0	0.0	0.0	0.0	0.0	0.0	0.0	0.0	0.0	0.0	41.0	1.0	0.0	1.0	0.0	10.0	0.0	0.0	0.0	0.0	0.0	1.0	2.0	0.0	12.0	10.0	1.0	0.0	0.0	0.0	0.0	0.0	0.0	0.0	0.0	1.0	0.0	0.0	0.0	4.0	0.0	0.0	0.0	0.0	0.0	1.0	0.0	5.0	0.0	0.0	0.0	0.0	0.0	0.0	2.0	0.0	0.0	0.0	0.0	0.0	0.0	8.0	0.0	0.0	4.0	0.0	1.0	1.0	0.0	0.0	0.0	0.0	1.0	18.0	0.0	0.0	2.0	0.0	0.0	0.0	8.0	0.0	0.0	0.0	0.0	0.0	0.0	0.0	5.0	0.0	0.0	1.0	6.0	0.0	0.0	0.0	0.0	0.0	0.0	0.0	0.0	1.0	0.0	10.0	26.0
29ccf8b234ac00b114fb2c8e1c44f932	0.0	0.0	0.0	0.0	4.0	0.0	0.0	0.0	3.0	0.0	0.0	0.0	0.0	0.0	1.0	7.0	0.0	0.0	0.0	0.0	0.0	0.0	0.0	0.0	0.0	0.0	0.0	0.0	0.0	0.0	0.0	1.0	4.0	0.0	0.0	0.0	0.0	0.0	1.0	0.0	0.0	0.0	0.0	0.0	1.0	0.0	0.0	0.0	0.0	0.0	3.0	0.0	0.0	0.0	0.0	2.0	0.0	0.0	2.0	0.0	0.0	0.0	0.0	0.0	0.0	0.0	0.0	7.0	0.0	0.0	3.0	0.0	2.0	0.0	7.0	0.0	2.0	17.0	0.0	11.0	0.0	7.0	0.0	3.0	0.0	0.0	0.0	0.0	0.0	0.0	0.0	0.0	0.0	0.0	0.0	3.0	0.0	0.0	0.0	15.0	0.0	0.0	1.0	0.0	2.0	0.0	0.0	3.0	0.0	0.0	0.0	0.0	0.0	0.0	0.0	0.0	0.0	0.0	0.0	0.0	0.0	0.0	1.0	0.0	1.0	1.0	2.0	0.0	0.0	0.0	4.0	0.0	0.0	0.0	1.0	5.0	0.0	0.0	0.0	0.0	0.0	0.0	0.0	1.0	4.0	4.0	5.0	0.0	0.0	0.0	0.0	0.0	6.0	0.0	0.0	0.0	2.0	1.0	0.0	0.0	0.0	5.0	0.0	0.0	2.0	3.0	0.0	0.0	1.0	0.0	0.0	0.0	0.0	0.0	14.0	0.0	0.0	0.0	0.0	0.0	4.0	0.0	0.0	0.0	0.0	0.0	2.0	0.0	1.0	0.0	0.0	0.0	0.0	10.0	0.0	0.0	7.0	3.0
3e93fd55a231bb99b67a666bad8446a8	0.0	0.0	1.0	0.0	4.0	0.0	0.0	0.0	0.0	0.0	0.0	0.0	0.0	1.0	0.0	0.0	0.0	9.0	0.0	0.0	0.0	0.0	0.0	0.0	0.0	0.0	0.0	3.0	0.0	0.0	2.0	0.0	0.0	0.0	0.0	0.0	0.0	0.0	1.0	0.0	8.0	0.0	0.0	0.0	0.0	0.0	0.0	0.0	0.0	0.0	3.0	0.0	0.0	0.0	2.0	0.0	0.0	0.0	0.0	1.0	0.0	0.0	2.0	0.0	0.0	0.0	1.0	0.0	0.0	0.0	1.0	0.0	2.0	0.0	2.0	0.0	1.0	1.0	0.0	0.0	0.0	10.0	0.0	2.0	0.0	0.0	2.0	0.0	0.0	0.0	0.0	0.0	2.0	0.0	0.0	0.0	4.0	1.0	0.0	4.0	0.0	0.0	0.0	0.0	0.0	0.0	0.0	0.0	1.0	0.0	1.0	0.0	0.0	2.0	1.0	0.0	3.0	0.0	0.0	0.0	0.0	0.0	1.0	0.0	0.0	3.0	3.0	0.0	0.0	1.0	0.0	0.0	0.0	0.0	2.0	4.0	0.0	0.0	0.0	0.0	2.0	1.0	2.0	0.0	0.0	10.0	2.0	0.0	1.0	1.0	1.0	0.0	0.0	0.0	0.0	0.0	0.0	0.0	0.0	0.0	0.0	1.0	0.0	0.0	5.0	1.0	0.0	0.0	1.0	0.0	0.0	3.0	5.0	2.0	0.0	0.0	1.0	0.0	1.0	0.0	3.0	1.0	0.0	0.0	1.0	0.0	0.0	0.0	0.0	0.0	0.0	0.0	0.0	0.0	2.0	0.0	7.0	0.0
237135dc8b20f922cabee934f7d410a1	0.0	0.0	0.0	0.0	0.0	14.0	0.0	0.0	0.0	3.0	0.0	1.0	0.0	0.0	0.0	0.0	0.0	3.0	0.0	6.0	0.0	0.0	0.0	0.0	6.0	1.0	0.0	0.0	0.0	6.0	1.0	0.0	0.0	1.0	0.0	5.0	0.0	5.0	0.0	0.0	0.0	0.0	0.0	0.0	0.0	1.0	0.0	1.0	0.0	0.0	0.0	4.0	0.0	0.0	0.0	0.0	0.0	5.0	0.0	25.0	0.0	2.0	0.0	3.0	0.0	0.0	0.0	5.0	0.0	0.0	0.0	0.0	0.0	0.0	6.0	0.0	0.0	0.0	0.0	0.0	0.0	0.0	0.0	0.0	0.0	0.0	2.0	0.0	0.0	0.0	0.0	0.0	1.0	0.0	2.0	0.0	4.0	0.0	6.0	0.0	0.0	0.0	0.0	2.0	1.0	20.0	0.0	0.0	0.0	2.0	1.0	0.0	0.0	0.0	0.0	0.0	1.0	2.0	0.0	1.0	0.0	0.0	0.0	0.0	0.0	0.0	0.0	1.0	7.0	0.0	3.0	6.0	8.0	1.0	0.0	0.0	0.0	0.0	0.0	1.0	1.0	0.0	2.0	3.0	0.0	0.0	0.0	0.0	0.0	0.0	0.0	0.0	0.0	0.0	19.0	0.0	0.0	1.0	0.0	0.0	2.0	1.0	0.0	1.0	0.0	3.0	3.0	0.0	0.0	0.0	0.0	0.0	0.0	1.0	0.0	0.0	0.0	0.0	0.0	0.0	0.0	2.0	0.0	0.0	0.0	2.0	0.0	0.0	0.0	0.0	0.0	0.0	0.0	0.0	0.0	0.0	0.0	10.0
2a13ecb6c618ddf8154298c69336dd8e	0.0	0.0	2.0	0.0	0.0	0.0	0.0	0.0	0.0	0.0	0.0	0.0	3.0	0.0	0.0	1.0	2.0	3.0	0.0	0.0	1.0	1.0	0.0	1.0	0.0	0.0	0.0	0.0	0.0	1.0	0.0	0.0	0.0	0.0	0.0	2.0	0.0	0.0	0.0	0.0	0.0	0.0	0.0	0.0	1.0	2.0	0.0	1.0	0.0	0.0	2.0	0.0	0.0	0.0	0.0	0.0	0.0	0.0	0.0	0.0	2.0	0.0	0.0	1.0	0.0	3.0	0.0	2.0	0.0	0.0	0.0	0.0	1.0	0.0	0.0	1.0	5.0	1.0	0.0	0.0	0.0	0.0	4.0	0.0	4.0	1.0	0.0	1.0	0.0	1.0	0.0	0.0	2.0	0.0	0.0	2.0	3.0	0.0	0.0	0.0	1.0	0.0	0.0	0.0	0.0	0.0	0.0	1.0	4.0	0.0	0.0	0.0	0.0	0.0	0.0	0.0	0.0	0.0	0.0	0.0	0.0	1.0	5.0	1.0	0.0	0.0	0.0	0.0	0.0	0.0	0.0	0.0	0.0	0.0	0.0	0.0	0.0	0.0	1.0	0.0	1.0	0.0	0.0	0.0	5.0	12.0	2.0	0.0	0.0	0.0	1.0	2.0	1.0	0.0	0.0	0.0	0.0	0.0	0.0	0.0	2.0	0.0	0.0	0.0	10.0	0.0	1.0	0.0	0.0	0.0	0.0	0.0	0.0	0.0	4.0	0.0	0.0	0.0	0.0	2.0	0.0	5.0	0.0	0.0	0.0	1.0	4.0	0.0	0.0	0.0	1.0	0.0	0.0	1.0	1.0	0.0	14.0	0.0
1986030e3c5cd5df6d869054bc96e536	0.0	0.0	0.0	1.0	0.0	0.0	1.0	0.0	0.0	80.0	0.0	6.0	0.0	0.0	0.0	0.0	0.0	1.0	0.0	0.0	0.0	0.0	0.0	0.0	144.0	0.0	0.0	0.0	1.0	0.0	0.0	0.0	0.0	0.0	0.0	0.0	0.0	6.0	0.0	0.0	0.0	2.0	0.0	0.0	25.0	0.0	0.0	1.0	0.0	0.0	0.0	36.0	3.0	0.0	0.0	7.0	1.0	0.0	0.0	4.0	0.0	1.0	0.0	0.0	0.0	9.0	0.0	8.0	1.0	0.0	0.0	0.0	0.0	0.0	0.0	0.0	0.0	0.0	0.0	0.0	0.0	0.0	0.0	0.0	1.0	0.0	0.0	0.0	0.0	0.0	27.0	0.0	0.0	0.0	0.0	0.0	0.0	0.0	2.0	0.0	0.0	1.0	0.0	38.0	6.0	0.0	0.0	1.0	0.0	0.0	0.0	0.0	0.0	1.0	0.0	0.0	0.0	0.0	0.0	0.0	0.0	0.0	0.0	0.0	0.0	0.0	0.0	0.0	0.0	0.0	0.0	0.0	4.0	4.0	3.0	0.0	0.0	0.0	0.0	0.0	0.0	4.0	0.0	0.0	0.0	0.0	0.0	0.0	0.0	2.0	0.0	0.0	0.0	4.0	1.0	0.0	0.0	0.0	0.0	7.0	2.0	0.0	0.0	0.0	0.0	0.0	0.0	0.0	0.0	0.0	0.0	0.0	0.0	0.0	0.0	1.0	0.0	0.0	0.0	0.0	0.0	0.0	0.0	0.0	0.0	0.0	0.0	0.0	0.0	0.0	0.0	2.0	0.0	2.0	1.0	0.0	0.0	0.0
8f1c11c7b732265cbfc1bb7dbd0241e7	0.0	4.0	5.0	2.0	0.0	0.0	1.0	0.0	0.0	0.0	0.0	0.0	4.0	0.0	0.0	0.0	1.0	0.0	0.0	6.0	1.0	0.0	0.0	0.0	1.0	5.0	0.0	2.0	1.0	0.0	4.0	10.0	0.0	0.0	11.0	3.0	10.0	0.0	6.0	0.0	0.0	0.0	2.0	0.0	2.0	4.0	0.0	2.0	0.0	0.0	0.0	0.0	0.0	0.0	2.0	3.0	1.0	0.0	1.0	4.0	0.0	0.0	0.0	0.0	1.0	2.0	0.0	0.0	1.0	1.0	0.0	0.0	0.0	2.0	0.0	0.0	0.0	0.0	0.0	0.0	5.0	0.0	0.0	0.0	5.0	2.0	3.0	0.0	0.0	0.0	1.0	3.0	3.0	2.0	3.0	1.0	3.0	0.0	2.0	0.0	1.0	0.0	0.0	0.0	0.0	0.0	0.0	0.0	0.0	0.0	0.0	0.0	0.0	0.0	0.0	1.0	0.0	1.0	0.0	0.0	0.0	1.0	0.0	2.0	0.0	5.0	4.0	0.0	0.0	0.0	2.0	2.0	2.0	0.0	0.0	2.0	1.0	1.0	0.0	0.0	3.0	0.0	0.0	1.0	0.0	6.0	0.0	0.0	5.0	0.0	1.0	0.0	6.0	3.0	0.0	2.0	0.0	0.0	16.0	0.0	0.0	0.0	1.0	0.0	0.0	0.0	2.0	2.0	1.0	0.0	0.0	4.0	0.0	14.0	0.0	0.0	1.0	0.0	0.0	1.0	0.0	0.0	0.0	0.0	0.0	2.0	1.0	0.0	6.0	0.0	0.0	0.0	4.0	5.0	0.0	1.0	0.0	1.0
bad4f7c5ada34a1f813946abcfe5c556	3.0	1.0	10.0	0.0	0.0	1.0	5.0	0.0	0.0	1.0	0.0	0.0	0.0	7.0	3.0	2.0	3.0	2.0	0.0	0.0	0.0	0.0	1.0	0.0	0.0	7.0	0.0	0.0	1.0	7.0	3.0	0.0	1.0	0.0	1.0	8.0	3.0	0.0	3.0	4.0	0.0	3.0	2.0	0.0	2.0	3.0	0.0	0.0	0.0	1.0	0.0	3.0	1.0	0.0	0.0	2.0	2.0	0.0	1.0	0.0	0.0	1.0	0.0	0.0	0.0	3.0	6.0	0.0	0.0	0.0	0.0	1.0	0.0	3.0	6.0	1.0	5.0	0.0	0.0	0.0	0.0	4.0	2.0	0.0	0.0	9.0	3.0	0.0	2.0	0.0	2.0	8.0	0.0	0.0	3.0	0.0	0.0	14.0	4.0	9.0	0.0	1.0	0.0	5.0	1.0	0.0	0.0	0.0	4.0	0.0	1.0	0.0	0.0	5.0	0.0	0.0	4.0	1.0	5.0	4.0	9.0	1.0	0.0	1.0	0.0	13.0	0.0	0.0	2.0	0.0	0.0	0.0	5.0	1.0	1.0	0.0	1.0	0.0	0.0	14.0	4.0	0.0	9.0	0.0	0.0	2.0	0.0	9.0	0.0	0.0	1.0	0.0	9.0	1.0	0.0	5.0	0.0	0.0	2.0	1.0	3.0	0.0	0.0	0.0	0.0	0.0	3.0	0.0	3.0	0.0	0.0	14.0	0.0	3.0	1.0	0.0	2.0	10.0	0.0	1.0	1.0	0.0	5.0	0.0	0.0	1.0	11.0	0.0	2.0	0.0	7.0	1.0	3.0	0.0	1.0	0.0	1.0	1.0
1fa555f9a74d47a6ca7a65a347bc885f	7.0	7.0	0.0	0.0	0.0	7.0	0.0	0.0	0.0	0.0	0.0	5.0	0.0	3.0	2.0	0.0	0.0	0.0	15.0	6.0	0.0	0.0	14.0	3.0	0.0	1.0	3.0	0.0	14.0	1.0	0.0	0.0	1.0	0.0	0.0	3.0	0.0	2.0	0.0	1.0	0.0	4.0	0.0	5.0	0.0	1.0	0.0	1.0	2.0	0.0	0.0	4.0	10.0	6.0	0.0	4.0	7.0	5.0	3.0	0.0	0.0	0.0	3.0	5.0	0.0	2.0	0.0	0.0	0.0	0.0	0.0	0.0	0.0	0.0	0.0	0.0	0.0	0.0	0.0	0.0	0.0	0.0	7.0	0.0	0.0	2.0	1.0	0.0	0.0	0.0	0.0	1.0	0.0	1.0	2.0	0.0	0.0	0.0	3.0	0.0	3.0	1.0	0.0	4.0	0.0	0.0	5.0	3.0	0.0	6.0	21.0	0.0	0.0	6.0	0.0	1.0	0.0	6.0	0.0	3.0	0.0	0.0	0.0	0.0	0.0	0.0	0.0	0.0	2.0	0.0	0.0	1.0	0.0	0.0	0.0	0.0	4.0	0.0	2.0	1.0	12.0	2.0	0.0	9.0	0.0	0.0	0.0	3.0	0.0	13.0	0.0	1.0	0.0	8.0	5.0	0.0	0.0	1.0	0.0	3.0	0.0	0.0	1.0	0.0	0.0	0.0	5.0	0.0	17.0	0.0	0.0	0.0	0.0	0.0	0.0	3.0	0.0	0.0	0.0	1.0	0.0	0.0	0.0	0.0	0.0	0.0	0.0	0.0	0.0	0.0	1.0	2.0	2.0	0.0	3.0	0.0	0.0	1.0
059c8f8bb468064b134ea6d3661761ea	3.0	15.0	1.0	1.0	0.0	0.0	3.0	0.0	3.0	0.0	0.0	0.0	0.0	0.0	0.0	1.0	1.0	0.0	0.0	0.0	2.0	0.0	8.0	0.0	1.0	0.0	3.0	0.0	4.0	0.0	4.0	2.0	2.0	0.0	0.0	1.0	1.0	1.0	1.0	0.0	0.0	23.0	1.0	0.0	0.0	0.0	0.0	0.0	2.0	0.0	0.0	4.0	0.0	0.0	1.0	0.0	7.0	0.0	0.0	0.0	0.0	7.0	6.0	0.0	0.0	1.0	0.0	0.0	0.0	2.0	0.0	4.0	0.0	0.0	0.0	0.0	0.0	0.0	1.0	0.0	0.0	0.0	0.0	0.0	3.0	0.0	0.0	5.0	0.0	0.0	0.0	2.0	0.0	0.0	0.0	1.0	2.0	12.0	3.0	5.0	2.0	3.0	0.0	0.0	25.0	0.0	2.0	0.0	4.0	0.0	0.0	0.0	0.0	7.0	0.0	1.0	2.0	1.0	2.0	4.0	0.0	0.0	0.0	0.0	0.0	5.0	0.0	0.0	0.0	0.0	0.0	0.0	3.0	0.0	3.0	0.0	0.0	0.0	1.0	2.0	2.0	0.0	8.0	0.0	0.0	0.0	0.0	0.0	0.0	1.0	1.0	1.0	4.0	17.0	0.0	0.0	0.0	6.0	0.0	0.0	3.0	4.0	0.0	0.0	0.0	0.0	1.0	0.0	2.0	0.0	0.0	3.0	0.0	0.0	0.0	12.0	0.0	0.0	0.0	0.0	0.0	3.0	0.0	0.0	0.0	6.0	3.0	7.0	1.0	0.0	0.0	1.0	1.0	0.0	0.0	2.0	0.0	3.0
32c4498732e02af61d331441ceabc5f5	0.0	0.0	1.0	0.0	4.0	0.0	0.0	0.0	0.0	0.0	0.0	0.0	0.0	0.0	0.0	1.0	0.0	3.0	0.0	0.0	1.0	0.0	0.0	0.0	0.0	0.0	0.0	0.0	0.0	0.0	0.0	1.0	0.0	0.0	0.0	0.0	2.0	0.0	0.0	0.0	0.0	0.0	0.0	0.0	0.0	0.0	0.0	0.0	0.0	0.0	2.0	0.0	0.0	0.0	0.0	3.0	0.0	0.0	0.0	0.0	2.0	0.0	0.0	0.0	0.0	0.0	2.0	0.0	0.0	0.0	0.0	0.0	0.0	0.0	0.0	0.0	3.0	25.0	0.0	2.0	0.0	3.0	0.0	1.0	4.0	0.0	0.0	0.0	0.0	0.0	0.0	0.0	0.0	0.0	6.0	0.0	0.0	4.0	0.0	0.0	4.0	0.0	0.0	0.0	0.0	0.0	0.0	0.0	0.0	0.0	0.0	0.0	1.0	0.0	0.0	0.0	4.0	0.0	0.0	0.0	0.0	0.0	0.0	0.0	0.0	0.0	0.0	0.0	0.0	28.0	3.0	0.0	1.0	0.0	0.0	7.0	0.0	0.0	0.0	0.0	0.0	0.0	0.0	0.0	2.0	0.0	0.0	0.0	0.0	0.0	0.0	0.0	0.0	0.0	0.0	0.0	0.0	0.0	0.0	0.0	0.0	0.0	2.0	0.0	0.0	4.0	0.0	0.0	0.0	0.0	3.0	0.0	15.0	6.0	0.0	0.0	0.0	0.0	18.0	0.0	7.0	0.0	0.0	0.0	0.0	3.0	0.0	0.0	0.0	2.0	1.0	0.0	0.0	0.0	0.0	0.0	0.0	0.0
6a129e8ae637c96e7bb56223913911f7	0.0	8.0	0.0	0.0	4.0	10.0	0.0	0.0	2.0	0.0	8.0	3.0	0.0	0.0	6.0	2.0	0.0	0.0	0.0	4.0	1.0	0.0	0.0	0.0	3.0	0.0	1.0	1.0	0.0	0.0	0.0	0.0	1.0	7.0	0.0	0.0	0.0	0.0	0.0	0.0	0.0	11.0	1.0	0.0	6.0	0.0	0.0	0.0	0.0	0.0	0.0	6.0	3.0	4.0	0.0	1.0	5.0	6.0	0.0	0.0	0.0	6.0	8.0	0.0	0.0	0.0	0.0	0.0	0.0	0.0	3.0	0.0	2.0	1.0	0.0	0.0	0.0	0.0	0.0	0.0	0.0	0.0	0.0	0.0	0.0	0.0	0.0	0.0	0.0	7.0	0.0	0.0	4.0	0.0	6.0	0.0	0.0	0.0	0.0	0.0	0.0	0.0	0.0	0.0	0.0	0.0	3.0	6.0	0.0	0.0	1.0	0.0	0.0	4.0	0.0	0.0	0.0	1.0	3.0	0.0	0.0	0.0	0.0	0.0	0.0	0.0	0.0	0.0	0.0	0.0	6.0	0.0	0.0	0.0	4.0	0.0	0.0	0.0	0.0	0.0	0.0	3.0	0.0	0.0	0.0	0.0	0.0	6.0	0.0	0.0	2.0	4.0	0.0	2.0	5.0	2.0	0.0	2.0	0.0	0.0	24.0	0.0	5.0	0.0	0.0	1.0	5.0	0.0	5.0	0.0	0.0	1.0	0.0	0.0	2.0	0.0	3.0	5.0	0.0	0.0	0.0	0.0	0.0	0.0	0.0	0.0	3.0	1.0	1.0	0.0	5.0	0.0	2.0	0.0	8.0	8.0	9.0	3.0
86deb5cf8d6f29d383136e0d09863b69	0.0	0.0	0.0	0.0	0.0	0.0	0.0	0.0	0.0	0.0	0.0	0.0	0.0	0.0	0.0	0.0	0.0	5.0	0.0	0.0	0.0	0.0	0.0	1.0	0.0	0.0	0.0	1.0	0.0	0.0	0.0	3.0	0.0	0.0	0.0	0.0	2.0	0.0	2.0	0.0	0.0	0.0	0.0	0.0	0.0	0.0	0.0	0.0	0.0	0.0	0.0	0.0	0.0	0.0	1.0	0.0	1.0	0.0	0.0	0.0	0.0	0.0	1.0	0.0	0.0	0.0	3.0	0.0	0.0	0.0	0.0	0.0	1.0	0.0	0.0	0.0	1.0	0.0	0.0	1.0	0.0	0.0	0.0	0.0	0.0	0.0	0.0	0.0	0.0	0.0	0.0	0.0	1.0	0.0	0.0	0.0	5.0	1.0	0.0	3.0	1.0	0.0	0.0	0.0	0.0	0.0	0.0	7.0	0.0	0.0	0.0	0.0	1.0	0.0	0.0	0.0	2.0	0.0	0.0	0.0	0.0	0.0	0.0	0.0	0.0	0.0	0.0	0.0	0.0	1.0	0.0	0.0	0.0	0.0	0.0	0.0	0.0	0.0	0.0	0.0	0.0	0.0	0.0	0.0	0.0	10.0	0.0	0.0	1.0	0.0	0.0	0.0	3.0	0.0	0.0	0.0	0.0	2.0	0.0	0.0	0.0	0.0	1.0	1.0	0.0	1.0	0.0	0.0	1.0	0.0	0.0	0.0	1.0	0.0	0.0	0.0	0.0	0.0	0.0	0.0	0.0	0.0	0.0	0.0	0.0	0.0	0.0	0.0	0.0	0.0	1.0	0.0	0.0	0.0	0.0	0.0	0.0	2.0
7dfa96abfa7484bb6c9cfa90dc9b606f	0.0	0.0	2.0	5.0	0.0	7.0	0.0	0.0	2.0	0.0	0.0	0.0	0.0	2.0	2.0	0.0	1.0	0.0	1.0	4.0	0.0	0.0	5.0	0.0	0.0	0.0	1.0	8.0	0.0	2.0	0.0	0.0	0.0	1.0	0.0	1.0	0.0	0.0	0.0	5.0	0.0	0.0	3.0	0.0	0.0	1.0	0.0	1.0	0.0	0.0	4.0	2.0	0.0	0.0	0.0	0.0	0.0	0.0	0.0	0.0	0.0	0.0	0.0	0.0	1.0	1.0	15.0	0.0	1.0	0.0	4.0	2.0	0.0	2.0	0.0	0.0	0.0	0.0	0.0	0.0	4.0	0.0	1.0	0.0	0.0	4.0	1.0	0.0	3.0	0.0	0.0	0.0	0.0	0.0	0.0	0.0	0.0	0.0	1.0	0.0	1.0	1.0	0.0	13.0	0.0	0.0	0.0	0.0	0.0	2.0	3.0	0.0	1.0	0.0	0.0	1.0	7.0	2.0	0.0	2.0	2.0	1.0	0.0	0.0	0.0	3.0	0.0	0.0	2.0	0.0	0.0	0.0	0.0	3.0	0.0	3.0	4.0	0.0	0.0	0.0	10.0	0.0	0.0	1.0	0.0	0.0	0.0	1.0	0.0	1.0	0.0	0.0	0.0	1.0	0.0	0.0	1.0	0.0	0.0	0.0	0.0	0.0	1.0	0.0	0.0	2.0	0.0	0.0	0.0	0.0	0.0	4.0	0.0	0.0	0.0	0.0	1.0	0.0	0.0	0.0	3.0	11.0	2.0	0.0	0.0	1.0	0.0	0.0	0.0	0.0	1.0	0.0	2.0	2.0	0.0	0.0	0.0	4.0
3f1ed51e954b35a8108c12dd882b696b	0.0	0.0	0.0	0.0	1.0	0.0	0.0	0.0	0.0	0.0	0.0	0.0	1.0	0.0	0.0	0.0	0.0	0.0	1.0	0.0	0.0	4.0	0.0	0.0	0.0	0.0	0.0	2.0	0.0	0.0	0.0	0.0	0.0	0.0	0.0	0.0	0.0	0.0	0.0	2.0	0.0	0.0	0.0	0.0	0.0	0.0	0.0	0.0	0.0	0.0	0.0	0.0	0.0	0.0	0.0	0.0	0.0	0.0	0.0	0.0	0.0	0.0	0.0	0.0	0.0	0.0	0.0	0.0	1.0	1.0	0.0	0.0	0.0	0.0	2.0	0.0	0.0	2.0	0.0	6.0	2.0	4.0	0.0	0.0	2.0	0.0	0.0	0.0	0.0	0.0	0.0	0.0	1.0	0.0	1.0	0.0	1.0	15.0	0.0	0.0	2.0	2.0	0.0	0.0	0.0	0.0	0.0	0.0	0.0	0.0	0.0	0.0	1.0	0.0	0.0	0.0	2.0	1.0	3.0	0.0	0.0	0.0	0.0	0.0	0.0	0.0	5.0	0.0	0.0	0.0	0.0	1.0	0.0	1.0	0.0	3.0	0.0	0.0	2.0	1.0	0.0	0.0	3.0	1.0	0.0	0.0	0.0	0.0	0.0	0.0	3.0	0.0	0.0	0.0	0.0	0.0	0.0	0.0	4.0	0.0	0.0	2.0	0.0	0.0	0.0	0.0	0.0	0.0	0.0	0.0	0.0	0.0	0.0	0.0	4.0	3.0	0.0	0.0	0.0	0.0	1.0	0.0	0.0	0.0	0.0	1.0	0.0	0.0	0.0	0.0	3.0	0.0	1.0	0.0	0.0	0.0	0.0	0.0
9f4d14b114e7499772a797790d81c1db	2.0	1.0	0.0	3.0	0.0	4.0	0.0	0.0	0.0	0.0	0.0	0.0	0.0	6.0	0.0	0.0	2.0	0.0	2.0	0.0	0.0	0.0	0.0	0.0	0.0	8.0	0.0	1.0	0.0	0.0	2.0	0.0	1.0	0.0	0.0	0.0	0.0	0.0	1.0	3.0	0.0	3.0	3.0	0.0	0.0	0.0	0.0	0.0	0.0	0.0	3.0	3.0	2.0	0.0	0.0	1.0	0.0	0.0	0.0	1.0	0.0	0.0	1.0	0.0	0.0	0.0	0.0	0.0	0.0	0.0	0.0	0.0	0.0	0.0	0.0	0.0	0.0	0.0	0.0	0.0	3.0	0.0	0.0	0.0	0.0	3.0	1.0	0.0	0.0	0.0	1.0	0.0	2.0	0.0	0.0	0.0	0.0	0.0	2.0	0.0	1.0	4.0	0.0	4.0	0.0	9.0	0.0	0.0	2.0	0.0	0.0	2.0	0.0	1.0	0.0	7.0	0.0	1.0	3.0	0.0	0.0	0.0	0.0	0.0	0.0	0.0	0.0	2.0	0.0	0.0	5.0	1.0	4.0	1.0	0.0	0.0	2.0	0.0	0.0	1.0	1.0	1.0	0.0	0.0	0.0	0.0	0.0	0.0	2.0	0.0	0.0	1.0	0.0	1.0	0.0	2.0	8.0	2.0	0.0	0.0	0.0	1.0	3.0	0.0	0.0	0.0	3.0	0.0	1.0	0.0	0.0	2.0	1.0	0.0	0.0	0.0	0.0	0.0	0.0	2.0	0.0	0.0	0.0	0.0	0.0	0.0	2.0	0.0	0.0	0.0	3.0	0.0	0.0	0.0	1.0	0.0	0.0	0.0
180b74e94caf35fac5e1f0f4b7ad9d9f	1.0	2.0	3.0	0.0	0.0	1.0	0.0	1.0	0.0	0.0	0.0	2.0	0.0	2.0	3.0	0.0	0.0	1.0	0.0	4.0	0.0	0.0	1.0	0.0	0.0	0.0	5.0	0.0	8.0	0.0	0.0	0.0	2.0	0.0	0.0	1.0	1.0	1.0	0.0	0.0	0.0	0.0	1.0	3.0	6.0	0.0	2.0	5.0	9.0	1.0	0.0	3.0	1.0	2.0	0.0	0.0	0.0	3.0	7.0	1.0	0.0	4.0	0.0	0.0	0.0	1.0	0.0	0.0	0.0	0.0	2.0	1.0	1.0	0.0	2.0	2.0	0.0	0.0	0.0	0.0	0.0	0.0	1.0	0.0	0.0	0.0	0.0	0.0	0.0	0.0	0.0	0.0	0.0	1.0	0.0	0.0	0.0	0.0	4.0	0.0	0.0	1.0	0.0	0.0	0.0	0.0	3.0	1.0	0.0	1.0	0.0	0.0	0.0	1.0	0.0	0.0	0.0	1.0	4.0	2.0	0.0	0.0	0.0	0.0	0.0	1.0	3.0	3.0	0.0	0.0	2.0	6.0	0.0	0.0	0.0	1.0	1.0	10.0	1.0	1.0	2.0	2.0	0.0	2.0	0.0	0.0	0.0	1.0	0.0	0.0	1.0	0.0	0.0	0.0	4.0	1.0	0.0	0.0	0.0	4.0	0.0	0.0	0.0	0.0	0.0	0.0	0.0	2.0	0.0	0.0	1.0	1.0	0.0	2.0	0.0	0.0	0.0	0.0	0.0	0.0	1.0	0.0	1.0	0.0	0.0	0.0	0.0	5.0	0.0	0.0	0.0	4.0	0.0	1.0	0.0	0.0	0.0	0.0
d315a0b30c8e21db4cfe89e65c0b2bf1	0.0	0.0	2.0	0.0	0.0	0.0	2.0	0.0	2.0	0.0	0.0	0.0	0.0	0.0	1.0	2.0	0.0	0.0	0.0	0.0	1.0	1.0	0.0	0.0	0.0	0.0	0.0	0.0	0.0	0.0	0.0	6.0	0.0	0.0	0.0	0.0	1.0	0.0	0.0	0.0	2.0	0.0	0.0	0.0	1.0	1.0	0.0	0.0	0.0	0.0	0.0	0.0	0.0	0.0	2.0	0.0	0.0	0.0	0.0	0.0	0.0	0.0	1.0	1.0	1.0	0.0	0.0	0.0	1.0	0.0	2.0	0.0	0.0	0.0	0.0	2.0	1.0	15.0	0.0	0.0	0.0	9.0	2.0	6.0	0.0	0.0	0.0	0.0	0.0	0.0	0.0	1.0	0.0	0.0	0.0	0.0	0.0	0.0	0.0	2.0	0.0	0.0	0.0	0.0	2.0	0.0	1.0	0.0	0.0	1.0	0.0	5.0	1.0	0.0	0.0	0.0	1.0	0.0	0.0	0.0	0.0	0.0	0.0	0.0	0.0	1.0	0.0	0.0	0.0	1.0	1.0	1.0	0.0	0.0	1.0	0.0	0.0	0.0	0.0	0.0	0.0	1.0	2.0	2.0	1.0	4.0	0.0	0.0	0.0	3.0	3.0	0.0	0.0	0.0	0.0	0.0	1.0	0.0	0.0	1.0	0.0	0.0	0.0	0.0	0.0	0.0	0.0	2.0	0.0	0.0	3.0	0.0	0.0	2.0	1.0	0.0	0.0	0.0	0.0	0.0	4.0	0.0	0.0	0.0	0.0	0.0	1.0	0.0	0.0	0.0	0.0	0.0	0.0	0.0	0.0	1.0	0.0	0.0
4b548f1f6fc22f32237396b7d4ffee6e	0.0	2.0	0.0	0.0	0.0	0.0	0.0	2.0	0.0	0.0	0.0	0.0	4.0	0.0	0.0	0.0	2.0	0.0	0.0	0.0	0.0	0.0	4.0	0.0	0.0	1.0	0.0	0.0	0.0	0.0	0.0	0.0	0.0	0.0	0.0	0.0	0.0	0.0	0.0	0.0	0.0	0.0	0.0	0.0	1.0	0.0	0.0	0.0	0.0	3.0	0.0	0.0	0.0	0.0	0.0	0.0	0.0	0.0	0.0	0.0	0.0	0.0	1.0	0.0	2.0	0.0	0.0	0.0	1.0	1.0	0.0	3.0	0.0	0.0	0.0	0.0	0.0	0.0	0.0	0.0	0.0	3.0	0.0	0.0	0.0	1.0	0.0	0.0	0.0	0.0	0.0	0.0	1.0	0.0	3.0	0.0	1.0	0.0	0.0	0.0	3.0	0.0	0.0	1.0	5.0	0.0	0.0	0.0	1.0	0.0	0.0	0.0	0.0	0.0	0.0	0.0	0.0	0.0	0.0	0.0	0.0	1.0	0.0	0.0	0.0	0.0	0.0	0.0	0.0	0.0	0.0	1.0	1.0	0.0	1.0	0.0	0.0	0.0	4.0	3.0	0.0	2.0	0.0	4.0	0.0	8.0	1.0	0.0	0.0	0.0	0.0	0.0	0.0	0.0	0.0	0.0	0.0	0.0	0.0	0.0	0.0	0.0	0.0	0.0	1.0	0.0	0.0	0.0	6.0	0.0	4.0	2.0	0.0	0.0	0.0	2.0	0.0	3.0	0.0	0.0	0.0	0.0	0.0	0.0	0.0	0.0	0.0	1.0	3.0	0.0	1.0	1.0	0.0	0.0	2.0	0.0	0.0	0.0
904ad13c7b8512200836d5cd9fb09e1b	0.0	0.0	0.0	3.0	0.0	0.0	0.0	0.0	0.0	0.0	4.0	0.0	0.0	1.0	0.0	0.0	0.0	0.0	8.0	1.0	0.0	1.0	0.0	0.0	0.0	1.0	0.0	0.0	1.0	0.0	0.0	0.0	0.0	0.0	1.0	0.0	0.0	3.0	2.0	0.0	0.0	1.0	1.0	0.0	0.0	3.0	5.0	1.0	0.0	0.0	0.0	0.0	9.0	0.0	0.0	0.0	0.0	4.0	0.0	0.0	0.0	0.0	0.0	0.0	3.0	0.0	0.0	0.0	0.0	0.0	16.0	2.0	0.0	0.0	0.0	0.0	4.0	0.0	0.0	0.0	1.0	0.0	0.0	0.0	0.0	7.0	1.0	0.0	0.0	0.0	2.0	0.0	0.0	0.0	0.0	0.0	0.0	0.0	2.0	0.0	0.0	0.0	0.0	0.0	0.0	0.0	2.0	0.0	0.0	2.0	0.0	0.0	2.0	0.0	0.0	0.0	0.0	0.0	12.0	0.0	0.0	3.0	0.0	0.0	0.0	0.0	0.0	0.0	0.0	0.0	1.0	1.0	0.0	1.0	0.0	4.0	0.0	0.0	1.0	2.0	0.0	0.0	0.0	0.0	0.0	0.0	0.0	0.0	0.0	0.0	0.0	4.0	0.0	0.0	0.0	0.0	3.0	0.0	0.0	1.0	0.0	6.0	0.0	1.0	0.0	0.0	0.0	1.0	1.0	0.0	0.0	0.0	1.0	0.0	1.0	0.0	0.0	0.0	0.0	0.0	4.0	0.0	0.0	0.0	0.0	0.0	0.0	2.0	0.0	0.0	2.0	0.0	3.0	1.0	0.0	0.0	0.0	1.0
0f92fcc184a951ff8b0914467ad2f8f9	2.0	3.0	0.0	0.0	0.0	0.0	1.0	0.0	0.0	0.0	0.0	0.0	0.0	0.0	0.0	0.0	0.0	3.0	0.0	0.0	0.0	1.0	1.0	0.0	0.0	0.0	0.0	0.0	2.0	0.0	0.0	0.0	0.0	0.0	0.0	0.0	1.0	0.0	0.0	0.0	0.0	2.0	0.0	0.0	0.0	0.0	0.0	0.0	0.0	0.0	3.0	0.0	0.0	0.0	0.0	0.0	0.0	0.0	0.0	0.0	0.0	2.0	0.0	0.0	0.0	0.0	0.0	0.0	0.0	0.0	4.0	0.0	0.0	0.0	0.0	0.0	5.0	0.0	0.0	0.0	0.0	0.0	0.0	0.0	0.0	0.0	0.0	0.0	1.0	0.0	0.0	0.0	1.0	0.0	0.0	0.0	31.0	0.0	0.0	0.0	0.0	0.0	0.0	0.0	0.0	2.0	0.0	1.0	0.0	0.0	0.0	0.0	1.0	0.0	0.0	0.0	0.0	0.0	0.0	0.0	0.0	0.0	0.0	0.0	0.0	0.0	1.0	0.0	0.0	0.0	0.0	0.0	0.0	1.0	2.0	0.0	0.0	0.0	0.0	3.0	0.0	0.0	1.0	0.0	0.0	0.0	0.0	0.0	0.0	0.0	0.0	2.0	0.0	0.0	0.0	1.0	0.0	0.0	0.0	0.0	0.0	0.0	0.0	0.0	0.0	0.0	0.0	1.0	0.0	0.0	0.0	0.0	1.0	0.0	0.0	0.0	0.0	0.0	0.0	0.0	0.0	0.0	0.0	0.0	2.0	0.0	0.0	0.0	0.0	0.0	0.0	0.0	1.0	0.0	0.0	0.0	0.0	0.0
74923f4bbde849e27fc4eda25d757e2a	0.0	0.0	0.0	0.0	0.0	0.0	0.0	0.0	0.0	0.0	0.0	0.0	0.0	0.0	0.0	0.0	0.0	0.0	0.0	0.0	0.0	0.0	0.0	0.0	0.0	0.0	1.0	0.0	0.0	3.0	0.0	0.0	0.0	0.0	2.0	0.0	0.0	0.0	0.0	0.0	0.0	0.0	0.0	0.0	0.0	0.0	0.0	0.0	0.0	0.0	0.0	0.0	0.0	0.0	0.0	0.0	0.0	0.0	0.0	0.0	0.0	0.0	0.0	0.0	0.0	0.0	3.0	0.0	0.0	1.0	1.0	0.0	0.0	0.0	2.0	0.0	0.0	6.0	0.0	5.0	0.0	7.0	0.0	2.0	0.0	0.0	0.0	0.0	0.0	0.0	0.0	0.0	0.0	0.0	0.0	0.0	0.0	2.0	0.0	5.0	0.0	0.0	0.0	0.0	0.0	10.0	0.0	0.0	0.0	0.0	0.0	0.0	0.0	0.0	0.0	0.0	1.0	0.0	0.0	0.0	0.0	0.0	4.0	0.0	5.0	1.0	0.0	0.0	0.0	0.0	0.0	0.0	0.0	0.0	0.0	0.0	0.0	0.0	0.0	0.0	0.0	0.0	1.0	0.0	1.0	2.0	5.0	0.0	0.0	0.0	0.0	0.0	0.0	0.0	0.0	0.0	0.0	0.0	3.0	0.0	0.0	0.0	0.0	0.0	12.0	0.0	0.0	0.0	0.0	0.0	0.0	0.0	0.0	1.0	1.0	0.0	0.0	0.0	0.0	0.0	0.0	0.0	0.0	0.0	4.0	0.0	0.0	0.0	0.0	1.0	0.0	0.0	0.0	1.0	0.0	0.0	0.0	0.0
a6099802840e60febef8e896967b7747	0.0	0.0	0.0	2.0	0.0	0.0	0.0	0.0	0.0	0.0	0.0	0.0	0.0	0.0	0.0	0.0	0.0	0.0	0.0	2.0	0.0	1.0	0.0	0.0	1.0	0.0	0.0	0.0	0.0	1.0	3.0	0.0	0.0	0.0	0.0	1.0	0.0	0.0	0.0	0.0	0.0	0.0	0.0	0.0	0.0	1.0	0.0	0.0	0.0	0.0	1.0	0.0	0.0	0.0	0.0	1.0	0.0	0.0	0.0	0.0	0.0	0.0	0.0	0.0	0.0	0.0	0.0	0.0	0.0	0.0	0.0	0.0	1.0	0.0	0.0	0.0	0.0	0.0	0.0	0.0	0.0	0.0	0.0	0.0	0.0	1.0	0.0	0.0	0.0	0.0	0.0	0.0	0.0	0.0	1.0	3.0	0.0	0.0	0.0	0.0	1.0	0.0	0.0	3.0	0.0	0.0	0.0	0.0	0.0	0.0	0.0	0.0	0.0	0.0	0.0	0.0	2.0	0.0	0.0	0.0	0.0	1.0	0.0	0.0	0.0	0.0	0.0	0.0	0.0	0.0	0.0	1.0	0.0	0.0	0.0	2.0	1.0	1.0	0.0	0.0	0.0	0.0	0.0	0.0	0.0	2.0	0.0	0.0	1.0	0.0	1.0	0.0	0.0	0.0	0.0	0.0	0.0	0.0	0.0	0.0	0.0	0.0	0.0	0.0	0.0	6.0	1.0	0.0	0.0	0.0	0.0	1.0	0.0	0.0	3.0	1.0	0.0	0.0	0.0	0.0	2.0	0.0	0.0	0.0	0.0	1.0	0.0	0.0	1.0	0.0	1.0	0.0	0.0	0.0	0.0	0.0	0.0	1.0
