OTU_ID	udca.trial.15JXWW66I5119	udca.trial.167CO2JI59DBY	udca.trial.19TZJ6JFZ9BHZ	udca.trial.19UN6ODXVPWM1	udca.trial.1AP8B7AV8C3YO	udca.trial.1BHGBHQHZI0TG	udca.trial.1CIQPXK5N17AD	udca.trial.1D70IW2ZO4O03	udca.trial.1D82MFPHX7ZQ7	udca.trial.1DF0THUIBELW4	udca.trial.1DHIYXM5SZHTP	udca.trial.1EAT2ROAT8QEL	udca.trial.1K4BR6EJYS6B2	udca.trial.1LFBF9D5LCHX4	udca.trial.1MTVCBPWYL16V	udca.trial.1O0NVXJFRT9M8	udca.trial.1OM6MB2C827CQ	udca.trial.1OWP2CLICX16C	udca.trial.1S85TX7S5LKEP	udca.trial.1UH5CLXQM37GO	udca.trial.1XNZ0SPNN1T5M	udca.trial.22U1TI4ZP9V6G	udca.trial.22W0HOU9Y3F29	udca.trial.25Z0ZQZR5461V	udca.trial.26UG1J4LFIG8L	udca.trial.27VYE9D2LJ19	udca.trial.2EY5DDHO6RGCV	udca.trial.2G4OZU2WWQ1QL	udca.trial.2JAZ2VB76L0K	udca.trial.2KS7J1AAL28B4	udca.trial.2KYDBP4NN7VDM	udca.trial.2L12VF7BMBAM6	udca.trial.2LA6SFIM4FNYZ	udca.trial.2LOHMLKN9FMWV	udca.trial.2LZNQ4YBAR1UJ	udca.trial.2O7QO6LHRIGQT	udca.trial.2RB9OMTUGIWL	udca.trial.2U2PEHGW5JGUR	udca.trial.2U5GH2GTQDZTZ	udca.trial.302IMGHNSSXT3	udca.trial.30OG36MS28TM0	udca.trial.33XTFO3M6JEZ7	udca.trial.34DFAJ0FNWCOU	udca.trial.35PVSI7RCQY3F	udca.trial.36JETHI6G9TPY	udca.trial.36LWYX9TXUPNJ	udca.trial.36TX9J1CL4NJK	udca.trial.37Q7D3BP9I25B	udca.trial.39A0I6G1P60BV	udca.trial.39YAB4YVQ9H1L	udca.trial.3B7L06K212LEJ	udca.trial.3BSUTEUOE1W3E	udca.trial.3D3GJ5AN17Z83	udca.trial.3FQHYUUCJFY6B	udca.trial.3GGM9RAC5NPPK	udca.trial.3I1BZHHGL1W1T	udca.trial.3JDDR42KGPJDZ	udca.trial.3JTECBLLR9F61	udca.trial.3KUOQRF9ESLMY	udca.trial.3KZABACCKRFFP	udca.trial.3N080IDIS80UZ	udca.trial.3N7D9BZJ1IUBZ	udca.trial.3NOAF6LCBSY9Q	udca.trial.3OSBW7EXK6NPV	udca.trial.3P5LETY19W0IP	udca.trial.3QM8QZG8BIHNM	udca.trial.3RS8W6Z3SPQZK	udca.trial.3TGI2WGT4ZFEG	udca.trial.3U6DGNOINXJW2	udca.trial.3XJEGD82CSWE6	udca.trial.41EAJ87SXCFHV	udca.trial.42IC091E5Q4Y0	udca.trial.42KU5OT1NB0VL	udca.trial.42QCAUSWT02U1	udca.trial.4509QUD8UVSJU	udca.trial.45UGFBI5UV9AF	udca.trial.46KBT2PVDTDS1	udca.trial.46L6UUVDRSI72	udca.trial.47101S3EKTUO5	udca.trial.4912P7Z2EBBOE	udca.trial.4992ZTQL1L9KF	udca.trial.49JUD0I19PQFO	udca.trial.4BUODN55BBOB6	udca.trial.4CYPUNYQJPDRB	udca.trial.4DPHT2982DQEM	udca.trial.4EML30XSWKTOU	udca.trial.4F3E2MRHJ5OKB	udca.trial.4GFOREKVI2YY4	udca.trial.4GIUKC70W4FZR	udca.trial.4HKDVX8YMX9IB	udca.trial.4NEG1L1L181GK	udca.trial.4NFB3D73F75VL	udca.trial.4NOF0DIDXBJ8E	udca.trial.4OBDSN6FM216D	udca.trial.4OGN0NY0OHG36	udca.trial.4PMRWRX1L93EH	udca.trial.4PPA27OP2TZC2	udca.trial.4SJJE4P9WAX2W	udca.trial.4U8UODTHHNX7W	udca.trial.4URMC6CGD2BZ6	udca.trial.4WDIWCM8H480W	udca.trial.4WNHV531D7PSQ	udca.trial.4XSBQK79XMECA	udca.trial.508EZ7LZ1NR4L	udca.trial.512LNOQW1N7V6	udca.trial.514P2RWBQ15QC	udca.trial.517UVPIH42MRZ	udca.trial.53D6R65PZZIP1	udca.trial.54JBNA4QWR60C	udca.trial.54MQDCZ6E2A3M	udca.trial.55DIBR9NWQMQX	udca.trial.562LB46Q3NS54	udca.trial.56JEAQ0EQ8N0L	udca.trial.598CVRC4VJ23Y	udca.trial.59O62OK5OKEL1	udca.trial.5A1OIGBJHJEFI	udca.trial.5A9OT2324TCBJ	udca.trial.5CCIJ2YNJ5CB0	udca.trial.5ENB0UOHZ06FU	udca.trial.5G1WGRYIXZTG9	udca.trial.5I1Z47U6RHAGI	udca.trial.5IEKZCISKQ25A	udca.trial.5JBIQENN5K1V3	udca.trial.5JDD8CKSQOCOM	udca.trial.5K21RNPUKYRGR	udca.trial.5LSO2LOUIOQDI	udca.trial.5M0OD7GD5YO9J	udca.trial.5O1SC6UYEQREU	udca.trial.5Q9VA8I4VI6B4	udca.trial.5X1IUGA3R3J38	udca.trial.5YFF40SD7VH8X	udca.trial.5YTCA55YU1F5T	udca.trial.5ZDEYMJQ1SSOU	udca.trial.5ZYORUUCES3DP	udca.trial.62QZFL5MZFH8Q	udca.trial.63V0WLZ87T6OV	udca.trial.656F0QPU708WZ	udca.trial.67N5WVZ17I6TC	udca.trial.67UIJZW1YBJLB	udca.trial.69MKWU074J2PJ	udca.trial.69SQPHUK6OPS1	udca.trial.6A395JDQBJJLN	udca.trial.6D0O03692HQXR	udca.trial.6E65J04ZJD0LD	udca.trial.6EVHFIABTJT17	udca.trial.6GE8H1S604FHN	udca.trial.6HT1B9D7GMLT1	udca.trial.6IMKC8NMK5HFK	udca.trial.6K7OI0MRC6EDV	udca.trial.6N2Q8BXZHOB84	udca.trial.6OK17ZAOFRDH3	udca.trial.6PDK8YL3JA93M	udca.trial.6R2VJ7PB4N98M	udca.trial.6S3IA5OGVPULH	udca.trial.6SBIKRFZIZSHI	udca.trial.6SPOO11V8FDG1	udca.trial.6T2Y6NKYY4Q8V	udca.trial.6V5RWOGKCGQ8C	udca.trial.6ZOOVCQUUU304	udca.trial.71Z9YU5OT6DTZ	udca.trial.72I1MMONOKSL9	udca.trial.73RCBO9TZDWY7	udca.trial.73RJPYKUGWG96	udca.trial.74I4A2KBI29LI	udca.trial.74SVN9BRQ6QGR	udca.trial.74Z0C5JAEGRK	udca.trial.78NRQ4BIAQ9KG	udca.trial.7A1NZOTRRI7Q5	udca.trial.7A2J1GZA5HC56	udca.trial.7CAEL8BG4Q7QH	udca.trial.7D6FRNDIPTZAL	udca.trial.7ENZOFYHR6OL7	udca.trial.7G01G2JLMUBXD	udca.trial.7HK3IAW85RX5K	udca.trial.7J9NPP8PUEKC7	udca.trial.7LC8IKW15GXA1	udca.trial.7QO0UQM8UWKKA	udca.trial.9EWGBPVCA6HD	udca.trial.A3KZMUX6KL9I	udca.trial.ABLA8MFTUJ5J	udca.trial.BL4WFFW7XAK4	udca.trial.BQE4G7HACPGX	udca.trial.BVNCGZ2CS4DQ	udca.trial.E3QAIM8TJJA0	udca.trial.E98FOM3Z8L8G	udca.trial.F7RRJFU1X8Q5	udca.trial.FVSNCQDZR2E8	udca.trial.FYJPXQBKLLDG	udca.trial.J3YV3ACYTQLL	udca.trial.JBZ5P1VM3OHM	udca.trial.KEPM10OI4F60	udca.trial.QF6HHVY1UH8E	udca.trial.QKFPINJ49W57	udca.trial.QSG04F1RJU18	udca.trial.R37DB6HZOAWH	udca.trial.ROH6JH4CNLLC	udca.trial.SSINKAPL1B1H	udca.trial.T7VL9Z8Z4LPH	udca.trial.UB4NWI6VHC27	udca.trial.VFYJBMFFW0LR	udca.trial.X8VXXW302O50	udca.trial.XGA3WQDCN4NN	udca.trial.YSY068PJ09D7
8937656c16c20701c107e715bad86732	0.0	0.0	3.0	0.0	37.0	25.0	39.0	19.0	98.0	21.0	41.0	0.0	17.0	0.0	106.0	8.0	0.0	0.0	26.0	27.0	5.0	96.0	35.0	0.0	0.0	255.0	0.0	18.0	102.0	10.0	0.0	16.0	31.0	0.0	57.0	28.0	88.0	12.0	13.0	79.0	9.0	13.0	0.0	0.0	0.0	39.0	0.0	48.0	74.0	11.0	16.0	7.0	123.0	36.0	4.0	0.0	55.0	6.0	0.0	53.0	0.0	40.0	46.0	40.0	46.0	61.0	43.0	5.0	68.0	19.0	45.0	0.0	88.0	41.0	111.0	0.0	6.0	16.0	27.0	0.0	0.0	0.0	15.0	10.0	30.0	15.0	20.0	0.0	16.0	0.0	33.0	0.0	28.0	126.0	31.0	35.0	9.0	49.0	42.0	20.0	16.0	41.0	14.0	159.0	31.0	8.0	0.0	60.0	190.0	13.0	32.0	206.0	42.0	35.0	141.0	27.0	17.0	3.0	47.0	0.0	31.0	66.0	209.0	85.0	0.0	113.0	21.0	68.0	0.0	18.0	70.0	172.0	123.0	0.0	0.0	22.0	67.0	86.0	23.0	148.0	0.0	45.0	0.0	22.0	104.0	0.0	22.0	4.0	49.0	31.0	0.0	32.0	26.0	40.0	105.0	62.0	97.0	115.0	17.0	49.0	2.0	19.0	78.0	55.0	7.0	73.0	51.0	381.0	0.0	46.0	55.0	151.0	8.0	40.0	36.0	55.0	43.0	10.0	125.0	16.0	0.0	36.0	52.0	9.0	40.0	37.0	8.0	54.0	168.0	23.0	175.0	0.0	0.0	27.0	42.0	27.0	63.0	74.0	31.0	38.0	41.0	3.0	25.0
ac5402de1ddf427ab8d2b0a8a0a44f19	144.0	0.0	113.0	0.0	10.0	0.0	225.0	24.0	10.0	17.0	17.0	34.0	0.0	291.0	0.0	144.0	92.0	44.0	1.0	183.0	0.0	75.0	13.0	0.0	0.0	0.0	0.0	18.0	0.0	0.0	0.0	80.0	47.0	74.0	62.0	153.0	57.0	39.0	0.0	209.0	5.0	76.0	0.0	95.0	43.0	50.0	0.0	0.0	299.0	84.0	0.0	153.0	0.0	141.0	83.0	0.0	110.0	0.0	0.0	38.0	0.0	61.0	102.0	53.0	23.0	176.0	10.0	51.0	69.0	0.0	0.0	58.0	0.0	81.0	26.0	0.0	0.0	34.0	138.0	80.0	0.0	271.0	0.0	140.0	0.0	7.0	190.0	18.0	78.0	123.0	0.0	0.0	14.0	0.0	82.0	3.0	52.0	132.0	0.0	0.0	54.0	0.0	107.0	158.0	79.0	123.0	10.0	94.0	0.0	220.0	0.0	71.0	36.0	61.0	1.0	114.0	19.0	110.0	33.0	12.0	66.0	0.0	78.0	16.0	24.0	0.0	66.0	151.0	0.0	99.0	21.0	132.0	7.0	112.0	0.0	3.0	38.0	146.0	142.0	12.0	0.0	0.0	0.0	172.0	21.0	0.0	0.0	0.0	0.0	82.0	94.0	17.0	195.0	117.0	0.0	0.0	6.0	0.0	0.0	67.0	0.0	23.0	62.0	25.0	0.0	25.0	1.0	13.0	8.0	249.0	18.0	0.0	0.0	61.0	29.0	0.0	0.0	22.0	0.0	133.0	0.0	0.0	71.0	0.0	28.0	46.0	10.0	264.0	98.0	0.0	90.0	0.0	8.0	23.0	10.0	149.0	12.0	154.0	38.0	80.0	0.0	40.0	0.0
ea2b0e4a93c24c6c3661cbe347f93b74	60.0	0.0	168.0	189.0	27.0	0.0	65.0	23.0	0.0	4.0	23.0	27.0	21.0	130.0	0.0	0.0	15.0	74.0	0.0	97.0	121.0	51.0	0.0	19.0	217.0	10.0	0.0	35.0	34.0	17.0	0.0	161.0	4.0	6.0	37.0	57.0	70.0	26.0	228.0	0.0	14.0	81.0	1.0	117.0	12.0	0.0	138.0	0.0	0.0	90.0	44.0	108.0	47.0	107.0	46.0	48.0	58.0	114.0	0.0	15.0	169.0	30.0	0.0	0.0	100.0	68.0	8.0	195.0	31.0	147.0	22.0	0.0	83.0	101.0	36.0	0.0	77.0	10.0	0.0	126.0	0.0	0.0	19.0	76.0	162.0	5.0	94.0	31.0	76.0	22.0	213.0	0.0	13.0	0.0	65.0	0.0	30.0	92.0	11.0	122.0	119.0	3.0	72.0	0.0	48.0	0.0	6.0	0.0	5.0	57.0	13.0	0.0	0.0	14.0	44.0	51.0	26.0	82.0	69.0	19.0	113.0	164.0	29.0	39.0	41.0	0.0	48.0	61.0	39.0	105.0	0.0	23.0	13.0	29.0	0.0	5.0	17.0	35.0	117.0	95.0	0.0	60.0	0.0	50.0	4.0	49.0	83.0	65.0	47.0	66.0	16.0	31.0	69.0	0.0	17.0	159.0	82.0	13.0	80.0	126.0	0.0	18.0	9.0	34.0	24.0	43.0	10.0	19.0	4.0	0.0	22.0	141.0	130.0	67.0	8.0	0.0	0.0	6.0	0.0	81.0	0.0	54.0	26.0	100.0	12.0	84.0	1.0	0.0	9.0	5.0	21.0	32.0	18.0	0.0	17.0	89.0	74.0	27.0	17.0	24.0	23.0	75.0	39.0
60c57911662a9159dfdd0fc05d975a55	0.0	0.0	12.0	0.0	9.0	0.0	32.0	39.0	0.0	58.0	247.0	110.0	17.0	0.0	0.0	0.0	0.0	87.0	98.0	2.0	0.0	79.0	276.0	0.0	0.0	23.0	0.0	36.0	0.0	40.0	0.0	20.0	19.0	51.0	105.0	83.0	29.0	120.0	28.0	55.0	59.0	36.0	0.0	10.0	0.0	26.0	18.0	21.0	0.0	10.0	0.0	79.0	0.0	54.0	15.0	0.0	60.0	170.0	139.0	0.0	0.0	17.0	1.0	80.0	1.0	88.0	38.0	6.0	0.0	14.0	70.0	6.0	0.0	10.0	21.0	0.0	35.0	40.0	17.0	24.0	0.0	8.0	0.0	18.0	26.0	19.0	7.0	19.0	64.0	5.0	17.0	0.0	0.0	84.0	4.0	0.0	12.0	14.0	0.0	34.0	11.0	34.0	17.0	58.0	27.0	28.0	17.0	0.0	0.0	1.0	19.0	0.0	87.0	34.0	17.0	6.0	44.0	37.0	48.0	0.0	40.0	0.0	0.0	36.0	14.0	0.0	33.0	0.0	41.0	32.0	2.0	0.0	0.0	15.0	0.0	0.0	61.0	38.0	15.0	25.0	34.0	74.0	27.0	15.0	26.0	34.0	12.0	7.0	68.0	0.0	0.0	47.0	6.0	12.0	61.0	0.0	0.0	18.0	26.0	123.0	1.0	51.0	0.0	78.0	9.0	71.0	88.0	19.0	0.0	111.0	1.0	80.0	9.0	0.0	14.0	0.0	0.0	64.0	0.0	0.0	0.0	166.0	23.0	6.0	28.0	2.0	42.0	40.0	62.0	118.0	0.0	0.0	0.0	0.0	0.0	52.0	0.0	46.0	30.0	0.0	2.0	0.0	21.0
79280cea51a6fe8a3432b2f266dd34db	11.0	4.0	35.0	0.0	15.0	0.0	8.0	42.0	21.0	139.0	13.0	28.0	15.0	97.0	0.0	66.0	8.0	7.0	4.0	37.0	8.0	22.0	8.0	0.0	0.0	0.0	0.0	19.0	0.0	4.0	51.0	7.0	30.0	4.0	61.0	51.0	10.0	13.0	7.0	15.0	1.0	13.0	0.0	45.0	21.0	32.0	19.0	46.0	0.0	15.0	6.0	18.0	58.0	15.0	95.0	0.0	8.0	6.0	11.0	85.0	0.0	35.0	42.0	34.0	11.0	10.0	27.0	23.0	74.0	25.0	18.0	40.0	0.0	17.0	25.0	0.0	32.0	80.0	36.0	5.0	5.0	0.0	12.0	86.0	55.0	11.0	19.0	3.0	7.0	50.0	3.0	13.0	0.0	72.0	21.0	47.0	33.0	13.0	1.0	12.0	10.0	17.0	7.0	0.0	19.0	32.0	14.0	17.0	0.0	1.0	83.0	0.0	9.0	33.0	35.0	3.0	35.0	19.0	47.0	25.0	26.0	38.0	37.0	5.0	12.0	4.0	11.0	27.0	27.0	48.0	19.0	0.0	0.0	6.0	0.0	54.0	21.0	18.0	26.0	35.0	19.0	39.0	78.0	16.0	0.0	15.0	40.0	52.0	12.0	82.0	21.0	13.0	24.0	15.0	170.0	50.0	0.0	140.0	5.0	12.0	4.0	40.0	14.0	47.0	23.0	52.0	6.0	33.0	121.0	0.0	99.0	3.0	11.0	28.0	48.0	2.0	117.0	30.0	3.0	0.0	0.0	29.0	6.0	1.0	0.0	27.0	23.0	61.0	16.0	61.0	116.0	133.0	0.0	0.0	148.0	32.0	19.0	0.0	56.0	31.0	32.0	20.0	21.0
149e7d5e484d157f2ac6140a2111618e	0.0	39.0	0.0	0.0	352.0	0.0	2.0	38.0	0.0	0.0	6.0	15.0	81.0	0.0	62.0	0.0	0.0	33.0	106.0	0.0	17.0	9.0	9.0	0.0	8.0	14.0	0.0	8.0	0.0	12.0	0.0	105.0	51.0	0.0	11.0	19.0	10.0	2.0	13.0	0.0	24.0	3.0	205.0	87.0	4.0	13.0	25.0	9.0	0.0	7.0	24.0	5.0	0.0	0.0	6.0	104.0	11.0	6.0	2.0	43.0	36.0	58.0	59.0	8.0	21.0	0.0	70.0	29.0	33.0	29.0	0.0	6.0	0.0	16.0	46.0	0.0	4.0	4.0	0.0	0.0	0.0	0.0	0.0	12.0	38.0	115.0	2.0	94.0	18.0	28.0	5.0	0.0	69.0	3.0	20.0	0.0	5.0	25.0	0.0	31.0	5.0	21.0	0.0	0.0	48.0	15.0	82.0	7.0	0.0	0.0	0.0	0.0	3.0	25.0	17.0	8.0	17.0	26.0	59.0	0.0	14.0	17.0	12.0	36.0	1.0	0.0	7.0	22.0	0.0	14.0	0.0	0.0	143.0	37.0	0.0	90.0	0.0	28.0	13.0	0.0	21.0	8.0	28.0	15.0	8.0	0.0	12.0	8.0	0.0	0.0	18.0	44.0	36.0	19.0	0.0	2.0	0.0	0.0	0.0	5.0	0.0	98.0	3.0	45.0	5.0	33.0	54.0	15.0	0.0	0.0	29.0	33.0	0.0	102.0	144.0	0.0	4.0	3.0	151.0	0.0	0.0	10.0	104.0	61.0	63.0	35.0	21.0	8.0	17.0	0.0	0.0	0.0	0.0	0.0	0.0	0.0	4.0	2.0	38.0	0.0	15.0	15.0	2.0
04195686f2b70585790ec75320de0d6f	0.0	1.0	4.0	0.0	2.0	0.0	26.0	0.0	0.0	10.0	1.0	1.0	6.0	1.0	5.0	0.0	0.0	0.0	4.0	0.0	0.0	49.0	221.0	44.0	0.0	0.0	0.0	0.0	0.0	1.0	0.0	15.0	1.0	3.0	0.0	3.0	1.0	1.0	2.0	0.0	1.0	0.0	4.0	1.0	0.0	99.0	0.0	0.0	1.0	0.0	0.0	0.0	0.0	0.0	0.0	0.0	3.0	0.0	0.0	136.0	0.0	0.0	0.0	1.0	0.0	0.0	5.0	0.0	1.0	1.0	101.0	0.0	10.0	0.0	6.0	9.0	0.0	94.0	2.0	3.0	2.0	0.0	0.0	0.0	0.0	2.0	0.0	0.0	0.0	16.0	0.0	0.0	2.0	27.0	1.0	0.0	0.0	1.0	0.0	0.0	0.0	35.0	1.0	1.0	3.0	0.0	3.0	1.0	1.0	2.0	0.0	2.0	0.0	93.0	61.0	6.0	41.0	0.0	0.0	97.0	1.0	1.0	54.0	0.0	2.0	3.0	0.0	0.0	1.0	1.0	1.0	0.0	0.0	384.0	1.0	106.0	2.0	0.0	0.0	1.0	30.0	1.0	1.0	0.0	56.0	0.0	1.0	0.0	0.0	0.0	0.0	34.0	0.0	0.0	0.0	0.0	0.0	1.0	0.0	1.0	574.0	4.0	0.0	0.0	0.0	27.0	1.0	0.0	0.0	0.0	3.0	0.0	0.0	0.0	1.0	0.0	0.0	0.0	0.0	4.0	0.0	5.0	8.0	0.0	0.0	0.0	0.0	0.0	0.0	6.0	21.0	24.0	0.0	562.0	2.0	1.0	0.0	0.0	0.0	1.0	3.0	0.0	0.0
ad52a0f6646c574417ce0b13b84acfa9	0.0	74.0	4.0	0.0	0.0	0.0	19.0	3.0	84.0	0.0	39.0	7.0	15.0	0.0	74.0	0.0	0.0	0.0	125.0	40.0	12.0	29.0	0.0	0.0	11.0	0.0	0.0	0.0	0.0	20.0	5.0	22.0	40.0	18.0	18.0	34.0	0.0	44.0	0.0	91.0	11.0	13.0	237.0	42.0	0.0	46.0	0.0	0.0	0.0	28.0	87.0	0.0	34.0	27.0	26.0	60.0	0.0	0.0	0.0	0.0	10.0	14.0	47.0	34.0	0.0	38.0	128.0	0.0	0.0	0.0	80.0	42.0	0.0	30.0	72.0	0.0	5.0	0.0	0.0	10.0	149.0	0.0	147.0	0.0	0.0	0.0	7.0	63.0	84.0	14.0	11.0	0.0	125.0	15.0	50.0	0.0	5.0	3.0	10.0	0.0	0.0	0.0	0.0	0.0	78.0	6.0	0.0	72.0	131.0	0.0	11.0	0.0	0.0	12.0	75.0	67.0	0.0	39.0	0.0	0.0	40.0	17.0	0.0	132.0	68.0	0.0	6.0	52.0	31.0	0.0	0.0	75.0	0.0	0.0	104.0	0.0	0.0	17.0	0.0	0.0	2.0	19.0	98.0	78.0	0.0	0.0	0.0	134.0	40.0	0.0	11.0	1.0	30.0	6.0	0.0	0.0	106.0	0.0	13.0	48.0	2.0	89.0	27.0	37.0	24.0	16.0	44.0	0.0	61.0	24.0	24.0	50.0	2.0	0.0	48.0	0.0	0.0	72.0	0.0	0.0	0.0	0.0	58.0	10.0	0.0	0.0	0.0	0.0	61.0	37.0	0.0	105.0	0.0	0.0	65.0	1.0	0.0	13.0	34.0	0.0	0.0	0.0	0.0
e6a34eb113dba66df0b8bbec907a8f5d	24.0	3.0	76.0	17.0	2.0	23.0	25.0	59.0	6.0	0.0	10.0	53.0	28.0	34.0	0.0	39.0	161.0	8.0	0.0	54.0	103.0	56.0	1.0	26.0	42.0	35.0	0.0	72.0	0.0	13.0	0.0	70.0	23.0	1.0	48.0	12.0	35.0	63.0	0.0	46.0	97.0	0.0	0.0	14.0	50.0	33.0	93.0	0.0	0.0	30.0	0.0	0.0	0.0	69.0	12.0	18.0	0.0	32.0	49.0	23.0	46.0	3.0	0.0	0.0	58.0	56.0	6.0	68.0	60.0	36.0	12.0	123.0	24.0	37.0	0.0	0.0	76.0	1.0	58.0	0.0	10.0	0.0	0.0	11.0	0.0	5.0	108.0	140.0	0.0	69.0	81.0	0.0	13.0	77.0	33.0	0.0	3.0	68.0	24.0	40.0	66.0	0.0	30.0	0.0	21.0	35.0	6.0	46.0	0.0	81.0	78.0	0.0	50.0	30.0	8.0	29.0	43.0	1.0	26.0	8.0	18.0	0.0	70.0	0.0	157.0	6.0	4.0	35.0	0.0	26.0	22.0	0.0	1.0	21.0	0.0	8.0	23.0	48.0	38.0	24.0	122.0	33.0	0.0	9.0	0.0	11.0	70.0	6.0	0.0	36.0	43.0	44.0	21.0	70.0	8.0	27.0	36.0	20.0	0.0	10.0	33.0	44.0	50.0	91.0	22.0	21.0	24.0	13.0	0.0	0.0	30.0	18.0	13.0	60.0	29.0	0.0	60.0	0.0	33.0	0.0	0.0	20.0	4.0	0.0	0.0	142.0	49.0	0.0	0.0	0.0	0.0	0.0	11.0	47.0	13.0	0.0	0.0	49.0	58.0	38.0	72.0	66.0	95.0
5d62137a2d05df0be8d6b7e163a3ef08	0.0	18.0	0.0	0.0	0.0	0.0	0.0	12.0	181.0	0.0	0.0	0.0	1.0	6.0	0.0	0.0	0.0	0.0	0.0	0.0	0.0	0.0	1.0	57.0	7.0	0.0	0.0	0.0	0.0	0.0	18.0	0.0	55.0	0.0	0.0	4.0	0.0	0.0	1.0	0.0	0.0	0.0	121.0	0.0	0.0	0.0	31.0	0.0	0.0	0.0	0.0	0.0	0.0	0.0	0.0	0.0	0.0	0.0	0.0	2.0	13.0	0.0	22.0	36.0	0.0	8.0	1.0	0.0	0.0	6.0	0.0	0.0	0.0	0.0	0.0	3.0	9.0	0.0	0.0	0.0	4.0	0.0	0.0	0.0	0.0	0.0	0.0	0.0	0.0	0.0	4.0	0.0	119.0	0.0	8.0	452.0	0.0	1.0	0.0	0.0	0.0	165.0	0.0	0.0	0.0	0.0	0.0	2.0	0.0	0.0	0.0	1.0	0.0	10.0	0.0	0.0	0.0	0.0	0.0	0.0	0.0	0.0	0.0	0.0	3.0	189.0	0.0	0.0	16.0	0.0	0.0	0.0	0.0	0.0	0.0	0.0	0.0	0.0	0.0	51.0	0.0	0.0	0.0	0.0	0.0	17.0	0.0	4.0	0.0	0.0	0.0	0.0	0.0	24.0	0.0	0.0	0.0	0.0	0.0	0.0	0.0	0.0	0.0	0.0	0.0	0.0	0.0	0.0	60.0	0.0	45.0	0.0	0.0	27.0	14.0	0.0	0.0	0.0	0.0	0.0	0.0	0.0	4.0	35.0	0.0	0.0	0.0	0.0	0.0	0.0	0.0	0.0	0.0	0.0	0.0	0.0	16.0	0.0	152.0	0.0	0.0	0.0	0.0
c162a4f3943238810eba8a25f0563cca	111.0	72.0	5.0	0.0	5.0	3.0	45.0	6.0	4.0	17.0	4.0	2.0	0.0	0.0	0.0	92.0	62.0	5.0	0.0	21.0	72.0	5.0	1.0	3.0	56.0	31.0	285.0	0.0	140.0	24.0	0.0	28.0	1.0	2.0	21.0	34.0	23.0	18.0	36.0	0.0	58.0	30.0	0.0	76.0	157.0	19.0	18.0	24.0	9.0	21.0	2.0	89.0	49.0	14.0	12.0	37.0	17.0	33.0	55.0	33.0	106.0	0.0	0.0	16.0	32.0	2.0	2.0	72.0	71.0	35.0	0.0	33.0	103.0	25.0	0.0	0.0	36.0	1.0	32.0	19.0	48.0	149.0	21.0	71.0	0.0	0.0	20.0	30.0	30.0	6.0	53.0	0.0	1.0	16.0	8.0	1.0	16.0	9.0	72.0	16.0	33.0	1.0	1.0	69.0	15.0	0.0	0.0	34.0	24.0	43.0	35.0	15.0	41.0	36.0	6.0	29.0	0.0	19.0	10.0	8.0	46.0	0.0	30.0	24.0	5.0	37.0	8.0	14.0	0.0	15.0	165.0	0.0	2.0	9.0	45.0	3.0	11.0	31.0	17.0	20.0	11.0	15.0	50.0	4.0	1.0	4.0	9.0	60.0	51.0	111.0	11.0	9.0	5.0	10.0	1.0	0.0	46.0	9.0	77.0	0.0	28.0	9.0	58.0	8.0	46.0	16.0	3.0	1.0	3.0	83.0	12.0	0.0	29.0	2.0	0.0	0.0	24.0	7.0	0.0	102.0	1.0	49.0	20.0	99.0	1.0	67.0	0.0	74.0	3.0	0.0	44.0	39.0	0.0	24.0	53.0	30.0	0.0	39.0	9.0	6.0	42.0	29.0	33.0
eea6b86c0c75e740670ccc50613b1b23	36.0	8.0	4.0	122.0	11.0	45.0	3.0	14.0	17.0	33.0	6.0	16.0	17.0	0.0	144.0	33.0	24.0	53.0	39.0	11.0	0.0	11.0	3.0	60.0	11.0	30.0	8.0	12.0	119.0	30.0	4.0	6.0	9.0	11.0	25.0	1.0	40.0	4.0	5.0	13.0	7.0	25.0	4.0	30.0	20.0	47.0	9.0	58.0	21.0	4.0	133.0	13.0	21.0	5.0	8.0	14.0	46.0	8.0	2.0	27.0	29.0	12.0	30.0	8.0	10.0	6.0	3.0	4.0	47.0	15.0	39.0	1.0	45.0	11.0	14.0	108.0	5.0	10.0	41.0	25.0	103.0	37.0	79.0	5.0	24.0	3.0	2.0	35.0	16.0	3.0	0.0	29.0	1.0	35.0	12.0	8.0	1.0	1.0	14.0	102.0	0.0	52.0	0.0	42.0	0.0	4.0	54.0	17.0	30.0	13.0	12.0	56.0	24.0	31.0	8.0	20.0	57.0	27.0	46.0	100.0	4.0	20.0	10.0	17.0	28.0	4.0	11.0	7.0	13.0	4.0	15.0	56.0	21.0	3.0	21.0	42.0	46.0	7.0	2.0	30.0	1.0	10.0	21.0	23.0	26.0	88.0	44.0	42.0	12.0	38.0	5.0	35.0	7.0	7.0	10.0	4.0	80.0	35.0	11.0	11.0	1.0	12.0	35.0	11.0	6.0	17.0	61.0	17.0	68.0	31.0	6.0	14.0	28.0	54.0	9.0	20.0	5.0	36.0	41.0	55.0	0.0	8.0	4.0	3.0	102.0	4.0	33.0	14.0	10.0	16.0	32.0	46.0	19.0	4.0	13.0	6.0	159.0	19.0	1.0	6.0	33.0	7.0	38.0
c4f9ef34bd2919511069f409c25de6f1	0.0	0.0	0.0	100.0	0.0	147.0	0.0	53.0	3.0	0.0	8.0	0.0	18.0	0.0	0.0	0.0	0.0	0.0	0.0	0.0	0.0	0.0	2.0	50.0	129.0	106.0	0.0	20.0	29.0	134.0	0.0	0.0	1.0	11.0	0.0	0.0	6.0	0.0	102.0	0.0	42.0	34.0	0.0	0.0	0.0	37.0	56.0	37.0	0.0	0.0	114.0	6.0	245.0	0.0	22.0	33.0	0.0	94.0	0.0	0.0	0.0	0.0	0.0	0.0	79.0	0.0	0.0	8.0	14.0	61.0	51.0	0.0	77.0	43.0	25.0	137.0	99.0	0.0	0.0	0.0	0.0	0.0	0.0	0.0	0.0	0.0	14.0	0.0	0.0	0.0	0.0	0.0	0.0	0.0	5.0	0.0	14.0	0.0	104.0	102.0	0.0	0.0	27.0	0.0	0.0	0.0	0.0	23.0	2.0	0.0	41.0	0.0	23.0	0.0	0.0	39.0	12.0	42.0	0.0	0.0	31.0	0.0	5.0	0.0	0.0	0.0	0.0	0.0	0.0	0.0	0.0	0.0	0.0	0.0	0.0	0.0	21.0	0.0	54.0	37.0	224.0	0.0	0.0	21.0	0.0	102.0	71.0	84.0	89.0	0.0	0.0	18.0	36.0	0.0	0.0	300.0	0.0	72.0	154.0	0.0	0.0	0.0	0.0	34.0	191.0	9.0	2.0	0.0	0.0	0.0	104.0	0.0	145.0	0.0	7.0	0.0	94.0	0.0	42.0	0.0	0.0	53.0	7.0	118.0	0.0	0.0	0.0	0.0	0.0	0.0	0.0	0.0	0.0	0.0	62.0	0.0	0.0	0.0	0.0	0.0	122.0	0.0	0.0
25def15fb42bed6855ede4893d27a21d	0.0	0.0	4.0	0.0	12.0	0.0	0.0	9.0	1.0	0.0	0.0	0.0	48.0	24.0	58.0	0.0	0.0	0.0	0.0	4.0	0.0	2.0	0.0	0.0	101.0	2.0	0.0	15.0	0.0	1.0	0.0	2.0	0.0	0.0	0.0	4.0	50.0	0.0	19.0	0.0	0.0	0.0	0.0	0.0	0.0	3.0	0.0	0.0	62.0	0.0	0.0	0.0	0.0	5.0	0.0	174.0	0.0	12.0	0.0	0.0	0.0	1.0	6.0	0.0	6.0	0.0	0.0	0.0	23.0	0.0	10.0	81.0	53.0	27.0	0.0	0.0	10.0	0.0	0.0	0.0	0.0	0.0	0.0	0.0	0.0	2.0	14.0	0.0	0.0	0.0	0.0	0.0	49.0	0.0	13.0	0.0	1.0	3.0	0.0	0.0	0.0	83.0	1.0	0.0	0.0	1.0	0.0	4.0	0.0	67.0	0.0	0.0	123.0	0.0	3.0	0.0	2.0	16.0	45.0	0.0	0.0	0.0	0.0	39.0	29.0	0.0	1.0	0.0	41.0	0.0	0.0	0.0	1.0	0.0	0.0	0.0	0.0	8.0	3.0	0.0	0.0	0.0	0.0	0.0	0.0	0.0	0.0	0.0	0.0	0.0	142.0	0.0	0.0	12.0	0.0	4.0	3.0	0.0	4.0	1.0	39.0	0.0	3.0	6.0	21.0	2.0	0.0	0.0	1.0	4.0	6.0	0.0	0.0	0.0	0.0	169.0	0.0	99.0	0.0	0.0	0.0	0.0	15.0	0.0	0.0	0.0	16.0	0.0	52.0	0.0	0.0	0.0	115.0	0.0	0.0	0.0	83.0	0.0	1.0	0.0	73.0	56.0	3.0
0cc2420a6a4698f8bf664d50b17d26b4	18.0	132.0	4.0	6.0	0.0	9.0	59.0	61.0	0.0	2.0	3.0	30.0	74.0	0.0	42.0	68.0	73.0	88.0	0.0	2.0	87.0	4.0	0.0	38.0	0.0	5.0	0.0	7.0	7.0	0.0	0.0	3.0	1.0	0.0	3.0	6.0	31.0	0.0	42.0	25.0	59.0	3.0	0.0	0.0	23.0	8.0	25.0	2.0	33.0	21.0	24.0	16.0	9.0	2.0	0.0	0.0	123.0	0.0	236.0	0.0	0.0	11.0	44.0	1.0	18.0	3.0	0.0	0.0	18.0	0.0	1.0	29.0	14.0	9.0	0.0	0.0	56.0	0.0	0.0	55.0	0.0	18.0	23.0	0.0	0.0	2.0	43.0	14.0	5.0	11.0	72.0	0.0	7.0	45.0	3.0	0.0	1.0	2.0	150.0	4.0	69.0	0.0	3.0	30.0	15.0	195.0	8.0	33.0	56.0	11.0	5.0	2.0	8.0	1.0	1.0	0.0	0.0	2.0	9.0	0.0	38.0	0.0	23.0	19.0	36.0	78.0	10.0	5.0	228.0	2.0	4.0	0.0	2.0	0.0	0.0	24.0	63.0	10.0	3.0	15.0	65.0	7.0	0.0	0.0	0.0	0.0	4.0	0.0	0.0	6.0	6.0	31.0	21.0	4.0	0.0	32.0	0.0	8.0	7.0	2.0	0.0	2.0	1.0	37.0	30.0	14.0	0.0	4.0	0.0	0.0	15.0	2.0	6.0	10.0	0.0	340.0	57.0	8.0	9.0	0.0	0.0	0.0	3.0	15.0	3.0	0.0	9.0	0.0	10.0	7.0	5.0	1.0	57.0	0.0	0.0	37.0	66.0	6.0	44.0	83.0	0.0	10.0	24.0
b0645cbec7653c887cb868a248d95874	0.0	0.0	13.0	0.0	6.0	17.0	7.0	12.0	67.0	13.0	15.0	8.0	6.0	0.0	14.0	0.0	0.0	15.0	1.0	4.0	0.0	15.0	0.0	0.0	0.0	0.0	0.0	44.0	0.0	0.0	14.0	21.0	70.0	5.0	0.0	15.0	0.0	34.0	11.0	0.0	9.0	0.0	0.0	0.0	13.0	0.0	11.0	0.0	0.0	27.0	13.0	0.0	0.0	38.0	43.0	0.0	7.0	29.0	0.0	1.0	7.0	56.0	11.0	6.0	22.0	3.0	92.0	19.0	0.0	33.0	4.0	22.0	0.0	6.0	25.0	0.0	2.0	24.0	0.0	0.0	11.0	47.0	0.0	55.0	10.0	44.0	5.0	2.0	8.0	15.0	7.0	0.0	2.0	0.0	49.0	11.0	44.0	41.0	0.0	5.0	10.0	2.0	0.0	0.0	21.0	2.0	0.0	0.0	10.0	0.0	0.0	6.0	17.0	34.0	4.0	2.0	31.0	0.0	2.0	0.0	16.0	0.0	11.0	2.0	32.0	0.0	48.0	25.0	0.0	24.0	0.0	0.0	0.0	19.0	0.0	0.0	0.0	16.0	18.0	9.0	14.0	3.0	0.0	31.0	0.0	4.0	12.0	0.0	1.0	0.0	0.0	11.0	33.0	13.0	0.0	0.0	0.0	0.0	0.0	44.0	0.0	39.0	0.0	3.0	18.0	16.0	10.0	0.0	26.0	1.0	7.0	0.0	0.0	19.0	33.0	0.0	46.0	0.0	12.0	0.0	0.0	9.0	0.0	0.0	0.0	30.0	36.0	1.0	0.0	0.0	0.0	0.0	0.0	0.0	0.0	37.0	0.0	45.0	23.0	3.0	0.0	0.0	0.0
d061a99148d649c4eca4836c5f4b5b68	0.0	0.0	0.0	0.0	10.0	0.0	0.0	5.0	70.0	2.0	9.0	29.0	14.0	0.0	18.0	10.0	0.0	12.0	49.0	7.0	2.0	4.0	0.0	0.0	6.0	0.0	0.0	9.0	13.0	8.0	4.0	0.0	5.0	23.0	12.0	0.0	0.0	6.0	0.0	31.0	6.0	3.0	14.0	8.0	6.0	0.0	0.0	0.0	9.0	0.0	0.0	0.0	10.0	2.0	8.0	11.0	0.0	7.0	0.0	0.0	0.0	12.0	14.0	5.0	3.0	9.0	0.0	6.0	0.0	0.0	13.0	22.0	0.0	12.0	2.0	0.0	6.0	0.0	0.0	0.0	18.0	0.0	0.0	0.0	0.0	2.0	1.0	20.0	0.0	7.0	1.0	0.0	14.0	0.0	1.0	22.0	5.0	1.0	0.0	0.0	1.0	29.0	0.0	0.0	9.0	0.0	25.0	0.0	0.0	0.0	0.0	72.0	66.0	25.0	0.0	0.0	34.0	31.0	32.0	0.0	6.0	0.0	0.0	8.0	1.0	0.0	0.0	1.0	0.0	5.0	51.0	16.0	0.0	0.0	0.0	4.0	39.0	16.0	0.0	15.0	1.0	3.0	0.0	11.0	46.0	0.0	2.0	1.0	2.0	23.0	0.0	32.0	9.0	7.0	144.0	0.0	0.0	8.0	5.0	2.0	0.0	2.0	124.0	6.0	0.0	32.0	10.0	0.0	103.0	0.0	13.0	0.0	5.0	7.0	1.0	0.0	0.0	1.0	11.0	1.0	0.0	14.0	0.0	0.0	1.0	2.0	34.0	18.0	2.0	22.0	0.0	30.0	0.0	0.0	0.0	0.0	0.0	3.0	0.0	0.0	4.0	3.0	17.0
ad7bc2bb6e1ec90a9bc3c8949bce80d6	1.0	0.0	0.0	91.0	0.0	2.0	22.0	0.0	5.0	4.0	0.0	0.0	0.0	0.0	0.0	0.0	1.0	0.0	1.0	0.0	0.0	0.0	0.0	0.0	0.0	5.0	11.0	0.0	9.0	0.0	0.0	0.0	0.0	29.0	0.0	0.0	6.0	0.0	0.0	2.0	0.0	0.0	9.0	2.0	0.0	0.0	2.0	13.0	1.0	1.0	0.0	0.0	1.0	1.0	0.0	0.0	6.0	0.0	0.0	1.0	1.0	0.0	0.0	0.0	0.0	0.0	0.0	0.0	0.0	0.0	0.0	0.0	9.0	16.0	0.0	187.0	0.0	0.0	2.0	0.0	0.0	0.0	16.0	0.0	1.0	0.0	0.0	2.0	0.0	1.0	0.0	54.0	2.0	46.0	0.0	0.0	0.0	0.0	18.0	0.0	0.0	10.0	0.0	15.0	0.0	0.0	3.0	0.0	27.0	6.0	4.0	35.0	5.0	0.0	8.0	34.0	0.0	0.0	0.0	83.0	0.0	0.0	0.0	3.0	2.0	1.0	0.0	0.0	2.0	0.0	1.0	2.0	2.0	0.0	45.0	0.0	0.0	0.0	0.0	2.0	0.0	1.0	14.0	0.0	43.0	0.0	1.0	4.0	15.0	2.0	0.0	0.0	0.0	0.0	1.0	0.0	4.0	4.0	2.0	0.0	11.0	0.0	0.0	1.0	0.0	0.0	4.0	0.0	8.0	6.0	0.0	0.0	0.0	0.0	0.0	0.0	1.0	0.0	0.0	6.0	156.0	0.0	29.0	0.0	29.0	0.0	0.0	0.0	0.0	4.0	3.0	2.0	0.0	0.0	1.0	0.0	16.0	0.0	1.0	0.0	0.0	0.0	2.0
010f0ac2691bc0be12d0633d4b5d2cc4	5.0	0.0	17.0	0.0	5.0	55.0	2.0	13.0	0.0	156.0	25.0	4.0	0.0	0.0	0.0	0.0	22.0	0.0	8.0	0.0	3.0	13.0	0.0	24.0	7.0	13.0	0.0	0.0	10.0	3.0	43.0	0.0	83.0	0.0	0.0	22.0	0.0	7.0	40.0	0.0	0.0	28.0	0.0	0.0	4.0	3.0	0.0	11.0	12.0	8.0	0.0	16.0	7.0	12.0	8.0	0.0	0.0	2.0	0.0	0.0	66.0	13.0	5.0	3.0	16.0	9.0	32.0	4.0	7.0	50.0	1.0	11.0	0.0	25.0	0.0	0.0	19.0	8.0	0.0	0.0	0.0	4.0	0.0	30.0	4.0	3.0	4.0	0.0	4.0	6.0	21.0	0.0	6.0	0.0	12.0	4.0	16.0	17.0	0.0	2.0	11.0	0.0	36.0	0.0	7.0	6.0	12.0	80.0	0.0	2.0	2.0	0.0	0.0	19.0	9.0	0.0	10.0	11.0	3.0	0.0	5.0	0.0	3.0	14.0	2.0	0.0	0.0	2.0	0.0	2.0	0.0	10.0	0.0	0.0	0.0	0.0	5.0	3.0	9.0	0.0	0.0	4.0	35.0	0.0	26.0	0.0	0.0	0.0	99.0	0.0	4.0	2.0	0.0	4.0	0.0	6.0	15.0	0.0	0.0	7.0	0.0	3.0	89.0	5.0	0.0	5.0	17.0	0.0	0.0	8.0	4.0	4.0	28.0	3.0	0.0	22.0	18.0	0.0	0.0	110.0	0.0	4.0	32.0	0.0	0.0	29.0	2.0	16.0	8.0	0.0	18.0	0.0	0.0	0.0	30.0	15.0	0.0	32.0	26.0	0.0	26.0	0.0	2.0
04c8be5a3a6ba2d70446812e99318905	27.0	0.0	0.0	9.0	2.0	6.0	4.0	3.0	1.0	6.0	8.0	0.0	2.0	10.0	0.0	0.0	24.0	53.0	0.0	13.0	55.0	0.0	0.0	0.0	0.0	8.0	223.0	16.0	13.0	8.0	0.0	6.0	0.0	0.0	11.0	0.0	36.0	0.0	13.0	59.0	9.0	11.0	0.0	34.0	38.0	12.0	0.0	10.0	0.0	4.0	11.0	30.0	13.0	2.0	18.0	14.0	8.0	21.0	67.0	0.0	70.0	0.0	96.0	0.0	8.0	31.0	1.0	7.0	1.0	0.0	2.0	8.0	0.0	8.0	33.0	0.0	12.0	0.0	45.0	8.0	45.0	4.0	0.0	0.0	47.0	1.0	19.0	6.0	0.0	22.0	26.0	419.0	7.0	0.0	1.0	0.0	14.0	5.0	67.0	15.0	0.0	0.0	34.0	0.0	16.0	0.0	4.0	10.0	1.0	39.0	19.0	6.0	10.0	7.0	15.0	8.0	3.0	3.0	0.0	4.0	6.0	0.0	6.0	0.0	0.0	4.0	15.0	1.0	1.0	15.0	3.0	0.0	2.0	5.0	31.0	0.0	4.0	4.0	18.0	31.0	3.0	78.0	0.0	2.0	0.0	0.0	19.0	0.0	36.0	5.0	1.0	6.0	0.0	29.0	5.0	0.0	11.0	5.0	0.0	11.0	0.0	1.0	0.0	21.0	0.0	0.0	1.0	0.0	2.0	19.0	4.0	0.0	45.0	4.0	0.0	0.0	16.0	0.0	8.0	32.0	0.0	10.0	6.0	48.0	2.0	13.0	8.0	0.0	1.0	0.0	6.0	31.0	0.0	0.0	33.0	4.0	0.0	8.0	18.0	2.0	2.0	49.0	31.0
2a99ec1157a90661db7ff643b82f1914	4.0	24.0	0.0	15.0	0.0	15.0	8.0	5.0	0.0	9.0	6.0	0.0	12.0	0.0	47.0	0.0	112.0	0.0	0.0	11.0	3.0	0.0	0.0	14.0	0.0	0.0	45.0	0.0	15.0	8.0	248.0	1.0	5.0	0.0	0.0	13.0	9.0	0.0	0.0	0.0	0.0	0.0	0.0	14.0	1.0	3.0	20.0	10.0	16.0	0.0	0.0	0.0	0.0	1.0	0.0	1.0	0.0	56.0	0.0	0.0	54.0	0.0	0.0	9.0	2.0	30.0	5.0	0.0	0.0	0.0	0.0	0.0	25.0	0.0	0.0	0.0	22.0	0.0	5.0	14.0	45.0	4.0	33.0	0.0	0.0	0.0	2.0	2.0	25.0	1.0	34.0	0.0	12.0	0.0	0.0	0.0	0.0	2.0	12.0	0.0	0.0	0.0	34.0	0.0	20.0	0.0	2.0	0.0	7.0	28.0	0.0	5.0	38.0	10.0	9.0	0.0	0.0	2.0	0.0	0.0	1.0	108.0	4.0	0.0	0.0	28.0	0.0	0.0	0.0	0.0	18.0	31.0	3.0	1.0	69.0	41.0	5.0	0.0	1.0	0.0	10.0	0.0	0.0	0.0	5.0	10.0	57.0	0.0	12.0	15.0	22.0	3.0	1.0	22.0	12.0	0.0	0.0	0.0	30.0	0.0	16.0	0.0	0.0	0.0	5.0	20.0	4.0	0.0	0.0	31.0	0.0	0.0	0.0	0.0	5.0	0.0	5.0	0.0	9.0	12.0	0.0	44.0	1.0	0.0	0.0	0.0	0.0	3.0	15.0	8.0	12.0	0.0	12.0	0.0	13.0	6.0	0.0	10.0	8.0	0.0	0.0	2.0	0.0
d05c86b5bfc092d8677507fb1eae8d66	4.0	101.0	2.0	0.0	9.0	0.0	5.0	1.0	1.0	5.0	9.0	0.0	2.0	0.0	10.0	0.0	7.0	4.0	1.0	1.0	0.0	5.0	0.0	0.0	8.0	0.0	0.0	41.0	0.0	0.0	0.0	34.0	31.0	4.0	0.0	0.0	0.0	15.0	29.0	0.0	0.0	0.0	0.0	45.0	16.0	0.0	0.0	4.0	0.0	24.0	11.0	0.0	12.0	0.0	0.0	0.0	3.0	5.0	48.0	0.0	0.0	0.0	6.0	5.0	0.0	0.0	104.0	0.0	0.0	5.0	0.0	4.0	1.0	1.0	0.0	0.0	34.0	0.0	0.0	94.0	0.0	0.0	0.0	0.0	7.0	0.0	0.0	0.0	0.0	1.0	0.0	0.0	0.0	0.0	0.0	0.0	2.0	0.0	0.0	0.0	101.0	0.0	22.0	0.0	0.0	68.0	0.0	0.0	15.0	4.0	1.0	0.0	0.0	0.0	0.0	2.0	0.0	1.0	7.0	0.0	0.0	0.0	0.0	0.0	14.0	46.0	74.0	0.0	9.0	0.0	1.0	0.0	0.0	0.0	0.0	0.0	20.0	2.0	0.0	0.0	0.0	0.0	65.0	0.0	0.0	0.0	0.0	1.0	0.0	1.0	55.0	1.0	0.0	2.0	0.0	3.0	0.0	0.0	0.0	2.0	0.0	3.0	0.0	0.0	9.0	4.0	1.0	0.0	0.0	0.0	11.0	30.0	19.0	0.0	0.0	3.0	1.0	3.0	0.0	0.0	0.0	18.0	1.0	0.0	0.0	0.0	0.0	5.0	0.0	53.0	0.0	0.0	308.0	0.0	0.0	17.0	0.0	0.0	0.0	0.0	0.0	0.0	12.0
6c7fa77831ae630967a6fbfc8ee47901	0.0	0.0	0.0	0.0	2.0	10.0	2.0	5.0	7.0	9.0	12.0	16.0	4.0	13.0	0.0	13.0	1.0	0.0	20.0	2.0	1.0	8.0	1.0	22.0	1.0	25.0	0.0	0.0	35.0	12.0	2.0	1.0	2.0	9.0	18.0	3.0	32.0	3.0	2.0	1.0	1.0	6.0	7.0	0.0	0.0	11.0	3.0	44.0	0.0	1.0	8.0	13.0	2.0	2.0	2.0	7.0	18.0	1.0	0.0	72.0	9.0	14.0	7.0	5.0	10.0	6.0	3.0	3.0	10.0	26.0	13.0	3.0	15.0	7.0	4.0	0.0	1.0	9.0	8.0	10.0	61.0	0.0	98.0	3.0	27.0	3.0	0.0	24.0	17.0	3.0	2.0	0.0	8.0	4.0	8.0	6.0	4.0	4.0	0.0	5.0	0.0	10.0	2.0	23.0	5.0	1.0	54.0	17.0	14.0	0.0	10.0	80.0	9.0	22.0	6.0	3.0	29.0	0.0	6.0	28.0	4.0	0.0	11.0	11.0	5.0	0.0	2.0	8.0	5.0	4.0	44.0	5.0	4.0	1.0	0.0	37.0	24.0	7.0	0.0	7.0	3.0	7.0	12.0	5.0	14.0	9.0	10.0	41.0	4.0	0.0	6.0	11.0	4.0	8.0	12.0	3.0	27.0	64.0	0.0	1.0	0.0	23.0	26.0	12.0	2.0	20.0	8.0	17.0	28.0	10.0	2.0	11.0	0.0	12.0	19.0	5.0	6.0	9.0	72.0	0.0	0.0	9.0	9.0	0.0	34.0	3.0	25.0	8.0	6.0	20.0	12.0	13.0	0.0	11.0	30.0	9.0	1.0	0.0	5.0	1.0	17.0	0.0	1.0
e5a43b018c81cedd19e9a5354d32d469	56.0	0.0	5.0	0.0	0.0	12.0	0.0	8.0	1.0	2.0	0.0	25.0	0.0	3.0	20.0	0.0	0.0	0.0	0.0	20.0	45.0	0.0	3.0	28.0	11.0	2.0	27.0	7.0	10.0	2.0	0.0	10.0	1.0	0.0	0.0	9.0	3.0	0.0	0.0	0.0	7.0	0.0	1.0	0.0	4.0	16.0	0.0	54.0	0.0	18.0	11.0	7.0	0.0	2.0	64.0	21.0	0.0	18.0	0.0	1.0	0.0	0.0	0.0	0.0	1.0	1.0	0.0	34.0	5.0	0.0	9.0	0.0	0.0	0.0	0.0	0.0	0.0	0.0	0.0	8.0	0.0	0.0	0.0	0.0	0.0	0.0	1.0	0.0	3.0	157.0	0.0	0.0	0.0	0.0	0.0	0.0	65.0	8.0	0.0	31.0	0.0	0.0	174.0	0.0	25.0	0.0	0.0	11.0	0.0	18.0	1.0	0.0	0.0	4.0	1.0	46.0	0.0	3.0	0.0	0.0	0.0	0.0	0.0	0.0	0.0	10.0	0.0	5.0	9.0	0.0	15.0	0.0	3.0	0.0	25.0	0.0	2.0	1.0	12.0	7.0	0.0	94.0	0.0	27.0	3.0	1.0	25.0	0.0	13.0	0.0	13.0	4.0	8.0	0.0	0.0	0.0	0.0	0.0	131.0	3.0	4.0	0.0	1.0	0.0	4.0	11.0	5.0	0.0	0.0	0.0	9.0	27.0	154.0	3.0	0.0	1.0	3.0	2.0	3.0	0.0	0.0	6.0	3.0	0.0	0.0	0.0	3.0	28.0	9.0	0.0	0.0	0.0	0.0	0.0	0.0	18.0	0.0	0.0	0.0	9.0	0.0	145.0	0.0
d39f37b814ebd81091a949f8bd9d1710	19.0	0.0	12.0	0.0	1.0	8.0	4.0	12.0	2.0	7.0	11.0	2.0	24.0	0.0	0.0	0.0	0.0	0.0	0.0	32.0	0.0	13.0	3.0	27.0	26.0	34.0	23.0	10.0	0.0	19.0	0.0	21.0	9.0	86.0	4.0	22.0	0.0	16.0	28.0	0.0	4.0	35.0	0.0	0.0	6.0	0.0	19.0	13.0	0.0	8.0	0.0	11.0	0.0	8.0	12.0	0.0	0.0	46.0	0.0	0.0	0.0	13.0	0.0	18.0	5.0	0.0	11.0	10.0	4.0	8.0	6.0	13.0	0.0	17.0	0.0	0.0	29.0	0.0	17.0	0.0	0.0	36.0	0.0	60.0	0.0	1.0	26.0	0.0	0.0	8.0	18.0	0.0	0.0	0.0	2.0	2.0	0.0	19.0	0.0	0.0	14.0	1.0	36.0	0.0	16.0	61.0	0.0	29.0	0.0	0.0	11.0	0.0	13.0	3.0	0.0	9.0	2.0	0.0	26.0	10.0	17.0	107.0	0.0	0.0	18.0	0.0	3.0	8.0	0.0	9.0	4.0	0.0	0.0	0.0	0.0	3.0	0.0	30.0	0.0	13.0	0.0	72.0	0.0	6.0	17.0	0.0	0.0	2.0	0.0	0.0	29.0	6.0	13.0	24.0	0.0	0.0	7.0	0.0	0.0	0.0	0.0	9.0	19.0	10.0	1.0	16.0	0.0	9.0	0.0	0.0	14.0	0.0	0.0	0.0	2.0	0.0	9.0	40.0	0.0	0.0	0.0	44.0	13.0	44.0	30.0	16.0	25.0	0.0	4.0	0.0	0.0	0.0	0.0	8.0	0.0	19.0	0.0	0.0	0.0	130.0	37.0	11.0	0.0
1c86153e1b13ab5322c96f2602b73513	0.0	59.0	0.0	0.0	20.0	22.0	0.0	39.0	0.0	0.0	8.0	0.0	60.0	2.0	0.0	0.0	0.0	4.0	0.0	0.0	1.0	10.0	107.0	0.0	0.0	0.0	0.0	0.0	0.0	0.0	0.0	15.0	0.0	10.0	0.0	8.0	0.0	0.0	0.0	0.0	55.0	0.0	0.0	0.0	0.0	0.0	0.0	2.0	0.0	0.0	0.0	0.0	0.0	0.0	1.0	0.0	0.0	1.0	0.0	0.0	0.0	9.0	0.0	0.0	3.0	1.0	41.0	0.0	0.0	17.0	30.0	26.0	0.0	0.0	0.0	0.0	20.0	1.0	0.0	2.0	0.0	0.0	0.0	0.0	0.0	312.0	1.0	0.0	1.0	0.0	0.0	0.0	0.0	6.0	19.0	0.0	9.0	4.0	0.0	16.0	0.0	1.0	1.0	0.0	0.0	1.0	0.0	0.0	0.0	0.0	0.0	0.0	0.0	6.0	0.0	1.0	0.0	0.0	0.0	0.0	0.0	0.0	0.0	1.0	0.0	0.0	132.0	0.0	0.0	0.0	0.0	0.0	0.0	19.0	0.0	0.0	15.0	1.0	2.0	0.0	4.0	15.0	2.0	0.0	0.0	0.0	8.0	0.0	0.0	0.0	2.0	3.0	0.0	5.0	0.0	0.0	0.0	0.0	0.0	31.0	4.0	11.0	0.0	0.0	1.0	1.0	11.0	0.0	0.0	0.0	29.0	0.0	0.0	0.0	66.0	0.0	0.0	0.0	0.0	0.0	0.0	1.0	7.0	0.0	0.0	0.0	0.0	0.0	2.0	118.0	0.0	0.0	25.0	0.0	0.0	0.0	0.0	0.0	0.0	0.0	0.0	0.0	0.0
a66dd8d31584930c2b0f811f572dddcf	5.0	0.0	29.0	0.0	2.0	23.0	13.0	24.0	0.0	5.0	3.0	16.0	18.0	0.0	11.0	0.0	26.0	22.0	26.0	0.0	0.0	0.0	2.0	10.0	15.0	12.0	0.0	50.0	6.0	3.0	0.0	2.0	3.0	5.0	10.0	5.0	1.0	6.0	26.0	22.0	23.0	3.0	0.0	0.0	144.0	7.0	29.0	1.0	43.0	7.0	2.0	10.0	10.0	9.0	10.0	3.0	0.0	16.0	35.0	0.0	0.0	7.0	0.0	15.0	8.0	10.0	2.0	6.0	12.0	13.0	10.0	2.0	4.0	0.0	0.0	0.0	25.0	24.0	0.0	0.0	0.0	29.0	0.0	39.0	0.0	0.0	17.0	0.0	1.0	52.0	37.0	0.0	4.0	0.0	16.0	0.0	8.0	0.0	0.0	48.0	0.0	0.0	15.0	0.0	10.0	0.0	0.0	7.0	7.0	10.0	10.0	2.0	23.0	0.0	4.0	11.0	9.0	5.0	0.0	8.0	5.0	59.0	22.0	0.0	13.0	0.0	4.0	33.0	11.0	31.0	3.0	7.0	3.0	1.0	0.0	3.0	21.0	7.0	22.0	0.0	0.0	0.0	23.0	16.0	0.0	25.0	30.0	2.0	3.0	7.0	59.0	10.0	4.0	10.0	2.0	0.0	5.0	10.0	45.0	27.0	5.0	10.0	36.0	11.0	0.0	8.0	0.0	1.0	4.0	0.0	15.0	0.0	13.0	32.0	5.0	0.0	2.0	8.0	2.0	0.0	0.0	5.0	3.0	5.0	3.0	17.0	9.0	8.0	2.0	0.0	0.0	0.0	0.0	1.0	6.0	2.0	6.0	68.0	0.0	0.0	0.0	16.0	0.0
40c85a458df8d5a935122ba778d4f334	111.0	0.0	19.0	6.0	6.0	123.0	0.0	2.0	0.0	0.0	27.0	79.0	0.0	69.0	0.0	0.0	17.0	0.0	0.0	40.0	0.0	0.0	0.0	0.0	0.0	0.0	0.0	3.0	0.0	0.0	0.0	0.0	4.0	0.0	17.0	0.0	0.0	0.0	0.0	0.0	13.0	72.0	0.0	0.0	56.0	0.0	0.0	67.0	0.0	190.0	0.0	2.0	0.0	0.0	0.0	3.0	0.0	0.0	0.0	14.0	0.0	118.0	0.0	212.0	36.0	0.0	1.0	0.0	0.0	0.0	0.0	8.0	0.0	0.0	0.0	0.0	1.0	10.0	0.0	0.0	0.0	0.0	0.0	0.0	61.0	0.0	0.0	0.0	0.0	12.0	0.0	0.0	0.0	0.0	67.0	1.0	12.0	43.0	0.0	0.0	113.0	0.0	0.0	0.0	0.0	0.0	14.0	0.0	3.0	0.0	217.0	0.0	3.0	4.0	72.0	23.0	0.0	8.0	0.0	0.0	0.0	0.0	0.0	0.0	18.0	0.0	4.0	48.0	0.0	112.0	0.0	0.0	0.0	0.0	0.0	9.0	12.0	40.0	93.0	15.0	0.0	0.0	0.0	0.0	0.0	0.0	0.0	3.0	0.0	0.0	34.0	0.0	0.0	5.0	0.0	0.0	0.0	15.0	36.0	4.0	0.0	0.0	0.0	0.0	0.0	0.0	0.0	0.0	0.0	0.0	0.0	0.0	0.0	0.0	0.0	0.0	0.0	0.0	0.0	0.0	0.0	0.0	0.0	0.0	16.0	11.0	2.0	0.0	0.0	0.0	0.0	20.0	0.0	1.0	25.0	0.0	0.0	21.0	0.0	111.0	0.0	0.0	0.0
3d766867c97f511431bf97e059d6498f	0.0	0.0	0.0	30.0	1.0	25.0	3.0	11.0	1.0	10.0	17.0	17.0	1.0	2.0	0.0	0.0	26.0	13.0	0.0	12.0	30.0	3.0	0.0	22.0	29.0	6.0	0.0	19.0	0.0	0.0	0.0	11.0	7.0	32.0	1.0	25.0	0.0	32.0	0.0	0.0	0.0	22.0	4.0	17.0	11.0	0.0	16.0	0.0	0.0	23.0	11.0	21.0	0.0	0.0	20.0	7.0	5.0	0.0	0.0	1.0	0.0	11.0	0.0	0.0	13.0	0.0	14.0	12.0	22.0	0.0	13.0	63.0	35.0	5.0	0.0	0.0	35.0	9.0	0.0	23.0	0.0	0.0	14.0	38.0	98.0	1.0	75.0	0.0	34.0	2.0	0.0	0.0	16.0	0.0	34.0	0.0	30.0	39.0	25.0	0.0	9.0	0.0	9.0	0.0	19.0	0.0	2.0	24.0	0.0	42.0	23.0	0.0	3.0	0.0	6.0	11.0	17.0	31.0	18.0	1.0	36.0	0.0	9.0	6.0	0.0	0.0	31.0	23.0	78.0	29.0	0.0	0.0	0.0	0.0	0.0	4.0	0.0	7.0	11.0	20.0	33.0	0.0	0.0	24.0	0.0	0.0	16.0	0.0	0.0	21.0	16.0	29.0	10.0	80.0	0.0	21.0	0.0	8.0	19.0	11.0	0.0	4.0	6.0	2.0	75.0	25.0	7.0	0.0	3.0	11.0	9.0	0.0	0.0	0.0	0.0	0.0	0.0	0.0	1.0	0.0	0.0	13.0	0.0	45.0	5.0	12.0	18.0	9.0	13.0	0.0	4.0	26.0	0.0	11.0	62.0	35.0	0.0	4.0	0.0	27.0	0.0	31.0	32.0
cae14798faeabb8e1b8840e712839921	7.0	46.0	0.0	0.0	0.0	9.0	0.0	3.0	1.0	0.0	0.0	0.0	0.0	0.0	0.0	23.0	2.0	0.0	0.0	18.0	7.0	0.0	2.0	0.0	0.0	4.0	0.0	5.0	16.0	0.0	0.0	0.0	7.0	0.0	0.0	2.0	0.0	2.0	0.0	0.0	38.0	0.0	0.0	16.0	0.0	11.0	47.0	14.0	0.0	2.0	19.0	0.0	0.0	3.0	1.0	24.0	0.0	5.0	0.0	0.0	0.0	7.0	0.0	2.0	2.0	13.0	3.0	31.0	1.0	12.0	8.0	7.0	0.0	0.0	39.0	0.0	1.0	0.0	67.0	13.0	0.0	0.0	0.0	0.0	0.0	0.0	4.0	13.0	15.0	17.0	0.0	0.0	7.0	0.0	2.0	0.0	0.0	0.0	18.0	3.0	19.0	0.0	19.0	0.0	10.0	0.0	2.0	0.0	0.0	0.0	4.0	0.0	0.0	3.0	0.0	15.0	0.0	10.0	0.0	0.0	3.0	56.0	0.0	1.0	1.0	1.0	2.0	0.0	0.0	0.0	0.0	0.0	1.0	9.0	0.0	0.0	10.0	9.0	0.0	0.0	21.0	30.0	27.0	8.0	0.0	0.0	30.0	5.0	0.0	0.0	2.0	11.0	0.0	8.0	0.0	0.0	0.0	0.0	20.0	4.0	0.0	0.0	2.0	10.0	10.0	5.0	9.0	0.0	0.0	0.0	1.0	12.0	3.0	5.0	0.0	6.0	0.0	149.0	17.0	0.0	0.0	2.0	1.0	0.0	0.0	47.0	2.0	0.0	0.0	2.0	0.0	8.0	0.0	0.0	0.0	0.0	0.0	1.0	0.0	0.0	2.0	43.0	47.0
363c1c39d58bce4fc3218659d0944258	0.0	0.0	0.0	0.0	15.0	0.0	0.0	0.0	0.0	11.0	0.0	19.0	5.0	0.0	0.0	0.0	3.0	16.0	0.0	2.0	0.0	2.0	2.0	0.0	0.0	0.0	0.0	0.0	0.0	3.0	22.0	1.0	27.0	0.0	0.0	0.0	4.0	7.0	0.0	0.0	0.0	7.0	0.0	0.0	0.0	0.0	16.0	0.0	0.0	8.0	0.0	0.0	10.0	0.0	0.0	0.0	0.0	2.0	4.0	7.0	4.0	9.0	3.0	0.0	11.0	4.0	10.0	0.0	25.0	0.0	9.0	0.0	0.0	3.0	12.0	0.0	5.0	0.0	0.0	0.0	4.0	0.0	3.0	3.0	3.0	6.0	0.0	4.0	1.0	1.0	6.0	0.0	0.0	0.0	1.0	0.0	1.0	5.0	0.0	2.0	0.0	4.0	0.0	1.0	6.0	0.0	0.0	3.0	0.0	0.0	1.0	0.0	0.0	4.0	1.0	0.0	3.0	0.0	2.0	9.0	3.0	0.0	0.0	2.0	2.0	2.0	16.0	3.0	9.0	10.0	3.0	0.0	10.0	7.0	0.0	3.0	0.0	3.0	0.0	0.0	5.0	2.0	1.0	4.0	25.0	0.0	5.0	0.0	4.0	1.0	3.0	0.0	0.0	6.0	12.0	0.0	0.0	0.0	0.0	0.0	0.0	7.0	0.0	0.0	8.0	0.0	0.0	0.0	0.0	0.0	1.0	0.0	2.0	0.0	0.0	3.0	2.0	0.0	0.0	2.0	0.0	6.0	2.0	0.0	0.0	2.0	0.0	3.0	4.0	0.0	0.0	6.0	0.0	0.0	4.0	0.0	2.0	2.0	5.0	1.0	0.0	2.0	11.0
458157e555a80f9ba01d9da37ef787eb	0.0	0.0	31.0	0.0	20.0	11.0	3.0	18.0	0.0	0.0	8.0	0.0	1.0	0.0	0.0	0.0	0.0	0.0	0.0	0.0	15.0	26.0	0.0	0.0	3.0	0.0	0.0	0.0	0.0	0.0	60.0	3.0	60.0	11.0	0.0	5.0	0.0	17.0	0.0	0.0	5.0	8.0	0.0	0.0	0.0	0.0	0.0	0.0	0.0	0.0	0.0	0.0	0.0	47.0	9.0	0.0	0.0	1.0	0.0	0.0	7.0	7.0	3.0	9.0	1.0	7.0	4.0	40.0	0.0	0.0	4.0	28.0	0.0	9.0	0.0	0.0	21.0	9.0	0.0	0.0	0.0	0.0	0.0	3.0	0.0	17.0	0.0	0.0	0.0	2.0	8.0	0.0	0.0	5.0	9.0	0.0	35.0	10.0	0.0	0.0	0.0	0.0	0.0	0.0	3.0	0.0	0.0	0.0	0.0	0.0	0.0	0.0	0.0	13.0	0.0	0.0	2.0	26.0	0.0	0.0	8.0	0.0	0.0	1.0	26.0	0.0	11.0	7.0	0.0	11.0	0.0	0.0	0.0	2.0	0.0	0.0	19.0	3.0	16.0	0.0	1.0	0.0	3.0	11.0	0.0	0.0	4.0	0.0	0.0	0.0	33.0	17.0	15.0	8.0	0.0	0.0	0.0	0.0	0.0	5.0	0.0	0.0	0.0	0.0	16.0	4.0	0.0	0.0	0.0	0.0	27.0	0.0	0.0	0.0	33.0	37.0	0.0	5.0	4.0	0.0	0.0	0.0	16.0	40.0	1.0	0.0	8.0	0.0	0.0	0.0	0.0	0.0	0.0	0.0	0.0	0.0	0.0	14.0	0.0	0.0	2.0	0.0	0.0
e2c3ff4f647112723741aa72087f1bfa	0.0	0.0	0.0	0.0	41.0	16.0	0.0	2.0	1.0	3.0	5.0	1.0	0.0	0.0	0.0	1.0	0.0	8.0	0.0	3.0	0.0	2.0	0.0	18.0	0.0	2.0	0.0	8.0	0.0	0.0	0.0	0.0	0.0	0.0	18.0	3.0	0.0	0.0	0.0	13.0	0.0	4.0	0.0	0.0	0.0	0.0	0.0	11.0	0.0	1.0	0.0	0.0	0.0	3.0	0.0	0.0	0.0	0.0	0.0	0.0	0.0	3.0	0.0	0.0	8.0	2.0	1.0	11.0	29.0	1.0	13.0	1.0	1.0	17.0	3.0	0.0	1.0	8.0	0.0	0.0	0.0	0.0	6.0	0.0	0.0	0.0	0.0	0.0	11.0	6.0	0.0	1.0	0.0	0.0	31.0	41.0	1.0	3.0	0.0	0.0	0.0	0.0	2.0	0.0	7.0	0.0	35.0	0.0	13.0	0.0	2.0	1.0	0.0	0.0	0.0	0.0	6.0	0.0	2.0	0.0	4.0	4.0	3.0	15.0	0.0	2.0	0.0	1.0	0.0	1.0	2.0	0.0	0.0	1.0	98.0	136.0	4.0	0.0	3.0	0.0	1.0	0.0	4.0	2.0	0.0	0.0	0.0	3.0	10.0	71.0	6.0	0.0	0.0	8.0	3.0	0.0	0.0	0.0	0.0	0.0	0.0	33.0	0.0	5.0	0.0	19.0	13.0	0.0	2.0	0.0	13.0	0.0	0.0	6.0	1.0	0.0	24.0	0.0	34.0	13.0	0.0	0.0	17.0	0.0	10.0	4.0	1.0	1.0	0.0	0.0	12.0	82.0	0.0	0.0	8.0	51.0	0.0	0.0	9.0	15.0	11.0	0.0	0.0
f7686a74ca2d3729eb66305e8a26309b	2.0	0.0	0.0	39.0	3.0	24.0	1.0	7.0	9.0	14.0	8.0	0.0	6.0	10.0	19.0	7.0	7.0	4.0	12.0	1.0	1.0	9.0	1.0	8.0	0.0	8.0	2.0	0.0	17.0	46.0	4.0	0.0	5.0	0.0	8.0	4.0	1.0	3.0	1.0	2.0	3.0	18.0	0.0	0.0	0.0	0.0	7.0	32.0	7.0	1.0	25.0	7.0	4.0	4.0	4.0	3.0	25.0	2.0	1.0	4.0	22.0	2.0	14.0	2.0	1.0	0.0	0.0	0.0	9.0	4.0	7.0	2.0	16.0	11.0	2.0	0.0	0.0	6.0	3.0	7.0	15.0	6.0	26.0	2.0	5.0	0.0	0.0	1.0	6.0	14.0	0.0	0.0	5.0	9.0	11.0	5.0	7.0	1.0	0.0	15.0	2.0	3.0	1.0	0.0	2.0	1.0	33.0	1.0	17.0	0.0	2.0	32.0	11.0	13.0	4.0	13.0	34.0	42.0	12.0	44.0	3.0	9.0	3.0	3.0	12.0	0.0	0.0	2.0	20.0	4.0	9.0	24.0	6.0	0.0	29.0	7.0	7.0	0.0	1.0	13.0	0.0	13.0	3.0	3.0	2.0	43.0	14.0	20.0	1.0	9.0	0.0	4.0	3.0	4.0	6.0	0.0	7.0	45.0	4.0	10.0	0.0	5.0	21.0	3.0	4.0	13.0	34.0	0.0	28.0	29.0	0.0	19.0	0.0	15.0	18.0	0.0	2.0	3.0	21.0	27.0	0.0	11.0	1.0	1.0	48.0	6.0	0.0	5.0	2.0	8.0	6.0	18.0	9.0	2.0	19.0	10.0	16.0	38.0	2.0	0.0	9.0	4.0	10.0
2b982979f2401a8bc447d7141879e9b2	0.0	0.0	1.0	0.0	1.0	0.0	0.0	3.0	4.0	0.0	9.0	7.0	8.0	1.0	8.0	0.0	0.0	18.0	2.0	1.0	2.0	9.0	0.0	0.0	0.0	10.0	0.0	9.0	0.0	15.0	2.0	4.0	2.0	2.0	33.0	0.0	12.0	5.0	3.0	5.0	9.0	3.0	0.0	0.0	0.0	8.0	0.0	0.0	8.0	2.0	0.0	4.0	2.0	6.0	3.0	0.0	28.0	0.0	0.0	15.0	4.0	3.0	4.0	2.0	6.0	2.0	2.0	3.0	0.0	7.0	6.0	2.0	0.0	8.0	4.0	0.0	2.0	13.0	0.0	3.0	0.0	1.0	0.0	1.0	7.0	1.0	1.0	4.0	10.0	3.0	1.0	6.0	0.0	9.0	4.0	6.0	9.0	6.0	0.0	0.0	2.0	12.0	0.0	0.0	2.0	0.0	14.0	3.0	8.0	0.0	3.0	18.0	6.0	13.0	12.0	0.0	44.0	21.0	14.0	10.0	0.0	4.0	11.0	9.0	8.0	0.0	1.0	0.0	0.0	0.0	35.0	14.0	0.0	2.0	0.0	15.0	12.0	4.0	0.0	0.0	3.0	6.0	11.0	6.0	14.0	0.0	4.0	0.0	8.0	14.0	0.0	9.0	2.0	4.0	0.0	1.0	18.0	21.0	0.0	5.0	0.0	12.0	0.0	10.0	3.0	9.0	27.0	9.0	25.0	6.0	5.0	3.0	0.0	14.0	20.0	0.0	10.0	0.0	13.0	0.0	0.0	2.0	4.0	5.0	50.0	7.0	11.0	8.0	3.0	1.0	0.0	4.0	0.0	0.0	7.0	2.0	0.0	0.0	3.0	13.0	8.0	7.0	10.0
599ba6458e91e2527f358f547ea39261	0.0	4.0	5.0	0.0	3.0	24.0	1.0	9.0	1.0	5.0	8.0	5.0	4.0	0.0	17.0	4.0	1.0	15.0	8.0	1.0	3.0	2.0	0.0	1.0	0.0	0.0	0.0	5.0	12.0	11.0	7.0	2.0	3.0	6.0	3.0	2.0	5.0	2.0	0.0	1.0	0.0	3.0	2.0	0.0	1.0	18.0	5.0	13.0	15.0	1.0	13.0	4.0	5.0	2.0	10.0	10.0	6.0	0.0	5.0	19.0	4.0	2.0	8.0	2.0	3.0	1.0	1.0	2.0	3.0	16.0	7.0	0.0	11.0	6.0	18.0	0.0	2.0	4.0	9.0	13.0	20.0	14.0	33.0	0.0	14.0	0.0	0.0	8.0	7.0	4.0	1.0	0.0	20.0	0.0	8.0	0.0	4.0	0.0	5.0	12.0	1.0	4.0	0.0	10.0	1.0	1.0	54.0	11.0	7.0	0.0	0.0	9.0	9.0	4.0	19.0	1.0	12.0	11.0	5.0	2.0	1.0	9.0	5.0	12.0	1.0	3.0	3.0	2.0	4.0	1.0	28.0	3.0	10.0	2.0	44.0	15.0	0.0	2.0	3.0	7.0	5.0	8.0	5.0	7.0	11.0	15.0	22.0	0.0	1.0	1.0	0.0	31.0	1.0	3.0	24.0	2.0	21.0	1.0	5.0	2.0	1.0	7.0	1.0	2.0	1.0	11.0	31.0	11.0	3.0	0.0	10.0	13.0	1.0	18.0	9.0	0.0	1.0	14.0	8.0	3.0	0.0	0.0	9.0	1.0	20.0	10.0	25.0	2.0	11.0	1.0	9.0	0.0	66.0	2.0	3.0	0.0	15.0	4.0	5.0	9.0	15.0	2.0	14.0
552e00cb506f739acaf08aa5641f9d84	0.0	0.0	0.0	0.0	11.0	1.0	0.0	4.0	0.0	3.0	2.0	7.0	8.0	0.0	2.0	0.0	0.0	2.0	0.0	0.0	0.0	0.0	8.0	0.0	0.0	0.0	0.0	0.0	0.0	0.0	11.0	3.0	0.0	0.0	0.0	3.0	0.0	6.0	0.0	0.0	0.0	0.0	0.0	2.0	0.0	5.0	0.0	0.0	0.0	0.0	0.0	0.0	4.0	2.0	0.0	0.0	0.0	0.0	0.0	2.0	0.0	13.0	0.0	0.0	7.0	0.0	2.0	4.0	14.0	2.0	0.0	0.0	0.0	0.0	1.0	0.0	0.0	2.0	3.0	0.0	0.0	0.0	0.0	0.0	0.0	2.0	0.0	3.0	0.0	0.0	0.0	0.0	10.0	0.0	0.0	0.0	0.0	0.0	0.0	0.0	0.0	1.0	0.0	0.0	0.0	0.0	0.0	0.0	0.0	0.0	0.0	0.0	0.0	0.0	2.0	0.0	4.0	0.0	0.0	0.0	0.0	1.0	1.0	0.0	0.0	3.0	31.0	0.0	12.0	0.0	0.0	0.0	11.0	2.0	0.0	0.0	1.0	4.0	0.0	0.0	0.0	0.0	1.0	0.0	52.0	0.0	0.0	0.0	43.0	0.0	0.0	0.0	5.0	0.0	1.0	0.0	0.0	0.0	1.0	2.0	0.0	0.0	0.0	0.0	0.0	0.0	0.0	0.0	0.0	0.0	0.0	0.0	0.0	0.0	0.0	0.0	2.0	0.0	0.0	0.0	0.0	6.0	0.0	0.0	0.0	0.0	2.0	0.0	4.0	0.0	0.0	0.0	0.0	0.0	0.0	0.0	0.0	0.0	0.0	0.0	2.0	0.0	0.0
959d48a11e3b26c9268f0bd1dae6ec40	2.0	0.0	0.0	0.0	2.0	0.0	1.0	2.0	0.0	0.0	1.0	6.0	9.0	0.0	0.0	0.0	2.0	4.0	0.0	0.0	4.0	4.0	0.0	11.0	2.0	8.0	0.0	2.0	0.0	25.0	1.0	1.0	1.0	2.0	3.0	0.0	0.0	15.0	2.0	0.0	3.0	6.0	0.0	0.0	0.0	11.0	2.0	0.0	9.0	0.0	25.0	3.0	1.0	0.0	6.0	5.0	1.0	1.0	0.0	11.0	8.0	4.0	11.0	0.0	13.0	1.0	0.0	0.0	4.0	5.0	15.0	2.0	6.0	2.0	4.0	0.0	0.0	0.0	3.0	3.0	9.0	0.0	0.0	2.0	8.0	3.0	0.0	4.0	6.0	2.0	0.0	0.0	87.0	0.0	8.0	1.0	0.0	2.0	3.0	2.0	5.0	19.0	0.0	3.0	3.0	0.0	39.0	8.0	0.0	0.0	0.0	0.0	0.0	8.0	5.0	19.0	19.0	2.0	3.0	0.0	2.0	0.0	11.0	2.0	5.0	0.0	2.0	0.0	16.0	3.0	3.0	0.0	0.0	0.0	0.0	2.0	14.0	2.0	3.0	3.0	1.0	7.0	4.0	6.0	16.0	47.0	17.0	72.0	0.0	9.0	1.0	9.0	1.0	2.0	7.0	0.0	29.0	0.0	3.0	0.0	0.0	19.0	0.0	1.0	3.0	1.0	4.0	3.0	2.0	4.0	3.0	4.0	0.0	1.0	22.0	0.0	2.0	2.0	4.0	17.0	0.0	18.0	3.0	7.0	6.0	3.0	77.0	3.0	6.0	12.0	4.0	0.0	0.0	1.0	11.0	2.0	6.0	1.0	4.0	10.0	11.0	4.0	2.0
8bb5ff097e0707dca3fe5860af20f4a6	8.0	0.0	19.0	0.0	2.0	23.0	5.0	32.0	1.0	0.0	8.0	10.0	1.0	0.0	0.0	34.0	0.0	23.0	0.0	18.0	9.0	5.0	1.0	0.0	15.0	0.0	0.0	44.0	0.0	18.0	0.0	17.0	4.0	0.0	8.0	10.0	6.0	17.0	0.0	7.0	8.0	5.0	0.0	20.0	2.0	0.0	51.0	4.0	0.0	23.0	6.0	6.0	2.0	18.0	1.0	3.0	0.0	7.0	0.0	0.0	4.0	6.0	40.0	23.0	15.0	14.0	1.0	0.0	12.0	7.0	4.0	23.0	0.0	8.0	6.0	0.0	4.0	0.0	0.0	39.0	0.0	0.0	0.0	8.0	13.0	1.0	0.0	8.0	14.0	0.0	0.0	0.0	10.0	9.0	1.0	0.0	15.0	8.0	0.0	10.0	9.0	0.0	10.0	0.0	14.0	24.0	0.0	8.0	20.0	6.0	5.0	0.0	11.0	12.0	7.0	11.0	4.0	24.0	4.0	0.0	12.0	0.0	0.0	0.0	11.0	0.0	0.0	7.0	0.0	37.0	5.0	0.0	0.0	3.0	0.0	1.0	12.0	1.0	5.0	8.0	0.0	0.0	0.0	8.0	0.0	0.0	6.0	2.0	0.0	8.0	0.0	13.0	7.0	8.0	0.0	0.0	0.0	0.0	9.0	6.0	0.0	8.0	2.0	13.0	7.0	6.0	0.0	3.0	1.0	0.0	0.0	0.0	18.0	11.0	0.0	0.0	0.0	8.0	8.0	0.0	0.0	1.0	2.0	0.0	0.0	0.0	0.0	0.0	13.0	0.0	0.0	9.0	16.0	0.0	0.0	6.0	0.0	0.0	0.0	27.0	6.0	21.0	0.0
c942f59feffce9c3ab527135de234101	1.0	0.0	4.0	0.0	2.0	0.0	5.0	2.0	20.0	15.0	5.0	0.0	2.0	0.0	0.0	3.0	11.0	0.0	0.0	0.0	0.0	4.0	2.0	0.0	10.0	11.0	0.0	0.0	0.0	3.0	18.0	0.0	17.0	1.0	8.0	4.0	3.0	12.0	21.0	1.0	2.0	8.0	24.0	0.0	0.0	14.0	0.0	0.0	0.0	0.0	0.0	2.0	0.0	3.0	1.0	0.0	0.0	0.0	0.0	6.0	4.0	3.0	4.0	28.0	4.0	5.0	2.0	0.0	2.0	11.0	0.0	0.0	3.0	0.0	17.0	0.0	3.0	4.0	2.0	0.0	12.0	0.0	2.0	0.0	0.0	6.0	0.0	9.0	2.0	0.0	1.0	0.0	3.0	0.0	0.0	7.0	3.0	2.0	0.0	2.0	5.0	1.0	0.0	1.0	5.0	0.0	0.0	5.0	0.0	2.0	19.0	0.0	2.0	0.0	2.0	0.0	8.0	1.0	0.0	0.0	8.0	0.0	0.0	9.0	0.0	0.0	12.0	20.0	3.0	9.0	0.0	0.0	0.0	2.0	7.0	0.0	6.0	17.0	2.0	8.0	5.0	1.0	10.0	7.0	2.0	0.0	5.0	0.0	11.0	0.0	0.0	3.0	8.0	1.0	1.0	4.0	1.0	3.0	5.0	9.0	0.0	0.0	0.0	4.0	11.0	12.0	0.0	0.0	0.0	10.0	4.0	0.0	0.0	0.0	0.0	0.0	14.0	0.0	1.0	3.0	0.0	1.0	0.0	4.0	1.0	0.0	6.0	0.0	10.0	0.0	0.0	5.0	0.0	3.0	11.0	0.0	0.0	0.0	5.0	0.0	3.0	3.0	1.0
ca9dec36ad0aa5a1473144ddcb74951d	0.0	0.0	0.0	0.0	3.0	0.0	5.0	8.0	0.0	0.0	4.0	64.0	10.0	0.0	0.0	0.0	0.0	0.0	0.0	1.0	1.0	4.0	0.0	0.0	0.0	0.0	0.0	17.0	0.0	10.0	9.0	4.0	7.0	4.0	2.0	10.0	0.0	33.0	0.0	0.0	13.0	26.0	0.0	0.0	7.0	4.0	0.0	0.0	0.0	16.0	5.0	0.0	0.0	3.0	0.0	0.0	0.0	1.0	0.0	0.0	1.0	13.0	3.0	0.0	7.0	8.0	17.0	5.0	9.0	1.0	0.0	1.0	0.0	1.0	25.0	0.0	7.0	7.0	0.0	0.0	0.0	0.0	0.0	9.0	5.0	64.0	0.0	32.0	13.0	3.0	12.0	0.0	0.0	0.0	2.0	0.0	27.0	0.0	0.0	0.0	0.0	1.0	0.0	0.0	22.0	14.0	0.0	9.0	0.0	0.0	0.0	0.0	0.0	8.0	6.0	0.0	3.0	0.0	3.0	0.0	28.0	0.0	0.0	0.0	0.0	0.0	22.0	0.0	5.0	6.0	0.0	0.0	0.0	2.0	0.0	0.0	0.0	13.0	6.0	0.0	16.0	4.0	8.0	7.0	0.0	31.0	1.0	1.0	0.0	0.0	17.0	6.0	10.0	24.0	0.0	0.0	0.0	0.0	0.0	8.0	0.0	2.0	0.0	29.0	26.0	1.0	0.0	0.0	0.0	0.0	1.0	7.0	0.0	0.0	9.0	0.0	0.0	8.0	0.0	0.0	0.0	14.0	0.0	5.0	0.0	6.0	12.0	7.0	4.0	5.0	0.0	0.0	0.0	0.0	0.0	18.0	0.0	2.0	11.0	0.0	0.0	0.0	1.0
77ad88eed91eef009bf64f101c96baa6	10.0	0.0	0.0	0.0	1.0	0.0	7.0	3.0	1.0	5.0	0.0	4.0	2.0	0.0	4.0	16.0	3.0	3.0	5.0	4.0	0.0	0.0	0.0	35.0	0.0	5.0	0.0	0.0	0.0	12.0	8.0	0.0	2.0	0.0	0.0	12.0	9.0	0.0	5.0	0.0	0.0	0.0	4.0	20.0	0.0	14.0	4.0	6.0	5.0	5.0	0.0	13.0	3.0	3.0	4.0	0.0	9.0	0.0	2.0	0.0	11.0	0.0	0.0	5.0	5.0	3.0	0.0	0.0	5.0	19.0	6.0	0.0	20.0	7.0	0.0	0.0	2.0	0.0	4.0	14.0	12.0	8.0	17.0	0.0	0.0	0.0	6.0	2.0	4.0	0.0	4.0	12.0	0.0	13.0	0.0	3.0	0.0	0.0	0.0	0.0	0.0	0.0	7.0	6.0	13.0	8.0	10.0	14.0	0.0	0.0	0.0	4.0	5.0	0.0	7.0	15.0	0.0	0.0	15.0	0.0	4.0	3.0	0.0	3.0	0.0	0.0	3.0	0.0	6.0	5.0	6.0	12.0	0.0	1.0	0.0	2.0	4.0	1.0	6.0	0.0	3.0	0.0	29.0	22.0	12.0	0.0	6.0	0.0	7.0	0.0	0.0	3.0	11.0	0.0	2.0	8.0	1.0	6.0	1.0	0.0	0.0	0.0	0.0	3.0	6.0	7.0	1.0	2.0	20.0	3.0	4.0	3.0	0.0	7.0	0.0	0.0	17.0	2.0	10.0	0.0	0.0	0.0	6.0	0.0	11.0	0.0	1.0	2.0	3.0	0.0	8.0	0.0	19.0	0.0	7.0	0.0	0.0	0.0	0.0	13.0	9.0	17.0	3.0
59196a586276f0be745d0e334fc071c6	0.0	6.0	1.0	0.0	5.0	0.0	1.0	3.0	9.0	1.0	12.0	5.0	1.0	1.0	6.0	1.0	1.0	0.0	14.0	0.0	0.0	0.0	1.0	0.0	0.0	6.0	0.0	3.0	11.0	6.0	0.0	8.0	3.0	2.0	10.0	3.0	8.0	3.0	0.0	9.0	1.0	10.0	0.0	0.0	6.0	5.0	3.0	9.0	12.0	0.0	20.0	9.0	4.0	1.0	3.0	3.0	24.0	0.0	33.0	8.0	7.0	5.0	18.0	1.0	4.0	5.0	1.0	1.0	9.0	2.0	2.0	3.0	0.0	5.0	5.0	0.0	4.0	4.0	7.0	10.0	11.0	1.0	34.0	0.0	2.0	0.0	1.0	13.0	5.0	4.0	0.0	0.0	0.0	11.0	7.0	0.0	4.0	2.0	7.0	5.0	0.0	14.0	0.0	16.0	5.0	0.0	0.0	0.0	4.0	1.0	2.0	28.0	3.0	4.0	4.0	0.0	9.0	11.0	13.0	12.0	1.0	0.0	9.0	10.0	0.0	0.0	2.0	1.0	0.0	3.0	5.0	12.0	3.0	1.0	74.0	16.0	18.0	8.0	0.0	13.0	0.0	7.0	2.0	3.0	3.0	0.0	1.0	0.0	0.0	16.0	2.0	3.0	4.0	4.0	5.0	3.0	9.0	12.0	1.0	3.0	1.0	5.0	8.0	11.0	4.0	5.0	30.0	2.0	33.0	14.0	5.0	34.0	10.0	8.0	3.0	1.0	14.0	0.0	26.0	0.0	0.0	0.0	3.0	5.0	0.0	0.0	18.0	1.0	5.0	1.0	0.0	5.0	32.0	0.0	9.0	7.0	56.0	3.0	1.0	3.0	22.0	3.0	13.0
19cb3add28813b2bf3e1f40a000d33c2	0.0	0.0	1.0	0.0	0.0	0.0	9.0	17.0	2.0	0.0	8.0	0.0	0.0	0.0	1.0	77.0	0.0	0.0	71.0	2.0	35.0	8.0	0.0	0.0	0.0	0.0	0.0	0.0	0.0	1.0	0.0	0.0	1.0	0.0	0.0	30.0	0.0	0.0	0.0	1.0	0.0	17.0	0.0	0.0	0.0	0.0	0.0	0.0	0.0	0.0	17.0	6.0	0.0	8.0	7.0	0.0	8.0	3.0	0.0	0.0	1.0	47.0	0.0	6.0	15.0	6.0	2.0	0.0	5.0	2.0	0.0	0.0	0.0	0.0	12.0	0.0	0.0	3.0	60.0	0.0	0.0	9.0	0.0	0.0	0.0	0.0	0.0	4.0	2.0	7.0	0.0	0.0	6.0	0.0	10.0	0.0	87.0	7.0	0.0	0.0	0.0	2.0	0.0	8.0	2.0	9.0	3.0	5.0	0.0	0.0	0.0	0.0	0.0	0.0	6.0	0.0	0.0	0.0	0.0	0.0	0.0	12.0	7.0	3.0	10.0	0.0	1.0	8.0	0.0	10.0	0.0	17.0	0.0	10.0	0.0	6.0	12.0	0.0	0.0	0.0	0.0	4.0	0.0	42.0	0.0	0.0	6.0	0.0	0.0	0.0	17.0	19.0	30.0	9.0	18.0	0.0	11.0	0.0	0.0	0.0	0.0	0.0	0.0	7.0	28.0	0.0	3.0	13.0	0.0	0.0	5.0	10.0	0.0	3.0	3.0	0.0	11.0	6.0	3.0	19.0	0.0	0.0	23.0	0.0	0.0	16.0	2.0	0.0	24.0	0.0	0.0	0.0	0.0	0.0	0.0	0.0	0.0	0.0	4.0	1.0	5.0	1.0	0.0
a24dae6b87885a55d81df1ea6d1abaf5	4.0	9.0	2.0	0.0	2.0	0.0	2.0	5.0	1.0	6.0	5.0	1.0	14.0	0.0	0.0	3.0	10.0	0.0	2.0	0.0	6.0	14.0	0.0	0.0	1.0	2.0	0.0	2.0	0.0	10.0	0.0	2.0	2.0	6.0	0.0	0.0	0.0	8.0	11.0	0.0	4.0	8.0	0.0	0.0	4.0	5.0	0.0	3.0	0.0	0.0	4.0	0.0	1.0	4.0	32.0	0.0	0.0	0.0	0.0	1.0	0.0	11.0	1.0	0.0	5.0	2.0	1.0	1.0	0.0	0.0	5.0	7.0	0.0	1.0	0.0	0.0	0.0	0.0	0.0	8.0	3.0	4.0	4.0	6.0	0.0	4.0	0.0	0.0	0.0	1.0	1.0	8.0	3.0	0.0	0.0	1.0	4.0	27.0	0.0	8.0	0.0	1.0	28.0	0.0	0.0	3.0	5.0	7.0	0.0	0.0	0.0	4.0	5.0	0.0	1.0	7.0	0.0	0.0	0.0	1.0	4.0	8.0	3.0	7.0	5.0	5.0	27.0	0.0	8.0	4.0	0.0	0.0	0.0	2.0	7.0	1.0	0.0	0.0	7.0	0.0	0.0	0.0	13.0	0.0	0.0	0.0	2.0	0.0	3.0	0.0	4.0	0.0	16.0	3.0	1.0	13.0	0.0	0.0	0.0	2.0	0.0	0.0	0.0	4.0	0.0	2.0	2.0	1.0	0.0	0.0	1.0	4.0	30.0	7.0	0.0	3.0	3.0	5.0	0.0	0.0	0.0	0.0	5.0	0.0	0.0	0.0	0.0	1.0	5.0	0.0	0.0	0.0	0.0	0.0	2.0	9.0	0.0	0.0	15.0	0.0	4.0	0.0	2.0
fd1f139259c53276619476db0cc81913	3.0	4.0	0.0	0.0	0.0	4.0	0.0	0.0	0.0	1.0	0.0	0.0	0.0	2.0	3.0	2.0	1.0	0.0	7.0	0.0	0.0	0.0	0.0	23.0	0.0	1.0	0.0	0.0	6.0	0.0	0.0	0.0	0.0	15.0	0.0	0.0	5.0	0.0	0.0	0.0	0.0	0.0	0.0	0.0	0.0	2.0	0.0	11.0	0.0	0.0	0.0	0.0	0.0	2.0	0.0	2.0	0.0	0.0	3.0	0.0	0.0	0.0	0.0	1.0	0.0	0.0	0.0	0.0	0.0	0.0	0.0	0.0	0.0	0.0	1.0	0.0	0.0	0.0	5.0	0.0	4.0	0.0	7.0	0.0	0.0	0.0	0.0	0.0	0.0	0.0	0.0	60.0	0.0	0.0	0.0	0.0	0.0	0.0	83.0	0.0	0.0	5.0	0.0	12.0	0.0	3.0	6.0	1.0	3.0	0.0	0.0	4.0	1.0	0.0	0.0	1.0	0.0	0.0	8.0	13.0	0.0	1.0	3.0	0.0	0.0	35.0	1.0	0.0	2.0	0.0	0.0	10.0	0.0	0.0	0.0	2.0	0.0	0.0	0.0	2.0	0.0	0.0	0.0	0.0	7.0	8.0	5.0	2.0	0.0	1.0	0.0	0.0	0.0	0.0	2.0	0.0	0.0	5.0	0.0	0.0	0.0	0.0	5.0	0.0	1.0	0.0	19.0	2.0	31.0	2.0	0.0	3.0	0.0	0.0	0.0	0.0	1.0	9.0	0.0	0.0	293.0	0.0	0.0	0.0	44.0	0.0	0.0	1.0	0.0	0.0	48.0	1.0	0.0	2.0	3.0	0.0	16.0	0.0	0.0	0.0	0.0	3.0	0.0
cc968157f7691aab95df444e8cd103e2	0.0	0.0	0.0	0.0	1.0	2.0	2.0	4.0	4.0	2.0	4.0	9.0	12.0	0.0	1.0	4.0	2.0	1.0	5.0	2.0	28.0	1.0	0.0	3.0	0.0	5.0	0.0	0.0	18.0	2.0	1.0	0.0	3.0	3.0	0.0	0.0	0.0	1.0	15.0	1.0	2.0	13.0	3.0	2.0	0.0	0.0	3.0	0.0	4.0	4.0	0.0	1.0	11.0	2.0	2.0	0.0	11.0	4.0	0.0	0.0	0.0	5.0	2.0	3.0	6.0	0.0	0.0	0.0	0.0	12.0	2.0	0.0	2.0	1.0	1.0	0.0	1.0	0.0	3.0	5.0	7.0	4.0	5.0	0.0	4.0	3.0	4.0	0.0	3.0	1.0	2.0	29.0	4.0	0.0	2.0	0.0	3.0	2.0	2.0	3.0	0.0	3.0	0.0	6.0	16.0	2.0	4.0	12.0	12.0	3.0	2.0	15.0	2.0	5.0	0.0	2.0	0.0	3.0	0.0	6.0	2.0	0.0	3.0	4.0	1.0	0.0	2.0	1.0	1.0	1.0	4.0	1.0	0.0	0.0	1.0	1.0	3.0	3.0	0.0	2.0	0.0	0.0	39.0	0.0	9.0	0.0	2.0	0.0	29.0	0.0	0.0	3.0	11.0	0.0	9.0	0.0	0.0	0.0	1.0	3.0	0.0	1.0	0.0	0.0	1.0	0.0	0.0	3.0	1.0	0.0	1.0	5.0	1.0	1.0	4.0	0.0	1.0	4.0	3.0	2.0	0.0	2.0	3.0	3.0	1.0	3.0	1.0	7.0	4.0	7.0	0.0	3.0	0.0	0.0	0.0	1.0	0.0	0.0	6.0	0.0	6.0	3.0	6.0
fea3411c847e6627afb5e78b88e2e9af	2.0	7.0	2.0	0.0	11.0	0.0	0.0	1.0	2.0	0.0	0.0	1.0	0.0	0.0	6.0	0.0	0.0	4.0	0.0	0.0	0.0	0.0	1.0	4.0	4.0	0.0	0.0	10.0	9.0	2.0	0.0	4.0	2.0	11.0	0.0	0.0	7.0	0.0	0.0	4.0	1.0	0.0	0.0	0.0	0.0	15.0	0.0	10.0	1.0	0.0	9.0	1.0	1.0	0.0	3.0	4.0	1.0	0.0	2.0	5.0	5.0	0.0	0.0	3.0	1.0	0.0	0.0	0.0	1.0	0.0	6.0	0.0	8.0	0.0	17.0	1.0	0.0	0.0	2.0	7.0	15.0	1.0	20.0	0.0	0.0	2.0	0.0	1.0	3.0	1.0	0.0	9.0	5.0	17.0	4.0	0.0	0.0	1.0	5.0	1.0	0.0	0.0	0.0	4.0	0.0	0.0	16.0	0.0	8.0	0.0	2.0	1.0	3.0	0.0	1.0	0.0	0.0	0.0	18.0	7.0	0.0	1.0	0.0	0.0	1.0	2.0	1.0	0.0	0.0	0.0	9.0	8.0	0.0	2.0	0.0	0.0	0.0	0.0	0.0	6.0	3.0	1.0	9.0	0.0	2.0	30.0	1.0	5.0	0.0	2.0	2.0	2.0	3.0	0.0	3.0	0.0	2.0	0.0	2.0	0.0	0.0	0.0	1.0	2.0	1.0	0.0	14.0	36.0	1.0	0.0	0.0	3.0	0.0	5.0	0.0	1.0	1.0	0.0	4.0	4.0	42.0	0.0	0.0	2.0	18.0	1.0	0.0	2.0	9.0	3.0	1.0	5.0	10.0	0.0	2.0	0.0	8.0	1.0	1.0	0.0	0.0	0.0	6.0
74ec9fe6ffab4ecff6d5def74298a825	2.0	0.0	0.0	14.0	2.0	0.0	0.0	0.0	1.0	4.0	0.0	0.0	3.0	0.0	5.0	0.0	0.0	2.0	0.0	0.0	0.0	0.0	4.0	4.0	0.0	2.0	14.0	2.0	13.0	0.0	0.0	0.0	2.0	0.0	0.0	0.0	3.0	0.0	0.0	6.0	0.0	0.0	7.0	0.0	10.0	1.0	0.0	5.0	4.0	0.0	0.0	0.0	3.0	0.0	0.0	3.0	0.0	0.0	0.0	0.0	0.0	0.0	0.0	0.0	0.0	0.0	0.0	0.0	0.0	0.0	0.0	0.0	4.0	0.0	0.0	65.0	0.0	0.0	1.0	0.0	0.0	0.0	3.0	0.0	0.0	2.0	0.0	1.0	0.0	0.0	0.0	0.0	2.0	8.0	0.0	2.0	0.0	0.0	0.0	0.0	0.0	5.0	0.0	3.0	0.0	0.0	0.0	0.0	0.0	0.0	0.0	1.0	1.0	0.0	0.0	0.0	0.0	0.0	0.0	0.0	0.0	1.0	0.0	0.0	0.0	15.0	0.0	0.0	0.0	0.0	0.0	2.0	16.0	2.0	1.0	0.0	0.0	0.0	0.0	7.0	0.0	0.0	1.0	0.0	2.0	2.0	0.0	2.0	0.0	0.0	0.0	0.0	0.0	0.0	0.0	1.0	3.0	0.0	0.0	0.0	0.0	0.0	1.0	0.0	12.0	0.0	0.0	0.0	0.0	0.0	0.0	0.0	0.0	0.0	0.0	12.0	0.0	0.0	1.0	1.0	4.0	0.0	0.0	0.0	0.0	0.0	0.0	0.0	0.0	4.0	0.0	6.0	0.0	1.0	0.0	0.0	7.0	0.0	1.0	2.0	0.0	0.0	0.0
a3607a88a8ed64e24a374847b23e404f	1.0	0.0	0.0	0.0	6.0	8.0	3.0	0.0	3.0	2.0	1.0	0.0	15.0	0.0	0.0	0.0	0.0	7.0	0.0	0.0	0.0	8.0	0.0	0.0	0.0	1.0	0.0	6.0	9.0	0.0	1.0	0.0	0.0	0.0	0.0	0.0	2.0	1.0	3.0	1.0	0.0	2.0	0.0	0.0	0.0	4.0	5.0	2.0	0.0	0.0	0.0	6.0	0.0	3.0	0.0	1.0	10.0	0.0	1.0	4.0	0.0	0.0	6.0	0.0	7.0	2.0	6.0	2.0	4.0	0.0	7.0	2.0	0.0	1.0	6.0	0.0	0.0	8.0	0.0	1.0	4.0	0.0	0.0	0.0	1.0	4.0	1.0	0.0	3.0	0.0	1.0	11.0	0.0	0.0	5.0	0.0	0.0	0.0	0.0	5.0	0.0	0.0	0.0	0.0	0.0	0.0	6.0	2.0	2.0	3.0	9.0	0.0	1.0	2.0	0.0	2.0	11.0	1.0	4.0	0.0	0.0	0.0	2.0	7.0	0.0	3.0	1.0	0.0	3.0	0.0	4.0	24.0	0.0	3.0	0.0	0.0	3.0	1.0	1.0	0.0	0.0	1.0	20.0	0.0	0.0	0.0	0.0	4.0	0.0	6.0	0.0	2.0	2.0	0.0	0.0	1.0	1.0	0.0	0.0	0.0	0.0	10.0	0.0	4.0	0.0	0.0	2.0	0.0	0.0	4.0	0.0	0.0	0.0	5.0	3.0	0.0	0.0	19.0	0.0	0.0	0.0	2.0	4.0	2.0	12.0	0.0	3.0	0.0	2.0	5.0	0.0	0.0	0.0	1.0	4.0	1.0	0.0	0.0	0.0	0.0	2.0	3.0	3.0
b1f2146bef78066448576fceeb6b644b	0.0	6.0	1.0	0.0	3.0	0.0	0.0	1.0	0.0	0.0	3.0	4.0	4.0	0.0	0.0	12.0	0.0	7.0	5.0	0.0	0.0	0.0	4.0	1.0	0.0	0.0	0.0	4.0	0.0	7.0	0.0	0.0	4.0	40.0	20.0	0.0	0.0	0.0	1.0	0.0	3.0	9.0	0.0	0.0	0.0	3.0	6.0	0.0	0.0	7.0	0.0	5.0	0.0	2.0	1.0	0.0	23.0	1.0	0.0	28.0	0.0	2.0	3.0	6.0	3.0	4.0	0.0	0.0	0.0	8.0	19.0	1.0	0.0	0.0	6.0	0.0	0.0	3.0	2.0	0.0	0.0	2.0	0.0	0.0	4.0	0.0	0.0	1.0	5.0	1.0	2.0	0.0	0.0	0.0	3.0	16.0	1.0	2.0	0.0	0.0	1.0	0.0	4.0	0.0	1.0	1.0	0.0	0.0	0.0	3.0	0.0	0.0	0.0	4.0	1.0	4.0	8.0	3.0	9.0	0.0	1.0	0.0	2.0	5.0	0.0	0.0	10.0	4.0	10.0	0.0	24.0	3.0	0.0	1.0	0.0	0.0	5.0	0.0	0.0	6.0	0.0	3.0	0.0	3.0	0.0	0.0	0.0	3.0	0.0	1.0	0.0	11.0	0.0	2.0	0.0	0.0	0.0	10.0	0.0	2.0	0.0	5.0	6.0	3.0	1.0	5.0	5.0	20.0	15.0	0.0	6.0	0.0	0.0	2.0	5.0	0.0	4.0	3.0	0.0	8.0	0.0	5.0	5.0	2.0	0.0	3.0	20.0	0.0	0.0	7.0	0.0	24.0	0.0	0.0	0.0	5.0	0.0	0.0	3.0	0.0	14.0	1.0	2.0
9099a7f671b923c7b07c12508f17270a	0.0	0.0	0.0	4.0	0.0	0.0	0.0	3.0	1.0	0.0	2.0	0.0	0.0	0.0	0.0	3.0	1.0	0.0	0.0	0.0	0.0	0.0	1.0	12.0	0.0	0.0	2.0	3.0	4.0	0.0	0.0	0.0	2.0	0.0	3.0	3.0	2.0	0.0	0.0	1.0	0.0	0.0	6.0	1.0	0.0	1.0	0.0	1.0	2.0	0.0	0.0	1.0	3.0	0.0	0.0	14.0	0.0	0.0	0.0	0.0	0.0	1.0	1.0	0.0	0.0	0.0	3.0	0.0	2.0	6.0	0.0	0.0	10.0	0.0	0.0	0.0	0.0	1.0	2.0	0.0	0.0	0.0	4.0	0.0	0.0	0.0	0.0	15.0	0.0	1.0	0.0	0.0	0.0	18.0	0.0	2.0	0.0	0.0	1.0	0.0	0.0	4.0	0.0	0.0	1.0	0.0	0.0	2.0	0.0	0.0	1.0	0.0	1.0	1.0	0.0	1.0	0.0	0.0	1.0	15.0	0.0	1.0	0.0	0.0	3.0	2.0	2.0	3.0	0.0	2.0	0.0	4.0	0.0	0.0	0.0	9.0	0.0	0.0	0.0	2.0	0.0	0.0	2.0	0.0	0.0	7.0	0.0	0.0	5.0	1.0	0.0	0.0	0.0	0.0	6.0	0.0	1.0	4.0	2.0	0.0	0.0	2.0	4.0	0.0	1.0	0.0	0.0	0.0	0.0	0.0	0.0	0.0	0.0	0.0	0.0	3.0	4.0	0.0	1.0	1.0	19.0	0.0	2.0	0.0	4.0	2.0	0.0	0.0	0.0	1.0	2.0	0.0	0.0	0.0	0.0	0.0	3.0	0.0	1.0	1.0	0.0	0.0	0.0
de61860db8d93da85692dffb5cf32ab9	31.0	0.0	0.0	0.0	0.0	0.0	3.0	1.0	0.0	9.0	0.0	0.0	0.0	0.0	5.0	0.0	0.0	3.0	0.0	0.0	20.0	0.0	0.0	0.0	0.0	0.0	0.0	23.0	3.0	3.0	0.0	2.0	0.0	10.0	3.0	0.0	30.0	0.0	1.0	0.0	0.0	5.0	0.0	0.0	0.0	10.0	0.0	14.0	6.0	0.0	4.0	7.0	0.0	6.0	0.0	44.0	0.0	0.0	9.0	0.0	0.0	0.0	0.0	0.0	8.0	0.0	0.0	0.0	0.0	0.0	0.0	0.0	8.0	2.0	0.0	0.0	4.0	0.0	15.0	3.0	7.0	14.0	0.0	6.0	1.0	4.0	16.0	10.0	1.0	0.0	0.0	0.0	0.0	3.0	4.0	0.0	1.0	1.0	0.0	6.0	2.0	0.0	0.0	30.0	0.0	0.0	0.0	6.0	0.0	16.0	0.0	7.0	1.0	0.0	4.0	8.0	7.0	0.0	3.0	4.0	2.0	0.0	5.0	2.0	18.0	0.0	0.0	0.0	0.0	0.0	0.0	6.0	40.0	0.0	0.0	0.0	2.0	4.0	8.0	0.0	0.0	3.0	0.0	0.0	0.0	0.0	4.0	0.0	17.0	0.0	0.0	0.0	0.0	18.0	10.0	0.0	21.0	0.0	0.0	0.0	0.0	0.0	0.0	0.0	3.0	0.0	0.0	0.0	0.0	0.0	0.0	4.0	1.0	0.0	0.0	1.0	12.0	3.0	2.0	10.0	0.0	5.0	0.0	0.0	1.0	5.0	0.0	10.0	0.0	0.0	0.0	0.0	0.0	2.0	0.0	5.0	0.0	0.0	0.0	3.0	0.0	3.0	33.0
8720f9ecd2331ce68e2896df1bf2d977	0.0	0.0	0.0	0.0	4.0	0.0	1.0	2.0	36.0	8.0	5.0	1.0	1.0	0.0	0.0	0.0	0.0	0.0	3.0	0.0	0.0	2.0	1.0	4.0	0.0	4.0	0.0	2.0	4.0	7.0	0.0	1.0	0.0	1.0	8.0	1.0	4.0	2.0	0.0	0.0	1.0	0.0	0.0	0.0	0.0	2.0	3.0	0.0	0.0	0.0	0.0	0.0	0.0	0.0	0.0	0.0	6.0	0.0	1.0	0.0	1.0	1.0	4.0	2.0	1.0	0.0	3.0	1.0	0.0	4.0	3.0	1.0	4.0	6.0	5.0	0.0	1.0	11.0	0.0	1.0	0.0	0.0	0.0	0.0	0.0	3.0	0.0	8.0	2.0	0.0	0.0	0.0	0.0	3.0	2.0	0.0	0.0	2.0	0.0	0.0	1.0	7.0	0.0	0.0	1.0	0.0	26.0	1.0	15.0	0.0	1.0	9.0	5.0	1.0	2.0	0.0	9.0	1.0	5.0	36.0	0.0	0.0	0.0	10.0	3.0	0.0	0.0	0.0	2.0	0.0	15.0	0.0	43.0	0.0	32.0	13.0	2.0	5.0	0.0	0.0	0.0	0.0	0.0	0.0	0.0	0.0	0.0	0.0	0.0	1.0	4.0	6.0	0.0	1.0	1.0	0.0	0.0	0.0	1.0	0.0	0.0	5.0	0.0	1.0	2.0	2.0	30.0	0.0	0.0	0.0	1.0	3.0	0.0	2.0	0.0	0.0	0.0	6.0	11.0	0.0	0.0	0.0	1.0	0.0	7.0	0.0	4.0	0.0	0.0	0.0	8.0	0.0	0.0	0.0	0.0	0.0	0.0	0.0	0.0	0.0	0.0	1.0	0.0
2ae8a432208b85a14e86eb821c86ce2b	0.0	1.0	3.0	1.0	0.0	0.0	4.0	2.0	0.0	2.0	3.0	3.0	0.0	0.0	0.0	0.0	0.0	1.0	1.0	0.0	0.0	16.0	0.0	0.0	0.0	4.0	0.0	0.0	0.0	4.0	4.0	0.0	0.0	9.0	2.0	6.0	0.0	40.0	1.0	1.0	0.0	0.0	14.0	0.0	0.0	1.0	0.0	0.0	0.0	0.0	0.0	1.0	0.0	0.0	12.0	2.0	4.0	0.0	0.0	0.0	0.0	0.0	2.0	2.0	0.0	0.0	0.0	0.0	0.0	7.0	0.0	1.0	0.0	3.0	6.0	0.0	0.0	106.0	0.0	0.0	3.0	0.0	0.0	6.0	8.0	0.0	1.0	0.0	27.0	0.0	0.0	3.0	0.0	0.0	1.0	7.0	0.0	6.0	1.0	0.0	0.0	1.0	0.0	0.0	2.0	0.0	0.0	1.0	0.0	0.0	0.0	1.0	0.0	0.0	7.0	0.0	0.0	4.0	5.0	6.0	13.0	0.0	0.0	4.0	0.0	0.0	0.0	10.0	5.0	1.0	17.0	1.0	0.0	0.0	0.0	0.0	1.0	0.0	0.0	0.0	0.0	0.0	0.0	0.0	0.0	0.0	0.0	2.0	0.0	0.0	0.0	0.0	0.0	1.0	0.0	0.0	3.0	27.0	0.0	8.0	0.0	4.0	0.0	1.0	0.0	0.0	0.0	0.0	7.0	0.0	6.0	0.0	0.0	0.0	0.0	0.0	0.0	0.0	0.0	0.0	0.0	0.0	0.0	6.0	0.0	1.0	0.0	15.0	0.0	3.0	1.0	0.0	0.0	0.0	1.0	5.0	0.0	0.0	0.0	0.0	1.0	0.0	0.0
4c731267e801c2afe253b5cbb58bdd24	0.0	0.0	0.0	25.0	0.0	0.0	0.0	6.0	6.0	0.0	1.0	1.0	9.0	0.0	0.0	0.0	0.0	12.0	0.0	2.0	4.0	3.0	0.0	0.0	0.0	0.0	0.0	0.0	0.0	8.0	0.0	4.0	1.0	9.0	9.0	2.0	3.0	5.0	0.0	1.0	1.0	2.0	0.0	0.0	0.0	0.0	2.0	34.0	0.0	0.0	11.0	0.0	7.0	0.0	0.0	1.0	2.0	0.0	0.0	7.0	6.0	1.0	0.0	1.0	6.0	0.0	1.0	1.0	0.0	0.0	0.0	0.0	0.0	4.0	2.0	0.0	0.0	3.0	14.0	5.0	0.0	2.0	0.0	0.0	2.0	3.0	1.0	4.0	2.0	1.0	0.0	0.0	1.0	0.0	2.0	0.0	7.0	0.0	1.0	1.0	0.0	3.0	3.0	5.0	1.0	0.0	0.0	2.0	14.0	0.0	3.0	0.0	3.0	0.0	2.0	0.0	0.0	5.0	3.0	4.0	1.0	0.0	3.0	6.0	1.0	0.0	0.0	0.0	7.0	1.0	12.0	9.0	0.0	3.0	0.0	0.0	4.0	9.0	2.0	4.0	2.0	7.0	10.0	1.0	0.0	0.0	1.0	0.0	0.0	0.0	1.0	9.0	0.0	1.0	0.0	0.0	6.0	2.0	0.0	3.0	0.0	5.0	13.0	6.0	0.0	0.0	0.0	6.0	0.0	0.0	0.0	3.0	0.0	0.0	9.0	0.0	3.0	4.0	4.0	0.0	0.0	2.0	3.0	0.0	0.0	0.0	5.0	3.0	3.0	3.0	14.0	0.0	0.0	0.0	3.0	0.0	0.0	0.0	4.0	9.0	3.0	0.0	4.0
bda6b6e7da7508c68057140e7bd6cd8d	0.0	0.0	59.0	0.0	5.0	0.0	13.0	1.0	0.0	0.0	4.0	3.0	25.0	0.0	0.0	0.0	0.0	0.0	0.0	0.0	4.0	7.0	1.0	0.0	3.0	0.0	0.0	0.0	0.0	2.0	48.0	0.0	5.0	2.0	0.0	3.0	0.0	17.0	0.0	0.0	18.0	9.0	0.0	8.0	3.0	1.0	0.0	0.0	0.0	0.0	0.0	20.0	0.0	6.0	20.0	0.0	0.0	0.0	0.0	0.0	0.0	8.0	17.0	1.0	2.0	4.0	0.0	37.0	1.0	0.0	2.0	19.0	0.0	9.0	8.0	0.0	2.0	4.0	0.0	0.0	0.0	0.0	0.0	1.0	0.0	6.0	1.0	0.0	6.0	2.0	6.0	0.0	0.0	0.0	0.0	0.0	43.0	0.0	0.0	0.0	18.0	0.0	0.0	0.0	7.0	23.0	19.0	0.0	0.0	0.0	1.0	0.0	0.0	7.0	3.0	10.0	0.0	0.0	0.0	1.0	5.0	0.0	0.0	4.0	16.0	0.0	1.0	13.0	0.0	1.0	3.0	0.0	0.0	0.0	0.0	0.0	7.0	0.0	1.0	0.0	50.0	1.0	0.0	1.0	0.0	0.0	5.0	3.0	0.0	0.0	1.0	1.0	0.0	1.0	0.0	0.0	0.0	0.0	1.0	5.0	0.0	1.0	0.0	0.0	6.0	1.0	0.0	0.0	0.0	0.0	1.0	0.0	0.0	0.0	5.0	0.0	0.0	0.0	0.0	0.0	0.0	0.0	2.0	0.0	0.0	0.0	10.0	0.0	0.0	0.0	0.0	0.0	0.0	0.0	0.0	0.0	0.0	6.0	0.0	0.0	5.0	1.0	0.0
447b9d6a5c17543a456c597e65b37139	8.0	1.0	0.0	0.0	0.0	0.0	0.0	9.0	0.0	0.0	7.0	2.0	3.0	4.0	21.0	16.0	0.0	1.0	11.0	0.0	4.0	4.0	0.0	0.0	2.0	0.0	0.0	9.0	0.0	7.0	0.0	0.0	2.0	0.0	8.0	1.0	0.0	0.0	0.0	1.0	0.0	13.0	0.0	0.0	0.0	0.0	0.0	0.0	4.0	2.0	23.0	10.0	0.0	5.0	6.0	1.0	5.0	4.0	0.0	5.0	3.0	0.0	4.0	7.0	2.0	3.0	0.0	7.0	6.0	0.0	5.0	3.0	3.0	5.0	6.0	0.0	0.0	2.0	0.0	4.0	0.0	0.0	7.0	0.0	0.0	1.0	0.0	2.0	4.0	1.0	0.0	0.0	2.0	0.0	4.0	0.0	2.0	2.0	0.0	0.0	0.0	8.0	0.0	15.0	2.0	2.0	13.0	2.0	7.0	0.0	6.0	0.0	6.0	5.0	0.0	5.0	13.0	15.0	4.0	7.0	1.0	0.0	0.0	1.0	0.0	0.0	0.0	1.0	1.0	0.0	1.0	0.0	0.0	0.0	15.0	6.0	11.0	0.0	0.0	0.0	0.0	12.0	0.0	0.0	2.0	19.0	3.0	0.0	5.0	20.0	2.0	10.0	0.0	0.0	2.0	0.0	27.0	0.0	3.0	2.0	0.0	5.0	5.0	0.0	8.0	0.0	39.0	0.0	2.0	7.0	6.0	3.0	7.0	8.0	10.0	1.0	8.0	5.0	0.0	7.0	0.0	3.0	0.0	8.0	0.0	0.0	29.0	5.0	1.0	3.0	41.0	0.0	0.0	1.0	1.0	2.0	0.0	2.0	3.0	1.0	6.0	0.0	10.0
4311a44a7d56ce4086afad3e75bedd6e	1.0	2.0	1.0	2.0	4.0	0.0	1.0	0.0	4.0	2.0	2.0	0.0	4.0	0.0	0.0	2.0	0.0	2.0	0.0	0.0	0.0	0.0	5.0	6.0	1.0	0.0	0.0	3.0	6.0	1.0	0.0	0.0	0.0	8.0	0.0	0.0	2.0	0.0	0.0	2.0	0.0	3.0	5.0	0.0	0.0	1.0	1.0	7.0	0.0	1.0	4.0	0.0	0.0	0.0	0.0	0.0	1.0	1.0	1.0	0.0	0.0	0.0	0.0	1.0	0.0	1.0	4.0	2.0	0.0	2.0	1.0	1.0	1.0	1.0	0.0	3.0	0.0	0.0	3.0	2.0	1.0	7.0	0.0	0.0	0.0	1.0	0.0	2.0	0.0	1.0	0.0	2.0	2.0	7.0	1.0	1.0	0.0	1.0	0.0	2.0	0.0	1.0	0.0	1.0	0.0	1.0	0.0	0.0	0.0	0.0	0.0	1.0	0.0	0.0	0.0	1.0	0.0	0.0	4.0	3.0	0.0	2.0	0.0	9.0	2.0	18.0	1.0	2.0	1.0	0.0	2.0	0.0	31.0	1.0	2.0	6.0	3.0	1.0	0.0	2.0	3.0	0.0	3.0	0.0	2.0	0.0	0.0	0.0	5.0	2.0	1.0	0.0	0.0	1.0	0.0	0.0	4.0	1.0	1.0	0.0	0.0	2.0	0.0	0.0	0.0	0.0	1.0	2.0	1.0	0.0	0.0	0.0	0.0	1.0	0.0	2.0	1.0	1.0	0.0	6.0	5.0	0.0	0.0	0.0	1.0	1.0	1.0	1.0	0.0	5.0	0.0	0.0	0.0	0.0	0.0	0.0	5.0	3.0	1.0	1.0	2.0	0.0	0.0
8ce931b0c99ad5ed648c25483c1ca492	3.0	0.0	0.0	25.0	0.0	2.0	7.0	0.0	1.0	0.0	0.0	0.0	0.0	0.0	0.0	0.0	0.0	0.0	0.0	0.0	0.0	0.0	1.0	1.0	0.0	6.0	1.0	0.0	0.0	0.0	0.0	0.0	0.0	0.0	0.0	0.0	0.0	0.0	0.0	1.0	0.0	0.0	0.0	0.0	1.0	8.0	0.0	1.0	3.0	0.0	0.0	0.0	0.0	0.0	0.0	0.0	1.0	0.0	3.0	4.0	0.0	0.0	0.0	0.0	0.0	1.0	0.0	0.0	0.0	0.0	0.0	0.0	4.0	1.0	0.0	35.0	0.0	0.0	4.0	0.0	1.0	0.0	1.0	1.0	3.0	0.0	0.0	0.0	0.0	0.0	0.0	18.0	2.0	7.0	0.0	0.0	0.0	0.0	9.0	1.0	0.0	0.0	0.0	5.0	0.0	0.0	0.0	0.0	0.0	0.0	0.0	7.0	1.0	0.0	0.0	21.0	0.0	0.0	0.0	17.0	0.0	5.0	1.0	2.0	0.0	3.0	0.0	0.0	4.0	0.0	0.0	0.0	47.0	0.0	15.0	8.0	0.0	0.0	0.0	0.0	0.0	0.0	7.0	0.0	0.0	41.0	1.0	2.0	1.0	0.0	0.0	0.0	0.0	0.0	0.0	0.0	3.0	1.0	0.0	2.0	0.0	0.0	0.0	1.0	0.0	0.0	0.0	0.0	0.0	8.0	0.0	0.0	0.0	0.0	0.0	13.0	0.0	0.0	0.0	2.0	11.0	0.0	1.0	1.0	2.0	0.0	0.0	0.0	0.0	0.0	0.0	0.0	0.0	0.0	3.0	0.0	10.0	0.0	0.0	0.0	0.0	0.0	0.0
877f27b47c85f6b2d3cf8a6aa86def40	2.0	0.0	3.0	0.0	2.0	0.0	0.0	0.0	0.0	2.0	0.0	18.0	13.0	0.0	0.0	0.0	0.0	0.0	0.0	14.0	6.0	0.0	0.0	0.0	0.0	0.0	0.0	0.0	0.0	0.0	1.0	0.0	4.0	4.0	0.0	3.0	0.0	18.0	0.0	0.0	7.0	0.0	0.0	0.0	13.0	0.0	2.0	0.0	0.0	0.0	0.0	2.0	1.0	0.0	30.0	0.0	0.0	2.0	11.0	0.0	2.0	5.0	0.0	0.0	2.0	0.0	0.0	0.0	1.0	1.0	0.0	0.0	1.0	8.0	2.0	0.0	1.0	6.0	0.0	0.0	0.0	0.0	0.0	6.0	0.0	1.0	2.0	0.0	1.0	1.0	1.0	0.0	2.0	0.0	10.0	0.0	25.0	0.0	0.0	0.0	9.0	0.0	0.0	0.0	0.0	0.0	0.0	0.0	0.0	6.0	0.0	0.0	0.0	23.0	1.0	3.0	1.0	3.0	1.0	0.0	7.0	0.0	0.0	10.0	1.0	12.0	6.0	0.0	17.0	4.0	1.0	0.0	0.0	4.0	0.0	0.0	3.0	0.0	2.0	0.0	0.0	0.0	0.0	0.0	0.0	6.0	0.0	0.0	0.0	0.0	0.0	1.0	0.0	0.0	0.0	0.0	0.0	0.0	1.0	0.0	0.0	2.0	0.0	0.0	6.0	0.0	0.0	0.0	0.0	0.0	0.0	0.0	0.0	0.0	4.0	0.0	0.0	0.0	0.0	0.0	0.0	3.0	0.0	4.0	2.0	3.0	0.0	0.0	10.0	15.0	0.0	0.0	0.0	0.0	0.0	0.0	0.0	9.0	6.0	0.0	3.0	6.0	11.0
6a17479edbe461431433bddb084f731e	0.0	0.0	13.0	10.0	1.0	0.0	0.0	0.0	0.0	0.0	2.0	0.0	0.0	0.0	0.0	0.0	0.0	4.0	0.0	17.0	2.0	0.0	0.0	30.0	3.0	1.0	51.0	1.0	0.0	0.0	0.0	0.0	2.0	0.0	0.0	0.0	41.0	0.0	0.0	8.0	1.0	3.0	0.0	0.0	0.0	4.0	0.0	0.0	56.0	0.0	3.0	0.0	0.0	9.0	0.0	0.0	0.0	0.0	0.0	0.0	8.0	1.0	2.0	7.0	0.0	2.0	0.0	0.0	0.0	1.0	0.0	0.0	0.0	3.0	3.0	0.0	0.0	9.0	43.0	0.0	0.0	0.0	0.0	0.0	0.0	1.0	0.0	16.0	0.0	10.0	2.0	0.0	0.0	0.0	0.0	0.0	0.0	8.0	3.0	0.0	4.0	0.0	4.0	0.0	0.0	0.0	0.0	0.0	0.0	0.0	2.0	0.0	0.0	9.0	0.0	1.0	0.0	0.0	0.0	0.0	5.0	0.0	0.0	0.0	0.0	0.0	0.0	1.0	0.0	0.0	6.0	0.0	0.0	2.0	0.0	0.0	0.0	0.0	6.0	0.0	0.0	1.0	3.0	0.0	25.0	0.0	0.0	0.0	0.0	0.0	0.0	3.0	2.0	0.0	1.0	0.0	18.0	14.0	0.0	0.0	0.0	0.0	0.0	0.0	7.0	21.0	0.0	0.0	0.0	0.0	7.0	0.0	1.0	18.0	0.0	0.0	1.0	0.0	0.0	13.0	0.0	0.0	5.0	0.0	0.0	0.0	0.0	0.0	0.0	0.0	0.0	0.0	0.0	0.0	0.0	8.0	0.0	0.0	0.0	0.0	1.0	3.0	69.0
39bb3fb5b2257fd2eacca408dc42c5d1	0.0	0.0	0.0	0.0	2.0	0.0	2.0	2.0	5.0	0.0	9.0	0.0	0.0	0.0	0.0	0.0	0.0	1.0	0.0	0.0	0.0	0.0	0.0	15.0	2.0	0.0	2.0	1.0	0.0	17.0	0.0	0.0	0.0	6.0	12.0	1.0	0.0	4.0	3.0	0.0	0.0	4.0	0.0	13.0	8.0	13.0	0.0	16.0	0.0	2.0	7.0	6.0	0.0	0.0	1.0	17.0	0.0	0.0	0.0	7.0	0.0	4.0	2.0	2.0	2.0	3.0	2.0	4.0	0.0	0.0	10.0	0.0	0.0	9.0	5.0	0.0	0.0	11.0	5.0	7.0	28.0	3.0	3.0	0.0	15.0	1.0	0.0	16.0	3.0	4.0	0.0	0.0	0.0	0.0	3.0	0.0	1.0	3.0	18.0	3.0	2.0	10.0	0.0	0.0	2.0	0.0	59.0	1.0	31.0	3.0	4.0	0.0	9.0	4.0	13.0	6.0	14.0	0.0	15.0	48.0	3.0	0.0	0.0	10.0	2.0	0.0	0.0	1.0	0.0	1.0	12.0	16.0	0.0	0.0	0.0	2.0	4.0	2.0	1.0	15.0	0.0	0.0	0.0	6.0	5.0	31.0	8.0	55.0	0.0	25.0	0.0	11.0	3.0	3.0	0.0	2.0	0.0	0.0	4.0	2.0	0.0	0.0	0.0	12.0	5.0	4.0	4.0	24.0	0.0	0.0	4.0	7.0	0.0	0.0	3.0	0.0	13.0	9.0	0.0	5.0	0.0	7.0	0.0	0.0	0.0	1.0	14.0	2.0	2.0	0.0	0.0	0.0	0.0	4.0	0.0	0.0	0.0	0.0	0.0	4.0	0.0	2.0	6.0
399bcf0feb12a20ca0731d8d65268dae	0.0	0.0	0.0	0.0	0.0	0.0	0.0	0.0	0.0	7.0	0.0	1.0	1.0	0.0	0.0	0.0	0.0	6.0	13.0	3.0	0.0	0.0	0.0	0.0	0.0	0.0	0.0	10.0	10.0	0.0	0.0	0.0	0.0	33.0	2.0	1.0	0.0	0.0	0.0	0.0	0.0	0.0	0.0	0.0	0.0	0.0	23.0	17.0	0.0	0.0	0.0	0.0	0.0	0.0	0.0	5.0	0.0	0.0	0.0	4.0	0.0	0.0	0.0	3.0	0.0	0.0	0.0	0.0	2.0	0.0	0.0	0.0	1.0	0.0	13.0	0.0	0.0	0.0	0.0	3.0	15.0	0.0	0.0	2.0	0.0	2.0	0.0	0.0	0.0	0.0	0.0	0.0	0.0	3.0	0.0	0.0	0.0	0.0	0.0	0.0	0.0	52.0	0.0	0.0	9.0	0.0	1.0	4.0	0.0	0.0	0.0	0.0	1.0	0.0	0.0	3.0	0.0	0.0	0.0	0.0	0.0	3.0	1.0	0.0	0.0	0.0	1.0	0.0	1.0	6.0	2.0	6.0	113.0	0.0	0.0	0.0	0.0	7.0	0.0	0.0	0.0	0.0	2.0	4.0	0.0	0.0	1.0	0.0	4.0	0.0	4.0	2.0	0.0	1.0	0.0	0.0	0.0	0.0	0.0	0.0	2.0	7.0	0.0	1.0	0.0	0.0	0.0	0.0	0.0	0.0	0.0	1.0	0.0	2.0	0.0	0.0	13.0	1.0	2.0	0.0	0.0	0.0	0.0	0.0	0.0	6.0	0.0	0.0	0.0	5.0	0.0	0.0	0.0	0.0	0.0	4.0	0.0	0.0	0.0	0.0	0.0	0.0	0.0
58df89090206b56c52bfffa4b97f4d5d	0.0	11.0	1.0	0.0	0.0	6.0	0.0	0.0	2.0	4.0	0.0	0.0	0.0	0.0	2.0	3.0	1.0	0.0	0.0	0.0	1.0	0.0	0.0	13.0	1.0	0.0	0.0	0.0	0.0	0.0	0.0	0.0	0.0	0.0	0.0	0.0	0.0	0.0	0.0	0.0	1.0	0.0	3.0	0.0	0.0	13.0	0.0	4.0	0.0	0.0	0.0	0.0	0.0	0.0	0.0	0.0	0.0	2.0	2.0	0.0	0.0	0.0	0.0	0.0	0.0	0.0	0.0	0.0	0.0	0.0	0.0	1.0	2.0	0.0	0.0	94.0	0.0	0.0	0.0	0.0	2.0	0.0	0.0	0.0	1.0	0.0	0.0	0.0	0.0	0.0	0.0	0.0	2.0	0.0	0.0	1.0	0.0	0.0	12.0	1.0	0.0	0.0	0.0	13.0	0.0	0.0	6.0	0.0	3.0	0.0	0.0	0.0	0.0	0.0	0.0	2.0	0.0	4.0	0.0	0.0	0.0	1.0	0.0	0.0	0.0	0.0	0.0	0.0	0.0	0.0	1.0	5.0	3.0	0.0	0.0	1.0	1.0	0.0	0.0	0.0	0.0	1.0	2.0	2.0	0.0	14.0	0.0	4.0	0.0	0.0	0.0	0.0	0.0	0.0	4.0	1.0	5.0	3.0	0.0	0.0	0.0	0.0	0.0	0.0	0.0	0.0	3.0	0.0	0.0	1.0	0.0	1.0	0.0	1.0	0.0	9.0	0.0	0.0	0.0	2.0	24.0	0.0	1.0	0.0	12.0	0.0	1.0	0.0	0.0	11.0	0.0	6.0	0.0	0.0	0.0	0.0	6.0	0.0	0.0	0.0	1.0	0.0	0.0
30207d209491dfb7de83344e77fd6fbd	0.0	0.0	0.0	0.0	9.0	0.0	9.0	7.0	7.0	12.0	2.0	14.0	8.0	0.0	0.0	0.0	0.0	36.0	17.0	10.0	0.0	10.0	0.0	0.0	0.0	0.0	0.0	3.0	0.0	12.0	9.0	0.0	0.0	104.0	0.0	2.0	0.0	2.0	0.0	0.0	2.0	6.0	0.0	0.0	29.0	14.0	0.0	0.0	0.0	7.0	2.0	0.0	0.0	1.0	4.0	0.0	0.0	2.0	0.0	0.0	0.0	0.0	1.0	0.0	4.0	0.0	6.0	4.0	3.0	4.0	5.0	0.0	0.0	1.0	7.0	0.0	0.0	0.0	0.0	0.0	24.0	0.0	0.0	0.0	0.0	10.0	0.0	9.0	10.0	2.0	2.0	0.0	0.0	0.0	0.0	0.0	0.0	0.0	0.0	0.0	1.0	11.0	0.0	0.0	0.0	7.0	0.0	8.0	0.0	0.0	8.0	0.0	3.0	8.0	11.0	5.0	15.0	0.0	3.0	14.0	2.0	0.0	0.0	2.0	12.0	0.0	0.0	4.0	12.0	11.0	4.0	0.0	0.0	0.0	0.0	0.0	0.0	9.0	0.0	10.0	5.0	3.0	0.0	0.0	4.0	0.0	0.0	0.0	0.0	0.0	0.0	8.0	5.0	3.0	0.0	0.0	0.0	0.0	0.0	0.0	0.0	0.0	0.0	6.0	1.0	10.0	0.0	0.0	0.0	0.0	7.0	5.0	0.0	0.0	5.0	0.0	0.0	0.0	5.0	0.0	0.0	16.0	8.0	0.0	0.0	3.0	19.0	9.0	6.0	0.0	0.0	0.0	0.0	0.0	0.0	0.0	0.0	0.0	2.0	0.0	3.0	0.0	14.0
3b092a59cd0e2d57483420cc994ec49c	0.0	0.0	13.0	0.0	1.0	0.0	6.0	1.0	0.0	0.0	11.0	0.0	0.0	0.0	0.0	0.0	1.0	0.0	0.0	0.0	0.0	6.0	0.0	44.0	0.0	3.0	0.0	0.0	0.0	7.0	34.0	0.0	1.0	4.0	1.0	8.0	0.0	1.0	0.0	0.0	36.0	1.0	1.0	1.0	0.0	4.0	0.0	0.0	0.0	2.0	0.0	0.0	0.0	1.0	0.0	0.0	0.0	0.0	0.0	0.0	0.0	10.0	0.0	10.0	2.0	0.0	0.0	0.0	1.0	7.0	0.0	0.0	0.0	15.0	2.0	0.0	0.0	6.0	0.0	0.0	0.0	0.0	0.0	0.0	0.0	1.0	0.0	0.0	70.0	0.0	17.0	0.0	0.0	0.0	0.0	0.0	0.0	7.0	0.0	0.0	0.0	1.0	0.0	1.0	0.0	0.0	0.0	13.0	7.0	0.0	7.0	0.0	0.0	0.0	7.0	0.0	0.0	1.0	0.0	0.0	12.0	0.0	0.0	41.0	8.0	0.0	0.0	0.0	0.0	2.0	2.0	0.0	0.0	0.0	0.0	0.0	0.0	0.0	3.0	0.0	0.0	8.0	0.0	0.0	0.0	0.0	0.0	0.0	0.0	0.0	0.0	0.0	0.0	2.0	8.0	0.0	0.0	3.0	0.0	0.0	8.0	1.0	0.0	2.0	0.0	0.0	0.0	1.0	1.0	0.0	0.0	0.0	0.0	0.0	3.0	0.0	0.0	0.0	0.0	0.0	0.0	0.0	23.0	0.0	0.0	0.0	0.0	0.0	0.0	0.0	0.0	0.0	0.0	0.0	0.0	0.0	0.0	0.0	5.0	0.0	0.0	0.0	0.0
686d42b9552375c3b61301ae5605e3a2	0.0	2.0	0.0	0.0	4.0	0.0	0.0	0.0	0.0	5.0	4.0	0.0	23.0	0.0	0.0	0.0	0.0	0.0	0.0	0.0	2.0	6.0	2.0	0.0	0.0	0.0	0.0	0.0	0.0	6.0	21.0	0.0	4.0	4.0	0.0	0.0	6.0	1.0	0.0	0.0	0.0	4.0	8.0	0.0	2.0	0.0	0.0	0.0	0.0	0.0	0.0	0.0	0.0	0.0	0.0	18.0	0.0	0.0	0.0	1.0	1.0	0.0	3.0	0.0	0.0	3.0	1.0	0.0	0.0	0.0	0.0	2.0	0.0	0.0	2.0	0.0	0.0	0.0	0.0	10.0	7.0	7.0	4.0	0.0	0.0	3.0	0.0	0.0	0.0	0.0	0.0	0.0	3.0	0.0	3.0	0.0	11.0	4.0	1.0	1.0	0.0	0.0	0.0	0.0	0.0	0.0	0.0	3.0	10.0	1.0	0.0	5.0	0.0	8.0	0.0	0.0	0.0	5.0	0.0	0.0	0.0	0.0	5.0	3.0	8.0	27.0	1.0	0.0	0.0	0.0	0.0	0.0	0.0	1.0	0.0	0.0	1.0	8.0	0.0	0.0	5.0	8.0	0.0	0.0	0.0	9.0	3.0	0.0	0.0	0.0	0.0	0.0	0.0	0.0	0.0	0.0	3.0	0.0	0.0	0.0	0.0	5.0	0.0	0.0	0.0	0.0	0.0	0.0	0.0	0.0	6.0	0.0	5.0	0.0	4.0	0.0	8.0	2.0	0.0	1.0	0.0	2.0	9.0	3.0	0.0	1.0	0.0	0.0	0.0	19.0	0.0	0.0	0.0	0.0	0.0	0.0	0.0	0.0	4.0	0.0	0.0	0.0	4.0
a650f349bbdffb95b3624519d1ba72b8	0.0	0.0	1.0	4.0	0.0	0.0	0.0	0.0	3.0	5.0	0.0	0.0	2.0	0.0	0.0	0.0	0.0	8.0	0.0	0.0	0.0	11.0	1.0	18.0	0.0	1.0	0.0	0.0	0.0	0.0	0.0	1.0	0.0	5.0	2.0	0.0	0.0	3.0	0.0	0.0	2.0	4.0	3.0	1.0	3.0	0.0	0.0	5.0	0.0	2.0	0.0	0.0	0.0	0.0	0.0	1.0	0.0	0.0	0.0	3.0	0.0	1.0	2.0	0.0	4.0	0.0	0.0	2.0	0.0	0.0	0.0	3.0	0.0	1.0	0.0	4.0	0.0	5.0	0.0	1.0	0.0	0.0	0.0	0.0	20.0	4.0	0.0	0.0	5.0	2.0	0.0	0.0	1.0	8.0	0.0	0.0	0.0	0.0	0.0	0.0	0.0	0.0	0.0	0.0	0.0	0.0	0.0	0.0	0.0	0.0	0.0	3.0	1.0	0.0	17.0	0.0	4.0	0.0	0.0	9.0	0.0	1.0	10.0	0.0	0.0	1.0	0.0	0.0	0.0	1.0	1.0	0.0	0.0	0.0	1.0	2.0	0.0	0.0	0.0	0.0	0.0	0.0	1.0	0.0	23.0	0.0	1.0	4.0	5.0	0.0	0.0	6.0	0.0	0.0	0.0	0.0	0.0	0.0	0.0	0.0	0.0	0.0	3.0	1.0	0.0	0.0	0.0	0.0	0.0	0.0	1.0	1.0	0.0	0.0	1.0	0.0	0.0	4.0	2.0	0.0	0.0	0.0	0.0	0.0	0.0	0.0	0.0	1.0	0.0	0.0	3.0	2.0	0.0	0.0	0.0	3.0	1.0	0.0	0.0	13.0	1.0	0.0	5.0
218a6324d16b842a38c70f1088a7c8b0	0.0	0.0	0.0	1.0	0.0	1.0	0.0	0.0	0.0	5.0	2.0	0.0	13.0	0.0	2.0	6.0	0.0	7.0	0.0	0.0	1.0	0.0	0.0	1.0	0.0	0.0	0.0	0.0	1.0	6.0	0.0	2.0	3.0	0.0	0.0	0.0	0.0	0.0	1.0	0.0	0.0	0.0	0.0	0.0	0.0	0.0	7.0	0.0	4.0	0.0	1.0	0.0	11.0	0.0	0.0	0.0	0.0	0.0	0.0	0.0	1.0	0.0	0.0	0.0	1.0	0.0	0.0	0.0	0.0	0.0	0.0	0.0	3.0	0.0	1.0	0.0	0.0	0.0	0.0	0.0	6.0	0.0	6.0	0.0	0.0	7.0	0.0	0.0	0.0	0.0	0.0	0.0	5.0	0.0	0.0	0.0	0.0	0.0	0.0	0.0	0.0	3.0	0.0	1.0	0.0	0.0	0.0	1.0	1.0	0.0	0.0	0.0	0.0	1.0	0.0	0.0	0.0	0.0	0.0	0.0	1.0	0.0	0.0	1.0	0.0	14.0	0.0	0.0	0.0	0.0	0.0	4.0	0.0	0.0	0.0	0.0	0.0	0.0	0.0	0.0	0.0	0.0	4.0	0.0	1.0	0.0	0.0	0.0	1.0	0.0	0.0	0.0	0.0	0.0	0.0	0.0	0.0	0.0	0.0	0.0	0.0	0.0	0.0	0.0	8.0	0.0	1.0	0.0	0.0	0.0	0.0	0.0	0.0	0.0	0.0	2.0	5.0	7.0	0.0	0.0	0.0	0.0	2.0	0.0	2.0	0.0	0.0	0.0	0.0	58.0	0.0	0.0	0.0	0.0	0.0	0.0	0.0	0.0	0.0	1.0	0.0	0.0	0.0
1a389bf765c8ff0f92600f684fbe7ad7	0.0	0.0	11.0	0.0	0.0	0.0	1.0	0.0	0.0	0.0	4.0	4.0	0.0	0.0	2.0	0.0	0.0	0.0	0.0	0.0	0.0	0.0	0.0	0.0	0.0	0.0	0.0	0.0	0.0	2.0	9.0	0.0	2.0	0.0	7.0	0.0	0.0	12.0	0.0	1.0	0.0	0.0	0.0	2.0	4.0	0.0	0.0	0.0	0.0	0.0	0.0	0.0	0.0	1.0	12.0	0.0	0.0	5.0	0.0	7.0	0.0	2.0	6.0	0.0	0.0	0.0	1.0	2.0	0.0	0.0	0.0	0.0	0.0	0.0	0.0	0.0	1.0	7.0	3.0	13.0	0.0	0.0	0.0	14.0	0.0	2.0	0.0	1.0	0.0	2.0	2.0	0.0	0.0	0.0	4.0	0.0	12.0	4.0	0.0	0.0	12.0	0.0	0.0	0.0	13.0	4.0	0.0	0.0	0.0	0.0	4.0	0.0	0.0	3.0	0.0	0.0	8.0	0.0	0.0	0.0	4.0	0.0	0.0	0.0	4.0	0.0	0.0	14.0	0.0	1.0	1.0	0.0	0.0	0.0	0.0	0.0	0.0	0.0	1.0	0.0	3.0	0.0	0.0	1.0	0.0	0.0	0.0	0.0	0.0	0.0	1.0	3.0	8.0	1.0	0.0	0.0	0.0	0.0	0.0	5.0	0.0	4.0	0.0	0.0	0.0	0.0	2.0	0.0	0.0	0.0	0.0	0.0	0.0	0.0	11.0	0.0	12.0	0.0	0.0	0.0	0.0	0.0	0.0	0.0	1.0	3.0	0.0	0.0	5.0	0.0	0.0	0.0	0.0	0.0	0.0	3.0	0.0	0.0	2.0	0.0	0.0	0.0	14.0
340a5698fe78713b785c3bcce89df73b	3.0	66.0	2.0	0.0	2.0	0.0	8.0	2.0	1.0	0.0	6.0	2.0	1.0	3.0	2.0	0.0	2.0	0.0	0.0	7.0	2.0	0.0	0.0	0.0	0.0	0.0	0.0	33.0	0.0	20.0	0.0	1.0	0.0	0.0	0.0	0.0	1.0	17.0	0.0	0.0	53.0	0.0	0.0	5.0	0.0	0.0	0.0	0.0	0.0	6.0	0.0	0.0	0.0	7.0	10.0	0.0	0.0	3.0	4.0	0.0	2.0	0.0	0.0	0.0	11.0	5.0	2.0	7.0	5.0	0.0	0.0	0.0	0.0	1.0	0.0	0.0	0.0	0.0	0.0	19.0	0.0	0.0	0.0	0.0	0.0	0.0	0.0	14.0	0.0	2.0	0.0	0.0	0.0	0.0	0.0	0.0	2.0	0.0	2.0	3.0	0.0	0.0	1.0	0.0	12.0	0.0	0.0	0.0	0.0	1.0	8.0	0.0	0.0	0.0	12.0	0.0	1.0	7.0	11.0	5.0	12.0	0.0	0.0	0.0	18.0	0.0	2.0	5.0	0.0	3.0	1.0	0.0	0.0	4.0	0.0	0.0	4.0	3.0	3.0	0.0	3.0	0.0	0.0	1.0	0.0	0.0	0.0	3.0	0.0	1.0	2.0	5.0	2.0	32.0	0.0	0.0	0.0	0.0	0.0	0.0	4.0	0.0	2.0	0.0	5.0	1.0	0.0	0.0	0.0	0.0	0.0	0.0	0.0	13.0	0.0	0.0	0.0	6.0	0.0	0.0	0.0	3.0	12.0	2.0	0.0	3.0	5.0	0.0	0.0	0.0	0.0	0.0	0.0	0.0	0.0	0.0	0.0	1.0	0.0	0.0	0.0	0.0	5.0
1527fd8b14037f53b8edb26b111e1f72	4.0	0.0	0.0	0.0	2.0	0.0	0.0	0.0	2.0	11.0	0.0	4.0	0.0	0.0	0.0	0.0	1.0	0.0	0.0	0.0	0.0	0.0	0.0	1.0	0.0	3.0	0.0	9.0	0.0	0.0	0.0	0.0	2.0	0.0	3.0	0.0	10.0	0.0	0.0	5.0	0.0	0.0	0.0	0.0	0.0	0.0	1.0	0.0	0.0	0.0	0.0	1.0	0.0	1.0	0.0	0.0	1.0	0.0	0.0	0.0	0.0	0.0	0.0	0.0	0.0	0.0	0.0	0.0	0.0	0.0	0.0	0.0	0.0	0.0	2.0	0.0	0.0	5.0	3.0	3.0	0.0	0.0	0.0	0.0	0.0	2.0	0.0	3.0	0.0	0.0	0.0	0.0	0.0	0.0	0.0	18.0	0.0	0.0	0.0	0.0	0.0	0.0	2.0	0.0	0.0	0.0	0.0	0.0	0.0	0.0	0.0	0.0	0.0	0.0	0.0	0.0	1.0	0.0	0.0	1.0	0.0	0.0	0.0	0.0	0.0	0.0	5.0	5.0	0.0	0.0	0.0	0.0	0.0	0.0	0.0	0.0	0.0	0.0	0.0	5.0	0.0	0.0	9.0	2.0	1.0	0.0	0.0	0.0	0.0	1.0	0.0	0.0	0.0	0.0	0.0	2.0	3.0	2.0	0.0	10.0	0.0	0.0	0.0	0.0	2.0	1.0	0.0	0.0	0.0	0.0	0.0	0.0	0.0	1.0	0.0	0.0	1.0	0.0	0.0	0.0	0.0	0.0	0.0	0.0	0.0	0.0	0.0	2.0	0.0	3.0	0.0	0.0	0.0	1.0	0.0	0.0	0.0	0.0	1.0	0.0	0.0	0.0	0.0
588a23811b3e98af68f4f0fb24a0daa8	0.0	0.0	0.0	5.0	0.0	0.0	0.0	0.0	3.0	0.0	0.0	5.0	3.0	0.0	9.0	3.0	6.0	0.0	5.0	0.0	0.0	0.0	0.0	2.0	0.0	12.0	1.0	0.0	0.0	41.0	0.0	2.0	0.0	1.0	0.0	0.0	0.0	0.0	0.0	0.0	0.0	0.0	0.0	0.0	0.0	0.0	0.0	0.0	0.0	0.0	0.0	0.0	0.0	0.0	0.0	1.0	6.0	0.0	7.0	10.0	4.0	0.0	0.0	0.0	0.0	3.0	0.0	0.0	0.0	3.0	0.0	0.0	3.0	4.0	0.0	0.0	0.0	0.0	0.0	8.0	6.0	3.0	10.0	0.0	1.0	0.0	0.0	0.0	0.0	0.0	0.0	0.0	3.0	0.0	0.0	0.0	0.0	0.0	0.0	11.0	0.0	0.0	0.0	0.0	0.0	0.0	17.0	5.0	0.0	0.0	0.0	13.0	0.0	8.0	0.0	0.0	5.0	2.0	0.0	0.0	0.0	6.0	0.0	0.0	0.0	0.0	0.0	0.0	9.0	0.0	3.0	0.0	0.0	0.0	19.0	0.0	0.0	1.0	0.0	0.0	0.0	6.0	1.0	4.0	1.0	10.0	0.0	11.0	4.0	7.0	0.0	0.0	0.0	2.0	0.0	1.0	2.0	6.0	0.0	0.0	0.0	0.0	4.0	3.0	0.0	0.0	0.0	5.0	0.0	0.0	2.0	4.0	3.0	0.0	0.0	2.0	2.0	2.0	2.0	1.0	0.0	2.0	0.0	0.0	37.0	0.0	16.0	2.0	0.0	2.0	0.0	22.0	0.0	0.0	0.0	0.0	0.0	6.0	3.0	0.0	3.0	0.0	6.0
c82032c40c98975f71892e4be561c87a	2.0	0.0	0.0	1.0	2.0	2.0	1.0	0.0	3.0	2.0	0.0	0.0	3.0	0.0	2.0	11.0	1.0	2.0	2.0	0.0	1.0	2.0	0.0	5.0	6.0	0.0	25.0	3.0	3.0	1.0	0.0	0.0	1.0	1.0	1.0	0.0	3.0	0.0	0.0	0.0	0.0	0.0	0.0	0.0	1.0	2.0	0.0	14.0	5.0	0.0	1.0	0.0	3.0	1.0	4.0	9.0	1.0	0.0	0.0	0.0	1.0	1.0	0.0	3.0	0.0	0.0	0.0	0.0	0.0	1.0	1.0	0.0	4.0	2.0	5.0	0.0	3.0	5.0	3.0	2.0	0.0	7.0	0.0	0.0	2.0	0.0	0.0	2.0	0.0	0.0	0.0	11.0	0.0	9.0	2.0	0.0	5.0	0.0	2.0	7.0	1.0	0.0	4.0	6.0	0.0	3.0	2.0	0.0	5.0	25.0	0.0	0.0	4.0	0.0	0.0	0.0	1.0	0.0	1.0	4.0	0.0	4.0	0.0	0.0	2.0	1.0	1.0	4.0	6.0	0.0	0.0	8.0	0.0	0.0	0.0	1.0	0.0	0.0	0.0	0.0	0.0	0.0	0.0	1.0	1.0	4.0	0.0	1.0	2.0	0.0	0.0	0.0	0.0	1.0	1.0	0.0	4.0	1.0	2.0	0.0	0.0	0.0	0.0	0.0	2.0	0.0	3.0	2.0	0.0	0.0	0.0	0.0	0.0	0.0	0.0	1.0	9.0	1.0	0.0	12.0	5.0	0.0	3.0	2.0	6.0	3.0	5.0	1.0	0.0	1.0	3.0	2.0	3.0	0.0	2.0	1.0	0.0	0.0	4.0	7.0	0.0	3.0	4.0
10cd502b01abafc87e2ecbad86389286	1.0	0.0	3.0	0.0	0.0	0.0	2.0	0.0	0.0	3.0	0.0	1.0	1.0	1.0	0.0	0.0	0.0	0.0	3.0	0.0	0.0	0.0	0.0	0.0	0.0	2.0	1.0	1.0	0.0	0.0	2.0	0.0	2.0	1.0	4.0	0.0	0.0	0.0	0.0	1.0	0.0	1.0	0.0	0.0	0.0	5.0	4.0	0.0	0.0	1.0	0.0	0.0	1.0	1.0	0.0	1.0	1.0	0.0	0.0	9.0	0.0	0.0	4.0	0.0	1.0	1.0	0.0	0.0	1.0	0.0	0.0	0.0	0.0	0.0	4.0	0.0	2.0	3.0	2.0	2.0	4.0	0.0	2.0	0.0	1.0	1.0	0.0	1.0	0.0	0.0	0.0	0.0	2.0	0.0	2.0	11.0	1.0	1.0	0.0	0.0	0.0	17.0	4.0	0.0	0.0	0.0	0.0	0.0	0.0	0.0	0.0	4.0	1.0	0.0	2.0	0.0	3.0	0.0	0.0	2.0	0.0	0.0	1.0	0.0	0.0	0.0	4.0	2.0	0.0	0.0	0.0	5.0	0.0	0.0	4.0	0.0	0.0	0.0	0.0	2.0	0.0	2.0	0.0	0.0	5.0	0.0	1.0	4.0	2.0	0.0	0.0	5.0	3.0	1.0	2.0	2.0	0.0	2.0	0.0	1.0	0.0	0.0	2.0	1.0	1.0	3.0	4.0	0.0	3.0	1.0	1.0	0.0	0.0	0.0	0.0	0.0	7.0	2.0	0.0	4.0	0.0	1.0	1.0	0.0	0.0	3.0	3.0	6.0	3.0	0.0	2.0	2.0	0.0	0.0	4.0	0.0	0.0	0.0	3.0	3.0	0.0	0.0	0.0
8a261f382a739bbc5f9494b2c64c2744	1.0	0.0	0.0	0.0	0.0	4.0	4.0	4.0	0.0	3.0	3.0	2.0	2.0	0.0	0.0	11.0	0.0	0.0	8.0	0.0	1.0	0.0	0.0	0.0	0.0	0.0	0.0	0.0	17.0	11.0	0.0	0.0	0.0	0.0	4.0	0.0	7.0	4.0	0.0	0.0	0.0	2.0	0.0	0.0	0.0	0.0	0.0	4.0	9.0	0.0	0.0	5.0	3.0	2.0	0.0	5.0	10.0	1.0	0.0	0.0	3.0	2.0	0.0	0.0	0.0	1.0	0.0	0.0	1.0	3.0	7.0	4.0	5.0	3.0	1.0	0.0	0.0	3.0	1.0	0.0	8.0	5.0	0.0	0.0	0.0	0.0	0.0	0.0	0.0	3.0	0.0	0.0	5.0	5.0	1.0	0.0	0.0	0.0	0.0	9.0	0.0	1.0	3.0	4.0	0.0	0.0	19.0	0.0	3.0	0.0	0.0	0.0	0.0	1.0	1.0	0.0	12.0	3.0	5.0	19.0	0.0	0.0	2.0	0.0	0.0	0.0	1.0	0.0	1.0	1.0	3.0	0.0	1.0	0.0	0.0	11.0	4.0	0.0	1.0	6.0	0.0	0.0	1.0	0.0	3.0	11.0	3.0	0.0	4.0	4.0	4.0	2.0	5.0	3.0	0.0	0.0	4.0	0.0	2.0	0.0	0.0	0.0	3.0	1.0	0.0	0.0	5.0	2.0	7.0	5.0	1.0	6.0	0.0	0.0	0.0	0.0	2.0	0.0	3.0	2.0	0.0	3.0	4.0	0.0	0.0	0.0	10.0	3.0	2.0	0.0	5.0	15.0	6.0	0.0	7.0	0.0	28.0	2.0	2.0	1.0	1.0	0.0	1.0
148c7eb0139bbc1b8c87dd31464742e4	0.0	0.0	5.0	0.0	2.0	0.0	2.0	0.0	0.0	0.0	0.0	2.0	3.0	0.0	0.0	0.0	0.0	0.0	2.0	3.0	1.0	0.0	0.0	3.0	0.0	5.0	0.0	1.0	7.0	0.0	1.0	0.0	1.0	0.0	3.0	0.0	0.0	3.0	0.0	5.0	0.0	2.0	0.0	0.0	5.0	1.0	0.0	0.0	0.0	1.0	2.0	2.0	0.0	0.0	2.0	0.0	0.0	0.0	0.0	0.0	0.0	2.0	0.0	0.0	5.0	2.0	0.0	2.0	0.0	5.0	1.0	1.0	2.0	2.0	4.0	0.0	1.0	0.0	1.0	0.0	0.0	0.0	8.0	1.0	0.0	0.0	0.0	5.0	0.0	0.0	0.0	0.0	3.0	0.0	2.0	0.0	0.0	2.0	0.0	0.0	1.0	2.0	2.0	0.0	0.0	0.0	0.0	0.0	0.0	2.0	5.0	0.0	0.0	1.0	0.0	0.0	0.0	0.0	0.0	0.0	11.0	0.0	0.0	4.0	0.0	3.0	0.0	0.0	0.0	0.0	0.0	3.0	0.0	0.0	0.0	0.0	2.0	1.0	3.0	0.0	0.0	0.0	1.0	2.0	0.0	0.0	0.0	0.0	1.0	1.0	0.0	1.0	2.0	1.0	5.0	4.0	0.0	5.0	0.0	4.0	0.0	0.0	0.0	0.0	0.0	4.0	2.0	2.0	4.0	1.0	0.0	2.0	1.0	4.0	0.0	0.0	0.0	1.0	0.0	0.0	0.0	2.0	5.0	1.0	0.0	1.0	0.0	5.0	0.0	0.0	0.0	0.0	0.0	0.0	0.0	3.0	0.0	0.0	1.0	0.0	0.0	0.0	1.0
1ef782a559e3e0a4ab42516e0a2c828f	0.0	0.0	1.0	0.0	2.0	0.0	0.0	0.0	1.0	3.0	0.0	0.0	6.0	0.0	1.0	0.0	3.0	0.0	0.0	1.0	0.0	0.0	3.0	0.0	0.0	0.0	0.0	2.0	0.0	0.0	0.0	1.0	4.0	0.0	0.0	0.0	0.0	0.0	0.0	0.0	0.0	0.0	0.0	0.0	0.0	6.0	1.0	2.0	0.0	0.0	0.0	1.0	2.0	0.0	1.0	3.0	0.0	0.0	0.0	0.0	0.0	0.0	0.0	0.0	0.0	0.0	3.0	0.0	0.0	0.0	1.0	0.0	16.0	0.0	2.0	0.0	0.0	0.0	3.0	0.0	1.0	16.0	0.0	0.0	3.0	1.0	0.0	0.0	0.0	0.0	0.0	0.0	0.0	0.0	0.0	1.0	0.0	0.0	0.0	0.0	0.0	9.0	0.0	2.0	0.0	0.0	0.0	1.0	0.0	3.0	0.0	0.0	0.0	0.0	0.0	1.0	3.0	0.0	0.0	0.0	0.0	0.0	1.0	1.0	0.0	15.0	1.0	3.0	1.0	0.0	0.0	0.0	5.0	0.0	0.0	0.0	0.0	0.0	0.0	0.0	0.0	0.0	3.0	0.0	1.0	0.0	4.0	0.0	0.0	0.0	0.0	2.0	2.0	0.0	2.0	0.0	1.0	0.0	0.0	0.0	0.0	0.0	0.0	0.0	0.0	0.0	1.0	0.0	0.0	0.0	1.0	0.0	0.0	0.0	0.0	6.0	0.0	0.0	0.0	6.0	0.0	0.0	2.0	0.0	8.0	0.0	1.0	0.0	0.0	0.0	0.0	0.0	0.0	0.0	0.0	0.0	0.0	0.0	0.0	5.0	0.0	0.0	0.0
89aabf43d24dd5bd0fd0f5aca189d341	0.0	0.0	0.0	0.0	0.0	2.0	1.0	2.0	1.0	2.0	1.0	4.0	3.0	1.0	0.0	1.0	1.0	0.0	2.0	0.0	0.0	0.0	1.0	0.0	0.0	0.0	0.0	4.0	5.0	2.0	0.0	0.0	1.0	9.0	7.0	0.0	0.0	0.0	0.0	0.0	1.0	0.0	19.0	0.0	0.0	7.0	0.0	0.0	0.0	0.0	2.0	2.0	0.0	0.0	2.0	0.0	2.0	0.0	1.0	0.0	0.0	0.0	3.0	0.0	2.0	2.0	1.0	0.0	0.0	1.0	3.0	1.0	0.0	2.0	0.0	0.0	1.0	7.0	5.0	1.0	0.0	0.0	2.0	0.0	1.0	1.0	0.0	4.0	0.0	0.0	0.0	3.0	2.0	0.0	2.0	1.0	0.0	1.0	0.0	0.0	0.0	1.0	0.0	4.0	1.0	0.0	6.0	0.0	0.0	0.0	0.0	0.0	5.0	4.0	0.0	0.0	7.0	2.0	12.0	0.0	0.0	0.0	1.0	6.0	3.0	0.0	4.0	0.0	6.0	0.0	5.0	0.0	6.0	0.0	6.0	0.0	5.0	0.0	0.0	0.0	1.0	1.0	0.0	2.0	5.0	0.0	2.0	0.0	1.0	1.0	0.0	7.0	2.0	0.0	0.0	0.0	0.0	5.0	0.0	3.0	0.0	1.0	0.0	2.0	0.0	3.0	0.0	12.0	0.0	1.0	0.0	2.0	1.0	1.0	2.0	0.0	2.0	2.0	0.0	3.0	0.0	3.0	0.0	0.0	7.0	0.0	8.0	3.0	3.0	1.0	1.0	0.0	0.0	0.0	0.0	0.0	0.0	0.0	1.0	0.0	6.0	0.0	0.0
c1365ec008032ee718dcafaf5ac17adb	0.0	12.0	8.0	0.0	0.0	0.0	3.0	2.0	0.0	0.0	0.0	2.0	3.0	0.0	0.0	0.0	0.0	7.0	0.0	6.0	0.0	3.0	0.0	4.0	0.0	0.0	0.0	4.0	0.0	0.0	0.0	1.0	1.0	0.0	0.0	2.0	3.0	2.0	0.0	0.0	0.0	4.0	0.0	0.0	0.0	0.0	2.0	0.0	0.0	2.0	4.0	2.0	0.0	11.0	16.0	0.0	0.0	1.0	0.0	0.0	0.0	3.0	3.0	6.0	3.0	0.0	1.0	3.0	6.0	0.0	0.0	5.0	2.0	1.0	0.0	0.0	1.0	0.0	1.0	13.0	2.0	0.0	0.0	0.0	0.0	0.0	4.0	5.0	2.0	0.0	3.0	0.0	0.0	0.0	3.0	0.0	3.0	2.0	2.0	0.0	0.0	0.0	0.0	0.0	11.0	22.0	3.0	0.0	0.0	2.0	2.0	0.0	0.0	0.0	0.0	0.0	0.0	2.0	1.0	0.0	2.0	3.0	0.0	0.0	2.0	1.0	8.0	6.0	0.0	2.0	0.0	0.0	0.0	1.0	0.0	0.0	2.0	7.0	3.0	0.0	0.0	0.0	0.0	1.0	0.0	0.0	0.0	0.0	0.0	1.0	12.0	1.0	4.0	3.0	0.0	0.0	0.0	0.0	0.0	3.0	0.0	0.0	0.0	0.0	1.0	3.0	1.0	0.0	0.0	0.0	3.0	2.0	0.0	3.0	0.0	0.0	0.0	1.0	1.0	0.0	0.0	1.0	0.0	5.0	0.0	3.0	0.0	0.0	0.0	0.0	0.0	0.0	0.0	0.0	0.0	0.0	1.0	5.0	0.0	0.0	2.0	8.0	0.0
370829fece3190f1a8efccf50b7d0921	2.0	0.0	0.0	3.0	4.0	0.0	0.0	0.0	1.0	0.0	1.0	0.0	0.0	13.0	1.0	3.0	2.0	1.0	1.0	1.0	1.0	0.0	0.0	1.0	0.0	0.0	16.0	0.0	0.0	0.0	0.0	1.0	0.0	2.0	0.0	0.0	6.0	0.0	2.0	2.0	0.0	0.0	2.0	0.0	3.0	0.0	0.0	0.0	3.0	0.0	0.0	1.0	6.0	0.0	0.0	2.0	1.0	0.0	0.0	0.0	1.0	0.0	0.0	2.0	0.0	3.0	0.0	0.0	0.0	3.0	0.0	0.0	3.0	0.0	1.0	61.0	0.0	4.0	11.0	0.0	0.0	0.0	1.0	0.0	0.0	0.0	0.0	1.0	0.0	1.0	0.0	14.0	0.0	13.0	0.0	0.0	3.0	0.0	3.0	2.0	0.0	2.0	0.0	8.0	1.0	2.0	0.0	1.0	1.0	2.0	0.0	14.0	1.0	0.0	0.0	2.0	0.0	0.0	2.0	0.0	1.0	1.0	0.0	0.0	3.0	2.0	2.0	0.0	0.0	0.0	3.0	2.0	1.0	0.0	9.0	1.0	0.0	0.0	0.0	1.0	0.0	2.0	5.0	1.0	0.0	2.0	0.0	0.0	0.0	0.0	0.0	0.0	0.0	0.0	2.0	1.0	1.0	0.0	1.0	0.0	0.0	1.0	1.0	0.0	0.0	0.0	1.0	1.0	0.0	3.0	0.0	0.0	0.0	2.0	0.0	0.0	0.0	1.0	0.0	5.0	9.0	0.0	1.0	0.0	1.0	2.0	0.0	1.0	2.0	0.0	1.0	3.0	0.0	0.0	5.0	0.0	1.0	0.0	0.0	1.0	1.0	0.0	0.0
4c2189b6b5ced3cb80093414e9449de9	0.0	0.0	1.0	0.0	0.0	4.0	0.0	0.0	4.0	3.0	0.0	1.0	0.0	0.0	0.0	0.0	0.0	0.0	0.0	1.0	3.0	0.0	2.0	0.0	0.0	5.0	0.0	0.0	6.0	3.0	0.0	1.0	0.0	0.0	1.0	0.0	3.0	3.0	2.0	2.0	0.0	1.0	0.0	0.0	0.0	0.0	0.0	4.0	0.0	3.0	0.0	0.0	0.0	0.0	5.0	0.0	0.0	0.0	0.0	1.0	0.0	0.0	5.0	3.0	1.0	0.0	0.0	0.0	0.0	1.0	0.0	0.0	0.0	4.0	8.0	0.0	0.0	1.0	2.0	3.0	5.0	0.0	3.0	0.0	0.0	2.0	1.0	2.0	0.0	0.0	0.0	0.0	0.0	0.0	0.0	13.0	13.0	1.0	0.0	0.0	0.0	0.0	1.0	9.0	0.0	0.0	4.0	0.0	0.0	0.0	0.0	0.0	0.0	3.0	0.0	2.0	2.0	4.0	0.0	0.0	0.0	0.0	1.0	1.0	4.0	0.0	0.0	0.0	1.0	0.0	8.0	0.0	4.0	0.0	9.0	0.0	3.0	1.0	1.0	0.0	0.0	0.0	2.0	0.0	12.0	0.0	2.0	2.0	0.0	1.0	1.0	0.0	0.0	0.0	0.0	0.0	0.0	0.0	0.0	2.0	1.0	0.0	0.0	3.0	0.0	0.0	4.0	5.0	7.0	0.0	1.0	2.0	0.0	6.0	0.0	0.0	0.0	0.0	0.0	0.0	0.0	1.0	0.0	0.0	0.0	0.0	3.0	5.0	5.0	5.0	3.0	1.0	0.0	0.0	0.0	0.0	5.0	2.0	10.0	0.0	1.0	0.0	0.0
ea3433f2c148c6fae4cc2e9ae197f5b8	0.0	0.0	2.0	0.0	0.0	1.0	0.0	9.0	1.0	0.0	4.0	0.0	0.0	0.0	2.0	5.0	0.0	0.0	3.0	0.0	0.0	6.0	0.0	0.0	0.0	0.0	0.0	0.0	0.0	0.0	8.0	0.0	0.0	7.0	4.0	2.0	0.0	0.0	9.0	0.0	3.0	5.0	1.0	1.0	0.0	0.0	0.0	0.0	0.0	4.0	3.0	1.0	1.0	6.0	0.0	0.0	3.0	0.0	0.0	0.0	0.0	7.0	1.0	2.0	5.0	0.0	4.0	0.0	1.0	21.0	0.0	0.0	1.0	13.0	0.0	0.0	0.0	0.0	0.0	0.0	0.0	1.0	25.0	0.0	0.0	0.0	1.0	0.0	0.0	0.0	7.0	23.0	0.0	9.0	3.0	0.0	0.0	0.0	0.0	0.0	0.0	3.0	0.0	0.0	11.0	0.0	0.0	5.0	1.0	0.0	6.0	0.0	0.0	0.0	17.0	19.0	0.0	1.0	0.0	7.0	8.0	0.0	0.0	19.0	0.0	0.0	0.0	0.0	0.0	0.0	0.0	0.0	0.0	0.0	0.0	8.0	0.0	0.0	0.0	0.0	1.0	0.0	3.0	0.0	0.0	3.0	2.0	0.0	0.0	0.0	0.0	2.0	0.0	0.0	16.0	0.0	0.0	0.0	0.0	0.0	0.0	24.0	0.0	1.0	0.0	0.0	2.0	5.0	11.0	0.0	0.0	0.0	0.0	0.0	13.0	0.0	1.0	0.0	0.0	0.0	0.0	0.0	30.0	0.0	0.0	0.0	0.0	0.0	1.0	0.0	3.0	0.0	0.0	0.0	1.0	1.0	1.0	0.0	3.0	0.0	3.0	1.0	0.0
29ccf8b234ac00b114fb2c8e1c44f932	0.0	6.0	0.0	0.0	1.0	9.0	0.0	0.0	0.0	5.0	1.0	0.0	0.0	0.0	0.0	7.0	0.0	0.0	12.0	0.0	0.0	0.0	0.0	8.0	0.0	0.0	0.0	0.0	9.0	0.0	0.0	0.0	0.0	5.0	0.0	0.0	0.0	0.0	0.0	0.0	0.0	0.0	7.0	0.0	0.0	5.0	2.0	0.0	2.0	0.0	6.0	0.0	0.0	0.0	0.0	3.0	0.0	0.0	3.0	0.0	0.0	0.0	0.0	0.0	0.0	0.0	0.0	0.0	0.0	2.0	0.0	0.0	1.0	0.0	5.0	0.0	0.0	0.0	5.0	3.0	1.0	2.0	13.0	0.0	0.0	1.0	0.0	0.0	0.0	0.0	0.0	4.0	0.0	0.0	1.0	0.0	0.0	0.0	5.0	3.0	0.0	0.0	0.0	3.0	0.0	1.0	14.0	0.0	7.0	0.0	0.0	0.0	0.0	0.0	0.0	7.0	0.0	0.0	0.0	4.0	0.0	0.0	3.0	0.0	3.0	4.0	0.0	0.0	3.0	0.0	0.0	0.0	3.0	1.0	0.0	0.0	2.0	0.0	0.0	1.0	0.0	0.0	0.0	0.0	2.0	11.0	5.0	7.0	0.0	0.0	0.0	0.0	0.0	0.0	4.0	0.0	2.0	0.0	2.0	0.0	0.0	0.0	4.0	0.0	0.0	0.0	14.0	1.0	1.0	8.0	0.0	1.0	3.0	0.0	0.0	1.0	0.0	8.0	0.0	0.0	0.0	0.0	0.0	0.0	0.0	0.0	0.0	0.0	0.0	15.0	7.0	0.0	0.0	1.0	0.0	0.0	12.0	11.0	0.0	0.0	1.0	0.0	0.0
3e93fd55a231bb99b67a666bad8446a8	0.0	0.0	0.0	0.0	0.0	0.0	0.0	0.0	6.0	0.0	0.0	0.0	0.0	4.0	0.0	0.0	0.0	2.0	0.0	0.0	0.0	0.0	0.0	2.0	1.0	0.0	1.0	0.0	0.0	0.0	0.0	0.0	0.0	0.0	0.0	0.0	0.0	0.0	0.0	0.0	0.0	0.0	8.0	2.0	0.0	1.0	0.0	0.0	0.0	0.0	0.0	1.0	1.0	0.0	0.0	1.0	2.0	0.0	0.0	1.0	0.0	0.0	0.0	1.0	0.0	0.0	0.0	0.0	0.0	0.0	0.0	0.0	1.0	0.0	1.0	6.0	0.0	0.0	0.0	0.0	1.0	0.0	7.0	0.0	0.0	8.0	0.0	0.0	0.0	0.0	1.0	0.0	4.0	5.0	0.0	2.0	0.0	0.0	0.0	0.0	0.0	9.0	0.0	3.0	2.0	0.0	1.0	0.0	0.0	0.0	0.0	0.0	0.0	0.0	0.0	0.0	0.0	0.0	0.0	0.0	1.0	1.0	0.0	0.0	0.0	5.0	0.0	0.0	1.0	0.0	1.0	0.0	52.0	1.0	2.0	0.0	0.0	0.0	0.0	0.0	0.0	0.0	0.0	1.0	2.0	3.0	1.0	0.0	0.0	0.0	1.0	0.0	1.0	0.0	2.0	0.0	0.0	1.0	0.0	0.0	0.0	2.0	0.0	0.0	0.0	0.0	0.0	2.0	1.0	0.0	0.0	0.0	0.0	0.0	0.0	0.0	0.0	0.0	0.0	0.0	0.0	0.0	0.0	0.0	3.0	1.0	0.0	0.0	0.0	5.0	0.0	0.0	0.0	0.0	0.0	0.0	0.0	0.0	0.0	0.0	0.0	3.0	2.0
237135dc8b20f922cabee934f7d410a1	0.0	2.0	0.0	0.0	0.0	4.0	0.0	0.0	0.0	0.0	0.0	0.0	0.0	0.0	0.0	0.0	0.0	8.0	2.0	0.0	0.0	0.0	0.0	3.0	0.0	0.0	0.0	0.0	0.0	0.0	32.0	6.0	0.0	0.0	3.0	0.0	0.0	0.0	2.0	0.0	0.0	0.0	0.0	1.0	0.0	0.0	0.0	0.0	0.0	0.0	0.0	0.0	0.0	1.0	0.0	0.0	0.0	0.0	0.0	0.0	0.0	0.0	0.0	0.0	2.0	0.0	0.0	0.0	0.0	0.0	0.0	0.0	0.0	1.0	0.0	1.0	0.0	14.0	2.0	0.0	0.0	0.0	0.0	0.0	0.0	0.0	3.0	0.0	0.0	0.0	1.0	1.0	0.0	0.0	1.0	0.0	0.0	11.0	1.0	0.0	0.0	2.0	0.0	0.0	8.0	0.0	0.0	0.0	0.0	0.0	0.0	1.0	0.0	0.0	0.0	0.0	0.0	0.0	0.0	2.0	0.0	0.0	0.0	1.0	0.0	0.0	0.0	0.0	0.0	0.0	14.0	0.0	0.0	0.0	0.0	0.0	0.0	0.0	9.0	0.0	0.0	0.0	0.0	0.0	58.0	0.0	0.0	0.0	0.0	0.0	0.0	0.0	0.0	0.0	0.0	12.0	0.0	0.0	2.0	0.0	0.0	0.0	0.0	2.0	0.0	0.0	1.0	2.0	0.0	0.0	0.0	0.0	0.0	28.0	2.0	0.0	0.0	0.0	0.0	0.0	0.0	1.0	0.0	0.0	0.0	3.0	0.0	0.0	0.0	0.0	0.0	0.0	0.0	0.0	0.0	0.0	2.0	0.0	5.0	0.0	0.0	0.0	0.0
2a13ecb6c618ddf8154298c69336dd8e	1.0	3.0	1.0	1.0	1.0	1.0	0.0	2.0	0.0	4.0	1.0	0.0	0.0	0.0	2.0	0.0	0.0	0.0	10.0	0.0	0.0	0.0	0.0	0.0	0.0	0.0	0.0	0.0	0.0	5.0	0.0	0.0	0.0	0.0	0.0	0.0	0.0	0.0	0.0	2.0	0.0	0.0	7.0	0.0	0.0	0.0	0.0	6.0	0.0	0.0	0.0	0.0	1.0	1.0	0.0	0.0	3.0	0.0	0.0	0.0	0.0	0.0	0.0	0.0	0.0	0.0	0.0	0.0	0.0	3.0	0.0	0.0	0.0	0.0	6.0	9.0	0.0	0.0	0.0	0.0	0.0	0.0	0.0	0.0	4.0	1.0	0.0	0.0	1.0	0.0	0.0	0.0	0.0	0.0	0.0	0.0	0.0	0.0	2.0	4.0	0.0	0.0	0.0	2.0	0.0	1.0	0.0	1.0	0.0	2.0	0.0	0.0	0.0	0.0	1.0	0.0	2.0	3.0	2.0	0.0	0.0	0.0	0.0	3.0	0.0	0.0	0.0	0.0	1.0	0.0	10.0	1.0	0.0	0.0	3.0	0.0	4.0	0.0	0.0	0.0	0.0	1.0	4.0	0.0	10.0	18.0	1.0	2.0	0.0	0.0	0.0	4.0	0.0	0.0	1.0	0.0	0.0	0.0	0.0	0.0	0.0	0.0	0.0	0.0	0.0	2.0	0.0	2.0	8.0	0.0	1.0	0.0	0.0	0.0	0.0	5.0	0.0	13.0	4.0	0.0	18.0	0.0	0.0	0.0	0.0	0.0	8.0	1.0	5.0	4.0	0.0	0.0	0.0	1.0	0.0	3.0	0.0	0.0	0.0	0.0	7.0	0.0	0.0
1986030e3c5cd5df6d869054bc96e536	0.0	0.0	0.0	10.0	0.0	0.0	2.0	0.0	0.0	18.0	0.0	0.0	0.0	0.0	0.0	0.0	0.0	0.0	0.0	0.0	0.0	4.0	0.0	12.0	0.0	2.0	0.0	0.0	0.0	0.0	34.0	1.0	0.0	0.0	1.0	0.0	0.0	2.0	2.0	0.0	1.0	8.0	0.0	0.0	1.0	0.0	0.0	0.0	0.0	1.0	0.0	0.0	0.0	0.0	0.0	0.0	0.0	0.0	0.0	0.0	0.0	1.0	0.0	0.0	2.0	0.0	0.0	0.0	0.0	1.0	0.0	0.0	0.0	1.0	0.0	0.0	0.0	70.0	0.0	0.0	0.0	0.0	0.0	3.0	20.0	0.0	0.0	0.0	1.0	4.0	10.0	0.0	0.0	8.0	0.0	0.0	0.0	2.0	0.0	0.0	0.0	0.0	0.0	0.0	0.0	0.0	0.0	3.0	0.0	0.0	1.0	1.0	0.0	0.0	6.0	1.0	0.0	0.0	0.0	0.0	0.0	3.0	4.0	0.0	0.0	0.0	0.0	0.0	0.0	0.0	0.0	0.0	0.0	0.0	2.0	0.0	0.0	0.0	0.0	0.0	0.0	1.0	1.0	0.0	6.0	0.0	0.0	0.0	1.0	0.0	0.0	0.0	0.0	0.0	1.0	0.0	0.0	0.0	0.0	21.0	0.0	0.0	1.0	0.0	0.0	0.0	0.0	0.0	2.0	0.0	1.0	0.0	0.0	0.0	1.0	0.0	0.0	0.0	0.0	0.0	0.0	0.0	0.0	0.0	0.0	0.0	0.0	1.0	0.0	0.0	0.0	0.0	0.0	0.0	0.0	0.0	0.0	0.0	3.0	0.0	1.0	0.0	9.0
8f1c11c7b732265cbfc1bb7dbd0241e7	0.0	1.0	1.0	0.0	2.0	0.0	0.0	1.0	0.0	5.0	3.0	0.0	4.0	14.0	0.0	0.0	0.0	0.0	0.0	0.0	1.0	1.0	3.0	0.0	0.0	0.0	0.0	3.0	0.0	9.0	0.0	2.0	0.0	6.0	11.0	1.0	0.0	1.0	0.0	6.0	0.0	2.0	9.0	0.0	0.0	4.0	0.0	3.0	0.0	0.0	0.0	1.0	0.0	1.0	0.0	0.0	3.0	2.0	0.0	13.0	1.0	1.0	0.0	0.0	0.0	0.0	1.0	1.0	0.0	4.0	10.0	0.0	1.0	3.0	0.0	0.0	1.0	2.0	0.0	5.0	0.0	1.0	0.0	0.0	4.0	2.0	0.0	0.0	4.0	1.0	0.0	0.0	0.0	0.0	1.0	2.0	0.0	0.0	0.0	0.0	0.0	3.0	0.0	0.0	2.0	4.0	0.0	0.0	0.0	1.0	0.0	0.0	0.0	0.0	2.0	3.0	10.0	2.0	5.0	9.0	0.0	0.0	6.0	5.0	0.0	0.0	1.0	0.0	4.0	0.0	8.0	0.0	0.0	0.0	0.0	0.0	4.0	0.0	0.0	0.0	0.0	0.0	9.0	1.0	7.0	0.0	0.0	0.0	0.0	2.0	0.0	11.0	4.0	1.0	0.0	2.0	0.0	8.0	1.0	2.0	0.0	0.0	5.0	2.0	3.0	3.0	2.0	4.0	18.0	0.0	5.0	2.0	0.0	0.0	0.0	0.0	6.0	0.0	15.0	0.0	0.0	3.0	2.0	1.0	0.0	0.0	3.0	5.0	1.0	6.0	0.0	1.0	0.0	0.0	0.0	0.0	0.0	2.0	0.0	0.0	9.0	2.0	1.0
bad4f7c5ada34a1f813946abcfe5c556	0.0	0.0	0.0	0.0	1.0	1.0	0.0	2.0	0.0	9.0	0.0	1.0	0.0	0.0	0.0	2.0	0.0	0.0	3.0	0.0	1.0	2.0	0.0	0.0	0.0	9.0	0.0	1.0	0.0	2.0	0.0	0.0	0.0	3.0	1.0	2.0	3.0	1.0	0.0	0.0	1.0	3.0	0.0	0.0	0.0	2.0	0.0	6.0	0.0	0.0	1.0	0.0	0.0	1.0	1.0	0.0	1.0	0.0	1.0	0.0	2.0	4.0	2.0	1.0	0.0	3.0	0.0	0.0	0.0	2.0	12.0	2.0	4.0	4.0	3.0	0.0	5.0	5.0	2.0	0.0	0.0	0.0	0.0	0.0	0.0	0.0	0.0	1.0	0.0	1.0	1.0	0.0	4.0	0.0	5.0	1.0	1.0	1.0	0.0	7.0	1.0	0.0	0.0	0.0	2.0	0.0	0.0	0.0	12.0	0.0	2.0	0.0	1.0	6.0	3.0	1.0	0.0	0.0	7.0	4.0	0.0	0.0	1.0	1.0	0.0	0.0	0.0	6.0	1.0	0.0	7.0	2.0	0.0	0.0	16.0	0.0	1.0	1.0	1.0	4.0	1.0	2.0	0.0	3.0	0.0	0.0	2.0	0.0	0.0	0.0	3.0	3.0	2.0	0.0	10.0	4.0	0.0	3.0	0.0	0.0	0.0	7.0	3.0	0.0	0.0	1.0	0.0	9.0	4.0	0.0	3.0	0.0	1.0	3.0	6.0	0.0	0.0	1.0	6.0	3.0	0.0	1.0	0.0	0.0	8.0	0.0	12.0	2.0	2.0	0.0	0.0	3.0	0.0	1.0	0.0	1.0	8.0	3.0	2.0	3.0	0.0	0.0	1.0
1fa555f9a74d47a6ca7a65a347bc885f	0.0	0.0	6.0	0.0	0.0	0.0	2.0	3.0	0.0	5.0	0.0	1.0	0.0	0.0	0.0	0.0	6.0	0.0	0.0	4.0	4.0	0.0	0.0	0.0	0.0	0.0	0.0	3.0	10.0	3.0	3.0	0.0	0.0	2.0	1.0	1.0	9.0	5.0	6.0	0.0	1.0	1.0	0.0	1.0	0.0	0.0	0.0	3.0	0.0	3.0	0.0	3.0	0.0	2.0	3.0	0.0	0.0	7.0	0.0	0.0	1.0	3.0	3.0	1.0	3.0	0.0	1.0	3.0	0.0	0.0	0.0	1.0	0.0	0.0	3.0	0.0	1.0	2.0	0.0	0.0	0.0	0.0	2.0	4.0	0.0	0.0	0.0	5.0	0.0	0.0	3.0	0.0	0.0	0.0	2.0	0.0	10.0	2.0	0.0	0.0	2.0	0.0	0.0	0.0	2.0	0.0	0.0	0.0	0.0	0.0	0.0	0.0	0.0	2.0	0.0	0.0	1.0	0.0	0.0	0.0	0.0	0.0	3.0	1.0	0.0	1.0	0.0	0.0	0.0	2.0	0.0	0.0	0.0	1.0	0.0	1.0	6.0	3.0	2.0	0.0	5.0	3.0	0.0	15.0	1.0	0.0	0.0	0.0	1.0	1.0	0.0	2.0	5.0	8.0	1.0	4.0	0.0	1.0	0.0	4.0	0.0	3.0	0.0	1.0	9.0	0.0	0.0	0.0	0.0	0.0	8.0	2.0	3.0	0.0	4.0	4.0	0.0	0.0	2.0	0.0	0.0	1.0	3.0	28.0	0.0	5.0	2.0	0.0	1.0	0.0	0.0	1.0	0.0	0.0	0.0	0.0	0.0	1.0	0.0	0.0	2.0	4.0	3.0
059c8f8bb468064b134ea6d3661761ea	0.0	0.0	0.0	0.0	0.0	0.0	0.0	0.0	0.0	0.0	0.0	0.0	0.0	0.0	1.0	0.0	0.0	0.0	0.0	0.0	0.0	0.0	1.0	0.0	0.0	0.0	0.0	3.0	0.0	0.0	3.0	1.0	2.0	0.0	0.0	1.0	0.0	0.0	0.0	2.0	0.0	0.0	0.0	0.0	0.0	0.0	1.0	0.0	2.0	0.0	0.0	0.0	0.0	1.0	2.0	0.0	0.0	0.0	0.0	0.0	0.0	0.0	0.0	0.0	3.0	1.0	1.0	0.0	1.0	0.0	0.0	0.0	0.0	0.0	1.0	0.0	1.0	4.0	1.0	0.0	0.0	1.0	0.0	2.0	0.0	0.0	0.0	0.0	0.0	0.0	2.0	0.0	0.0	0.0	3.0	5.0	3.0	1.0	0.0	0.0	0.0	0.0	0.0	0.0	1.0	0.0	0.0	1.0	0.0	0.0	0.0	0.0	0.0	2.0	0.0	0.0	0.0	0.0	0.0	0.0	0.0	0.0	0.0	0.0	1.0	0.0	0.0	7.0	1.0	1.0	0.0	0.0	0.0	0.0	0.0	0.0	2.0	0.0	0.0	0.0	0.0	1.0	0.0	3.0	2.0	0.0	0.0	0.0	1.0	0.0	0.0	0.0	3.0	0.0	2.0	1.0	0.0	2.0	0.0	1.0	0.0	0.0	0.0	1.0	0.0	0.0	0.0	0.0	0.0	0.0	0.0	0.0	0.0	0.0	0.0	0.0	3.0	0.0	0.0	2.0	0.0	0.0	0.0	0.0	0.0	0.0	5.0	2.0	0.0	0.0	1.0	1.0	0.0	0.0	0.0	1.0	2.0	0.0	2.0	0.0	0.0	0.0	3.0
32c4498732e02af61d331441ceabc5f5	0.0	10.0	0.0	0.0	2.0	1.0	0.0	0.0	1.0	0.0	0.0	0.0	0.0	0.0	3.0	0.0	0.0	2.0	0.0	0.0	0.0	0.0	0.0	2.0	0.0	0.0	0.0	0.0	0.0	0.0	0.0	0.0	1.0	0.0	1.0	0.0	0.0	0.0	0.0	0.0	0.0	0.0	0.0	0.0	0.0	0.0	0.0	3.0	0.0	0.0	0.0	0.0	1.0	0.0	1.0	0.0	0.0	0.0	0.0	11.0	0.0	0.0	0.0	0.0	1.0	1.0	0.0	0.0	0.0	0.0	0.0	0.0	0.0	0.0	2.0	0.0	1.0	0.0	3.0	0.0	2.0	0.0	2.0	0.0	0.0	0.0	0.0	0.0	0.0	0.0	0.0	0.0	1.0	4.0	0.0	0.0	0.0	0.0	1.0	0.0	0.0	1.0	0.0	0.0	0.0	0.0	0.0	0.0	4.0	0.0	0.0	0.0	0.0	0.0	0.0	0.0	1.0	0.0	2.0	2.0	0.0	0.0	0.0	0.0	1.0	21.0	1.0	0.0	0.0	0.0	0.0	5.0	0.0	0.0	0.0	4.0	0.0	0.0	0.0	0.0	0.0	0.0	7.0	0.0	0.0	0.0	0.0	1.0	3.0	1.0	3.0	0.0	0.0	0.0	13.0	0.0	4.0	0.0	1.0	0.0	0.0	0.0	0.0	0.0	2.0	0.0	0.0	0.0	0.0	0.0	0.0	1.0	0.0	0.0	0.0	9.0	0.0	0.0	0.0	0.0	147.0	0.0	0.0	0.0	2.0	0.0	0.0	1.0	1.0	6.0	0.0	0.0	0.0	0.0	0.0	0.0	5.0	0.0	0.0	1.0	0.0	0.0	1.0
6a129e8ae637c96e7bb56223913911f7	0.0	0.0	3.0	0.0	0.0	0.0	0.0	0.0	0.0	0.0	0.0	0.0	0.0	0.0	0.0	1.0	0.0	0.0	2.0	0.0	5.0	0.0	0.0	0.0	0.0	0.0	0.0	0.0	0.0	0.0	0.0	1.0	12.0	3.0	0.0	0.0	0.0	1.0	3.0	0.0	0.0	3.0	0.0	5.0	0.0	3.0	0.0	0.0	0.0	0.0	0.0	0.0	1.0	2.0	0.0	0.0	0.0	0.0	0.0	0.0	3.0	1.0	0.0	0.0	6.0	0.0	2.0	0.0	0.0	1.0	9.0	0.0	0.0	0.0	0.0	0.0	1.0	0.0	0.0	5.0	0.0	0.0	0.0	1.0	0.0	0.0	0.0	0.0	0.0	0.0	2.0	0.0	1.0	0.0	3.0	0.0	0.0	4.0	0.0	0.0	0.0	0.0	3.0	0.0	0.0	0.0	1.0	0.0	0.0	0.0	0.0	0.0	0.0	0.0	0.0	0.0	0.0	0.0	0.0	0.0	1.0	0.0	0.0	0.0	0.0	0.0	0.0	2.0	1.0	0.0	0.0	0.0	0.0	0.0	0.0	0.0	1.0	0.0	0.0	0.0	0.0	0.0	0.0	2.0	0.0	0.0	0.0	0.0	1.0	0.0	2.0	2.0	0.0	0.0	1.0	0.0	0.0	0.0	0.0	0.0	0.0	0.0	0.0	0.0	0.0	0.0	0.0	0.0	0.0	0.0	0.0	0.0	3.0	0.0	1.0	1.0	0.0	1.0	0.0	0.0	0.0	0.0	5.0	0.0	0.0	2.0	0.0	0.0	3.0	0.0	0.0	0.0	0.0	0.0	0.0	0.0	0.0	2.0	6.0	0.0	0.0	0.0	0.0
86deb5cf8d6f29d383136e0d09863b69	0.0	0.0	0.0	3.0	0.0	0.0	0.0	0.0	2.0	0.0	0.0	0.0	0.0	0.0	1.0	1.0	0.0	0.0	0.0	0.0	0.0	0.0	2.0	0.0	0.0	0.0	0.0	0.0	0.0	0.0	0.0	0.0	0.0	0.0	0.0	0.0	0.0	0.0	0.0	1.0	0.0	0.0	0.0	0.0	0.0	0.0	0.0	0.0	0.0	0.0	0.0	0.0	0.0	2.0	0.0	0.0	0.0	0.0	0.0	0.0	1.0	0.0	0.0	0.0	0.0	0.0	0.0	0.0	2.0	0.0	0.0	0.0	0.0	0.0	2.0	0.0	0.0	0.0	1.0	0.0	0.0	0.0	0.0	0.0	0.0	1.0	2.0	0.0	0.0	0.0	0.0	1.0	0.0	0.0	0.0	0.0	0.0	0.0	3.0	0.0	0.0	0.0	0.0	0.0	0.0	0.0	0.0	0.0	0.0	0.0	1.0	0.0	0.0	0.0	0.0	0.0	0.0	0.0	1.0	0.0	1.0	1.0	0.0	0.0	0.0	6.0	1.0	1.0	0.0	0.0	1.0	3.0	0.0	1.0	1.0	1.0	1.0	0.0	0.0	0.0	0.0	0.0	13.0	0.0	0.0	0.0	0.0	0.0	0.0	0.0	0.0	0.0	0.0	0.0	2.0	0.0	1.0	0.0	0.0	0.0	0.0	1.0	2.0	0.0	0.0	0.0	0.0	0.0	0.0	0.0	0.0	0.0	0.0	0.0	0.0	2.0	0.0	0.0	0.0	1.0	0.0	0.0	0.0	0.0	2.0	0.0	0.0	0.0	1.0	13.0	0.0	1.0	0.0	0.0	0.0	0.0	1.0	0.0	0.0	0.0	0.0	0.0	0.0
7dfa96abfa7484bb6c9cfa90dc9b606f	0.0	1.0	0.0	0.0	0.0	1.0	1.0	8.0	1.0	2.0	2.0	0.0	1.0	0.0	1.0	4.0	0.0	0.0	0.0	0.0	0.0	0.0	0.0	0.0	1.0	0.0	0.0	0.0	0.0	7.0	0.0	1.0	0.0	2.0	0.0	0.0	0.0	0.0	1.0	0.0	0.0	0.0	1.0	3.0	2.0	0.0	1.0	0.0	0.0	0.0	4.0	0.0	0.0	0.0	0.0	0.0	0.0	0.0	1.0	0.0	0.0	1.0	8.0	0.0	3.0	0.0	0.0	0.0	1.0	0.0	0.0	5.0	2.0	6.0	0.0	0.0	2.0	0.0	0.0	0.0	0.0	0.0	0.0	0.0	0.0	0.0	0.0	0.0	1.0	0.0	1.0	0.0	7.0	0.0	0.0	0.0	2.0	0.0	0.0	3.0	0.0	1.0	0.0	0.0	0.0	2.0	1.0	1.0	0.0	0.0	1.0	0.0	0.0	3.0	0.0	0.0	0.0	0.0	0.0	0.0	0.0	2.0	3.0	1.0	0.0	1.0	0.0	0.0	0.0	0.0	0.0	1.0	4.0	0.0	0.0	3.0	5.0	0.0	0.0	0.0	2.0	3.0	0.0	0.0	1.0	5.0	0.0	0.0	1.0	0.0	2.0	2.0	1.0	7.0	0.0	0.0	0.0	0.0	0.0	0.0	0.0	13.0	0.0	0.0	2.0	1.0	0.0	1.0	0.0	0.0	3.0	0.0	1.0	0.0	3.0	0.0	3.0	0.0	0.0	0.0	0.0	0.0	0.0	3.0	2.0	1.0	1.0	1.0	3.0	1.0	0.0	0.0	4.0	0.0	0.0	0.0	0.0	0.0	0.0	1.0	0.0	0.0	0.0
3f1ed51e954b35a8108c12dd882b696b	0.0	0.0	0.0	2.0	6.0	0.0	1.0	2.0	1.0	0.0	1.0	0.0	0.0	0.0	0.0	1.0	0.0	1.0	0.0	0.0	0.0	0.0	1.0	2.0	0.0	0.0	0.0	0.0	0.0	4.0	0.0	0.0	2.0	10.0	1.0	0.0	3.0	0.0	0.0	0.0	0.0	0.0	0.0	0.0	0.0	2.0	1.0	0.0	0.0	0.0	0.0	0.0	2.0	1.0	2.0	0.0	0.0	0.0	0.0	1.0	0.0	0.0	2.0	0.0	0.0	1.0	0.0	1.0	2.0	0.0	0.0	0.0	1.0	0.0	2.0	0.0	0.0	0.0	2.0	0.0	0.0	2.0	0.0	0.0	0.0	0.0	0.0	1.0	3.0	0.0	0.0	0.0	8.0	0.0	0.0	0.0	0.0	0.0	0.0	0.0	0.0	1.0	0.0	0.0	0.0	0.0	4.0	0.0	2.0	0.0	0.0	0.0	0.0	0.0	0.0	0.0	5.0	3.0	0.0	2.0	0.0	0.0	0.0	2.0	0.0	5.0	2.0	0.0	3.0	0.0	0.0	0.0	1.0	2.0	0.0	0.0	0.0	0.0	0.0	0.0	0.0	0.0	0.0	1.0	3.0	0.0	1.0	0.0	0.0	2.0	0.0	0.0	0.0	2.0	0.0	0.0	0.0	0.0	0.0	0.0	1.0	0.0	1.0	0.0	0.0	0.0	3.0	1.0	1.0	0.0	0.0	0.0	0.0	2.0	0.0	0.0	4.0	0.0	3.0	0.0	6.0	0.0	0.0	0.0	8.0	0.0	2.0	0.0	3.0	2.0	0.0	0.0	0.0	0.0	0.0	0.0	3.0	0.0	0.0	0.0	0.0	1.0	0.0
9f4d14b114e7499772a797790d81c1db	0.0	0.0	0.0	0.0	0.0	0.0	0.0	1.0	0.0	0.0	2.0	1.0	0.0	0.0	0.0	0.0	1.0	2.0	0.0	0.0	0.0	2.0	1.0	0.0	0.0	4.0	0.0	0.0	0.0	4.0	0.0	2.0	1.0	0.0	1.0	1.0	0.0	0.0	0.0	0.0	1.0	1.0	0.0	0.0	0.0	3.0	2.0	0.0	0.0	0.0	0.0	0.0	1.0	1.0	0.0	0.0	0.0	0.0	1.0	0.0	2.0	1.0	8.0	0.0	2.0	0.0	0.0	0.0	2.0	2.0	1.0	0.0	0.0	1.0	1.0	0.0	1.0	0.0	3.0	0.0	0.0	0.0	0.0	0.0	0.0	0.0	1.0	3.0	1.0	2.0	0.0	0.0	0.0	0.0	2.0	0.0	4.0	0.0	1.0	0.0	0.0	0.0	0.0	2.0	0.0	0.0	0.0	0.0	0.0	0.0	1.0	0.0	2.0	0.0	1.0	1.0	0.0	0.0	3.0	3.0	0.0	0.0	3.0	0.0	0.0	0.0	1.0	0.0	0.0	0.0	0.0	0.0	0.0	0.0	0.0	0.0	4.0	1.0	0.0	0.0	0.0	0.0	0.0	1.0	0.0	0.0	0.0	0.0	0.0	0.0	1.0	4.0	1.0	2.0	0.0	0.0	0.0	2.0	0.0	0.0	0.0	6.0	0.0	0.0	0.0	2.0	0.0	4.0	0.0	0.0	0.0	3.0	0.0	0.0	5.0	0.0	0.0	0.0	0.0	0.0	0.0	3.0	3.0	0.0	0.0	1.0	4.0	1.0	1.0	0.0	0.0	0.0	0.0	0.0	0.0	2.0	0.0	0.0	0.0	1.0	2.0	0.0	1.0
180b74e94caf35fac5e1f0f4b7ad9d9f	0.0	4.0	5.0	0.0	0.0	4.0	0.0	2.0	0.0	2.0	0.0	7.0	0.0	0.0	0.0	0.0	0.0	0.0	0.0	0.0	0.0	0.0	0.0	0.0	2.0	0.0	0.0	1.0	0.0	4.0	0.0	3.0	1.0	0.0	1.0	2.0	0.0	1.0	0.0	0.0	2.0	0.0	0.0	0.0	1.0	5.0	5.0	1.0	0.0	3.0	0.0	3.0	0.0	0.0	0.0	0.0	0.0	0.0	0.0	0.0	0.0	3.0	0.0	1.0	1.0	0.0	0.0	3.0	1.0	3.0	0.0	3.0	2.0	0.0	0.0	3.0	1.0	0.0	0.0	0.0	0.0	7.0	0.0	7.0	0.0	0.0	1.0	1.0	1.0	0.0	1.0	0.0	0.0	0.0	0.0	0.0	0.0	2.0	0.0	1.0	2.0	0.0	0.0	0.0	6.0	2.0	0.0	1.0	0.0	0.0	0.0	0.0	0.0	0.0	1.0	0.0	0.0	2.0	0.0	0.0	1.0	1.0	1.0	0.0	1.0	0.0	2.0	0.0	0.0	0.0	0.0	0.0	0.0	2.0	0.0	0.0	1.0	1.0	2.0	0.0	0.0	0.0	0.0	0.0	0.0	1.0	4.0	1.0	3.0	2.0	2.0	3.0	0.0	4.0	0.0	0.0	0.0	0.0	0.0	2.0	0.0	3.0	0.0	3.0	2.0	0.0	0.0	0.0	0.0	0.0	0.0	1.0	1.0	4.0	0.0	0.0	0.0	0.0	0.0	0.0	0.0	2.0	0.0	0.0	0.0	2.0	2.0	0.0	0.0	0.0	0.0	0.0	0.0	0.0	0.0	1.0	0.0	1.0	1.0	1.0	0.0	1.0	3.0
d315a0b30c8e21db4cfe89e65c0b2bf1	2.0	0.0	0.0	0.0	1.0	0.0	0.0	0.0	5.0	3.0	0.0	0.0	0.0	2.0	1.0	1.0	2.0	0.0	1.0	0.0	0.0	0.0	0.0	0.0	0.0	0.0	0.0	0.0	4.0	0.0	0.0	0.0	0.0	1.0	0.0	0.0	0.0	0.0	2.0	0.0	0.0	0.0	0.0	0.0	1.0	0.0	0.0	0.0	0.0	0.0	0.0	0.0	3.0	1.0	2.0	0.0	0.0	0.0	0.0	2.0	0.0	0.0	0.0	3.0	0.0	0.0	3.0	0.0	0.0	0.0	0.0	1.0	0.0	0.0	2.0	0.0	0.0	0.0	0.0	0.0	1.0	0.0	1.0	0.0	0.0	0.0	0.0	0.0	0.0	0.0	0.0	3.0	0.0	0.0	0.0	0.0	0.0	0.0	0.0	0.0	0.0	4.0	0.0	1.0	0.0	0.0	0.0	2.0	1.0	0.0	0.0	0.0	0.0	0.0	0.0	0.0	0.0	0.0	0.0	6.0	0.0	0.0	0.0	6.0	0.0	3.0	4.0	0.0	1.0	0.0	0.0	0.0	1.0	0.0	0.0	0.0	0.0	0.0	0.0	2.0	0.0	0.0	0.0	0.0	2.0	0.0	0.0	0.0	2.0	0.0	0.0	0.0	0.0	1.0	0.0	0.0	0.0	0.0	0.0	0.0	0.0	0.0	0.0	0.0	0.0	0.0	0.0	0.0	2.0	0.0	0.0	0.0	0.0	0.0	0.0	0.0	1.0	0.0	0.0	0.0	0.0	0.0	0.0	0.0	1.0	1.0	4.0	0.0	0.0	0.0	0.0	3.0	0.0	0.0	0.0	0.0	0.0	0.0	0.0	0.0	0.0	5.0	1.0
4b548f1f6fc22f32237396b7d4ffee6e	0.0	2.0	0.0	0.0	2.0	5.0	0.0	0.0	3.0	0.0	0.0	0.0	0.0	0.0	0.0	0.0	0.0	0.0	0.0	0.0	0.0	0.0	0.0	0.0	0.0	0.0	4.0	0.0	0.0	2.0	0.0	0.0	0.0	0.0	0.0	0.0	0.0	3.0	0.0	0.0	0.0	1.0	1.0	1.0	0.0	0.0	0.0	0.0	0.0	0.0	4.0	1.0	2.0	2.0	3.0	1.0	2.0	0.0	0.0	1.0	1.0	0.0	1.0	0.0	0.0	0.0	2.0	0.0	0.0	3.0	0.0	1.0	0.0	1.0	0.0	0.0	0.0	0.0	0.0	0.0	0.0	3.0	0.0	0.0	0.0	4.0	0.0	0.0	0.0	0.0	0.0	0.0	2.0	0.0	0.0	0.0	0.0	0.0	0.0	4.0	0.0	0.0	0.0	0.0	0.0	3.0	0.0	0.0	0.0	1.0	0.0	0.0	0.0	0.0	0.0	0.0	0.0	0.0	0.0	0.0	0.0	1.0	0.0	0.0	0.0	1.0	2.0	0.0	0.0	2.0	1.0	0.0	0.0	2.0	0.0	0.0	0.0	0.0	0.0	0.0	0.0	0.0	4.0	0.0	0.0	0.0	0.0	0.0	1.0	3.0	0.0	0.0	0.0	0.0	0.0	0.0	1.0	0.0	0.0	0.0	0.0	1.0	0.0	0.0	0.0	0.0	0.0	0.0	0.0	0.0	0.0	0.0	0.0	0.0	0.0	0.0	0.0	0.0	0.0	0.0	0.0	0.0	0.0	0.0	0.0	0.0	0.0	0.0	0.0	0.0	0.0	0.0	0.0	0.0	0.0	0.0	0.0	0.0	1.0	0.0	0.0	2.0	1.0
904ad13c7b8512200836d5cd9fb09e1b	2.0	0.0	3.0	0.0	0.0	1.0	3.0	2.0	0.0	0.0	0.0	0.0	3.0	4.0	0.0	0.0	0.0	0.0	0.0	0.0	2.0	0.0	1.0	0.0	0.0	0.0	0.0	43.0	0.0	1.0	0.0	2.0	0.0	0.0	0.0	0.0	4.0	1.0	0.0	0.0	4.0	0.0	0.0	0.0	4.0	0.0	1.0	0.0	0.0	0.0	0.0	0.0	0.0	0.0	0.0	0.0	0.0	2.0	2.0	0.0	0.0	0.0	0.0	0.0	0.0	6.0	0.0	0.0	0.0	2.0	0.0	5.0	0.0	0.0	0.0	0.0	0.0	0.0	0.0	0.0	0.0	4.0	0.0	0.0	0.0	0.0	0.0	0.0	0.0	0.0	3.0	0.0	6.0	0.0	0.0	0.0	0.0	0.0	0.0	0.0	0.0	0.0	0.0	0.0	1.0	13.0	1.0	0.0	1.0	0.0	0.0	0.0	1.0	0.0	0.0	0.0	0.0	0.0	0.0	0.0	0.0	0.0	0.0	0.0	15.0	0.0	1.0	0.0	1.0	0.0	1.0	0.0	0.0	0.0	0.0	0.0	2.0	0.0	1.0	0.0	0.0	1.0	1.0	0.0	0.0	0.0	7.0	0.0	1.0	0.0	0.0	0.0	0.0	2.0	0.0	0.0	0.0	0.0	3.0	2.0	0.0	8.0	0.0	0.0	0.0	3.0	0.0	2.0	0.0	0.0	0.0	1.0	1.0	1.0	1.0	0.0	1.0	2.0	0.0	0.0	0.0	0.0	0.0	2.0	0.0	0.0	1.0	0.0	0.0	0.0	0.0	0.0	0.0	0.0	0.0	0.0	0.0	0.0	1.0	0.0	0.0	1.0	0.0
0f92fcc184a951ff8b0914467ad2f8f9	0.0	1.0	0.0	0.0	0.0	0.0	0.0	0.0	1.0	0.0	0.0	0.0	1.0	0.0	0.0	1.0	0.0	0.0	0.0	0.0	0.0	0.0	2.0	1.0	0.0	0.0	0.0	0.0	0.0	0.0	0.0	0.0	0.0	0.0	3.0	0.0	0.0	0.0	0.0	0.0	0.0	0.0	0.0	0.0	0.0	0.0	0.0	0.0	1.0	0.0	0.0	0.0	0.0	0.0	0.0	0.0	0.0	0.0	0.0	0.0	0.0	0.0	0.0	0.0	1.0	1.0	0.0	0.0	0.0	0.0	0.0	1.0	0.0	0.0	0.0	0.0	2.0	0.0	3.0	0.0	0.0	0.0	0.0	0.0	0.0	0.0	0.0	0.0	0.0	0.0	0.0	0.0	0.0	0.0	2.0	3.0	0.0	0.0	0.0	0.0	0.0	5.0	1.0	0.0	0.0	0.0	0.0	0.0	0.0	1.0	0.0	0.0	0.0	0.0	0.0	0.0	0.0	0.0	0.0	0.0	0.0	0.0	0.0	0.0	0.0	2.0	0.0	0.0	0.0	0.0	0.0	0.0	0.0	0.0	0.0	0.0	1.0	0.0	0.0	0.0	0.0	0.0	0.0	0.0	0.0	1.0	0.0	0.0	0.0	0.0	0.0	3.0	0.0	0.0	2.0	0.0	0.0	1.0	0.0	0.0	0.0	0.0	1.0	0.0	0.0	0.0	0.0	0.0	0.0	0.0	0.0	0.0	0.0	1.0	0.0	0.0	0.0	1.0	0.0	5.0	0.0	0.0	0.0	0.0	0.0	0.0	1.0	0.0	0.0	0.0	0.0	1.0	0.0	0.0	0.0	1.0	0.0	0.0	0.0	0.0	0.0	0.0	0.0
74923f4bbde849e27fc4eda25d757e2a	0.0	0.0	0.0	7.0	0.0	0.0	0.0	0.0	0.0	0.0	0.0	0.0	0.0	0.0	0.0	0.0	0.0	0.0	1.0	0.0	0.0	0.0	0.0	0.0	0.0	0.0	0.0	0.0	0.0	0.0	0.0	0.0	0.0	2.0	0.0	0.0	0.0	0.0	0.0	0.0	0.0	0.0	0.0	0.0	0.0	0.0	1.0	0.0	0.0	0.0	0.0	0.0	0.0	0.0	0.0	0.0	0.0	0.0	0.0	0.0	0.0	0.0	0.0	0.0	0.0	0.0	0.0	0.0	1.0	0.0	0.0	0.0	0.0	0.0	0.0	16.0	0.0	0.0	0.0	0.0	0.0	0.0	4.0	0.0	0.0	0.0	0.0	0.0	0.0	0.0	0.0	8.0	0.0	3.0	0.0	0.0	0.0	0.0	1.0	0.0	0.0	0.0	0.0	2.0	0.0	0.0	0.0	0.0	0.0	0.0	0.0	0.0	0.0	0.0	0.0	0.0	1.0	0.0	0.0	0.0	0.0	0.0	1.0	0.0	0.0	0.0	0.0	0.0	0.0	0.0	0.0	2.0	0.0	0.0	4.0	0.0	0.0	1.0	0.0	0.0	0.0	0.0	0.0	0.0	0.0	1.0	0.0	0.0	0.0	0.0	0.0	0.0	0.0	0.0	0.0	0.0	0.0	0.0	0.0	0.0	0.0	1.0	0.0	0.0	0.0	0.0	0.0	0.0	0.0	0.0	0.0	0.0	0.0	0.0	0.0	0.0	0.0	0.0	0.0	0.0	2.0	0.0	0.0	0.0	6.0	0.0	0.0	0.0	1.0	0.0	0.0	0.0	0.0	0.0	0.0	0.0	2.0	0.0	0.0	0.0	0.0	0.0	0.0
a6099802840e60febef8e896967b7747	1.0	0.0	0.0	0.0	0.0	1.0	2.0	0.0	0.0	0.0	0.0	0.0	0.0	0.0	1.0	0.0	0.0	0.0	0.0	0.0	0.0	0.0	1.0	0.0	0.0	0.0	0.0	0.0	0.0	1.0	0.0	0.0	0.0	1.0	0.0	0.0	0.0	0.0	0.0	1.0	0.0	0.0	0.0	0.0	2.0	0.0	1.0	3.0	0.0	0.0	0.0	0.0	0.0	0.0	1.0	0.0	3.0	0.0	0.0	0.0	0.0	1.0	0.0	1.0	0.0	0.0	0.0	0.0	0.0	0.0	1.0	1.0	0.0	0.0	0.0	0.0	0.0	0.0	0.0	0.0	0.0	0.0	0.0	0.0	0.0	0.0	0.0	0.0	0.0	0.0	0.0	0.0	0.0	0.0	0.0	0.0	1.0	0.0	0.0	0.0	0.0	0.0	0.0	0.0	0.0	0.0	2.0	0.0	0.0	0.0	0.0	0.0	3.0	0.0	0.0	0.0	1.0	0.0	1.0	1.0	0.0	0.0	0.0	0.0	3.0	0.0	0.0	0.0	0.0	0.0	0.0	0.0	0.0	0.0	0.0	0.0	2.0	0.0	0.0	1.0	0.0	0.0	0.0	0.0	0.0	0.0	1.0	1.0	0.0	0.0	0.0	3.0	0.0	0.0	1.0	0.0	0.0	0.0	1.0	1.0	0.0	0.0	0.0	1.0	0.0	0.0	2.0	0.0	0.0	1.0	0.0	1.0	0.0	2.0	1.0	0.0	0.0	1.0	0.0	0.0	0.0	0.0	1.0	0.0	0.0	0.0	0.0	0.0	0.0	1.0	0.0	0.0	4.0	0.0	0.0	0.0	1.0	0.0	0.0	1.0	2.0	0.0	0.0
