OTU_ID	udca.trial.13P4HH23R2YXT	udca.trial.147XO4IC88HFR	udca.trial.14L5NW46C6QHX	udca.trial.184O8XF8DWBCZ	udca.trial.18P5NRF7EUMYF	udca.trial.1AO4OSR3DHOHW	udca.trial.1BWT97F1DLBHG	udca.trial.1D47XG5SHJ1A7	udca.trial.1F1JIB1IQ5ZB8	udca.trial.1FW65OVPOJAEJ	udca.trial.1I8EPCQPCVOQU	udca.trial.1IDYDDNU4BUFY	udca.trial.1JKGGZBT8JC30	udca.trial.1MOKLG12AEIJE	udca.trial.1N89SVZ0BPPS	udca.trial.1QP0CBXXME7C7	udca.trial.1SDNZ37NBAMD5	udca.trial.1TFKI5YJ9JA7G	udca.trial.1UMFRQ9CW68F	udca.trial.1W0JRCFV8K7KT	udca.trial.1WDT9YYYY9KDN	udca.trial.1WJZ2MTC0F7G5	udca.trial.1X2GAF6R6SVF4	udca.trial.1XQH68HB4MP37	udca.trial.1Y98U10A013UH	udca.trial.20HBS2NGGSIQR	udca.trial.229E4WRLN01UZ	udca.trial.22MQDHS0644G	udca.trial.232B194SFTG44	udca.trial.24EYXIN4M6KTO	udca.trial.24V11L3FIHKCE	udca.trial.25KWFCB51FOU0	udca.trial.268XB5LOZ9II3	udca.trial.26DE4S2MPNYBH	udca.trial.27SZDDYBI73QA	udca.trial.29VT3ETWWJ3PR	udca.trial.2AWB3GCX81B39	udca.trial.2BTDLEXX8FOSF	udca.trial.2CMNP9028OXDB	udca.trial.2ESLPCKJFBANR	udca.trial.2FM4QBUYIU6AA	udca.trial.2HTLJQKWOW3T6	udca.trial.2IKZMRSMI9XTV	udca.trial.2KT43OD2KSGGT	udca.trial.2MIDV2K0KECV5	udca.trial.2ONCJ1IB8VEGG	udca.trial.2PP92497742AR	udca.trial.2Q2IKQSAWTF3L	udca.trial.2S9ZE5I92VCMH	udca.trial.2T0RCJSQLJP9S	udca.trial.2W08DMNMVOY6R	udca.trial.2WFMU79FVJCLF	udca.trial.2WNN4T0YITAHG	udca.trial.2YFPHN53P0TLO	udca.trial.305MWJ6JL3B42	udca.trial.3111YBBDVHLAS	udca.trial.32CBBJLUF49JJ	udca.trial.33RWK5HJ7NEYC	udca.trial.3474QYPX66BMZ	udca.trial.34VY16B4G14EH	udca.trial.34YP3RB20VNDP	udca.trial.35R6T72JP3WV6	udca.trial.3AM9O3C62C6Z0	udca.trial.3CJL8Y7WAZ501	udca.trial.3D9R2PL5IY09Y	udca.trial.3IAEDMVHHF5NY	udca.trial.3O9IPJYP3157X	udca.trial.3OKA2QQ5B5M36	udca.trial.3P4XRC3JDFFEN	udca.trial.3PCY1XV20PDAO	udca.trial.3QJQLJOKTXLQ1	udca.trial.3SLJ0118SYZKG	udca.trial.3SUL9ORL9CF5	udca.trial.3SX2RM3CD4FJ4	udca.trial.3V55PNQITVUFE	udca.trial.3XF7BW2ZJGT7H	udca.trial.3XWMG4TWGR5GC	udca.trial.3Y2AFJ31XNLA	udca.trial.3Y4MQQLF413CD	udca.trial.3YI56ICSX036U	udca.trial.3YUSKHYOBZYMA	udca.trial.3Z4IM5774TTCH	udca.trial.4028RLMP1OS5P	udca.trial.41BHXSALQQSRZ	udca.trial.41NCXDLTTPP40	udca.trial.41QWECWEQL76N	udca.trial.45DS6M4MNUSEB	udca.trial.46V369HBLXUNA	udca.trial.475UJG8RU2BIJ	udca.trial.48ECU3JASUGS2	udca.trial.48V5TPCZFFBNJ	udca.trial.4BS687DHTQSDL	udca.trial.4CO5VRIAT3G71	udca.trial.4DS8VN95N89DU	udca.trial.4EDH60MIEGGC1	udca.trial.4H6TXAKB875X6	udca.trial.4JCEPWFU7DOVV	udca.trial.4JSFB3YVHXKNX	udca.trial.4N9SY7789I3X5	udca.trial.4NBXW59XJN5IZ	udca.trial.4NHT8SYQWS1T6	udca.trial.4PCMO82TNU3WM	udca.trial.4QQTDSQMTMSUM	udca.trial.4SBHKO0HN9VG7	udca.trial.4SG4O1UUEZSZM	udca.trial.4THC7NXCBXS0	udca.trial.4U2XSV7EIRX71	udca.trial.4WZ1MQ54XD5RE	udca.trial.4XIFF5LC3H1W2	udca.trial.4Y18LT1KKMKE0	udca.trial.4YJPTLEZR08CZ	udca.trial.4Z9VNCS8YZ3MW	udca.trial.4ZL956GXHT1VJ	udca.trial.4ZRLZLSAF2W94	udca.trial.506IYERJUSCKE	udca.trial.507MKTBBPMS16	udca.trial.512K4TTMFW44I	udca.trial.52Z9L1S4DTKS5	udca.trial.59A8WK6K2EGO5	udca.trial.5BGFTSZBCAH08	udca.trial.5CP4E7N9CE3ZS	udca.trial.5CPQIUKHN3LD6	udca.trial.5DJB2OS6CDKQD	udca.trial.5DXMOUXSB699B	udca.trial.5F0KJH7LOPJ8O	udca.trial.5FDU23QPEEW1I	udca.trial.5FTUNB9QOYRTK	udca.trial.5GGH03CF0250U	udca.trial.5KUX555RS11Z8	udca.trial.5L0SHSUL55Y9F	udca.trial.5L8SSEM3SFW5G	udca.trial.5NMFEH6F0NGQU	udca.trial.5NR0Z03I6MAJL	udca.trial.5SLCYCZQTKPAO	udca.trial.5SUFCIDRPXYWT	udca.trial.5SVTVJLNCOFDM	udca.trial.5SXYTHOCMTGZG	udca.trial.5T5Z43FVA3EVH	udca.trial.5UQ16BSHT103O	udca.trial.5UQNAYPQ3QHH2	udca.trial.5W22XYDLOONFU	udca.trial.5WLGQDTSUSJKI	udca.trial.5Z6T720319B9M	udca.trial.614F7X1CYX02Y	udca.trial.62OHA5DZHULB5	udca.trial.67TQ5LLEMAKHW	udca.trial.6ACKGU01B6G9F	udca.trial.6C3J79KEMJJWV	udca.trial.6CQXYFXQ9NW7K	udca.trial.6DVLK3OJSR313	udca.trial.6DY3PJG7ABYYO	udca.trial.6E6EG5D9MMNN0	udca.trial.6FAFX66UV0D35	udca.trial.6G32DIEHYT0JZ	udca.trial.6GWYLZDV9RQI9	udca.trial.6KEL67UI4LWT4	udca.trial.6L1ZXE7TRQ93T	udca.trial.6LA07ZZCF06ZU	udca.trial.6LF9G0QXHFLWN	udca.trial.6MZBI93K0D74U	udca.trial.6N7XXHSAYCME9	udca.trial.6OIL635J79T9M	udca.trial.6PY6EP17ZSYOF	udca.trial.6QBFXBKBPIBH9	udca.trial.6T7SOBQC7D739	udca.trial.6TL26Y9FX2JW3	udca.trial.6TOFE66LSMK8P	udca.trial.6UBU5CJXFQWJE	udca.trial.6WHS5G4EMD9TU	udca.trial.6YCLKV8HDFBXA	udca.trial.6ZDVZB250YIE7	udca.trial.7076354A17QZ3	udca.trial.713HPKBWBC9BI	udca.trial.741G1D6SB1SPE	udca.trial.778B8EVYXRI50	udca.trial.77UG3FC3OPX8W	udca.trial.7ANSUP9WIGMU1	udca.trial.7BJU14BZ3KEE5	udca.trial.7HUTCMQES5AA5	udca.trial.7IA7T7C7RZOOT	udca.trial.7PHUFRPYCDTIB	udca.trial.7QLVWSJJKRIYG	udca.trial.83GTC1ZRC0IL	udca.trial.8JHEJL11VWAN	udca.trial.AEATYP3SXYE3	udca.trial.BFVOEOB5HVNB	udca.trial.BQCLLA7OLLQ9	udca.trial.BYCW71QBVJMA	udca.trial.C13YS1NWQ2LI	udca.trial.C5R25W0OG04X	udca.trial.D4JB5Y0UEAO9	udca.trial.EZYV7ZBW5U53	udca.trial.F5838QWYL91W	udca.trial.NNO85VAT82GS	udca.trial.OZPZSGEOVPSY	udca.trial.P8CF155MV52D	udca.trial.PR42TO4I9JTN	udca.trial.Q3RGT9ZX9F93	udca.trial.SPYZ9LSHPBD8	udca.trial.TAMNUZ6JZ4OP	udca.trial.V627X0HLQO5J	udca.trial.VGV3YP7FM8RG	udca.trial.VWVP688Q64JI
8937656c16c20701c107e715bad86732	32.0	79.0	91.0	91.0	0.0	21.0	21.0	0.0	0.0	0.0	44.0	11.0	0.0	4.0	6.0	0.0	32.0	62.0	103.0	38.0	90.0	11.0	75.0	16.0	0.0	25.0	49.0	36.0	0.0	0.0	49.0	42.0	0.0	91.0	0.0	38.0	0.0	31.0	15.0	25.0	79.0	27.0	0.0	44.0	0.0	0.0	22.0	0.0	85.0	0.0	112.0	0.0	0.0	91.0	0.0	93.0	16.0	36.0	188.0	0.0	94.0	162.0	83.0	0.0	6.0	7.0	4.0	37.0	57.0	116.0	35.0	9.0	10.0	47.0	15.0	81.0	0.0	0.0	7.0	44.0	0.0	23.0	0.0	27.0	0.0	45.0	49.0	268.0	30.0	3.0	159.0	134.0	19.0	0.0	0.0	0.0	38.0	158.0	23.0	91.0	20.0	7.0	8.0	32.0	0.0	88.0	0.0	259.0	41.0	13.0	0.0	29.0	0.0	0.0	17.0	106.0	15.0	0.0	46.0	23.0	148.0	11.0	46.0	2.0	133.0	27.0	19.0	204.0	23.0	34.0	9.0	27.0	15.0	135.0	3.0	10.0	17.0	0.0	151.0	308.0	24.0	0.0	6.0	26.0	0.0	10.0	30.0	97.0	56.0	14.0	9.0	13.0	88.0	4.0	33.0	11.0	16.0	101.0	18.0	193.0	157.0	237.0	19.0	96.0	15.0	10.0	70.0	43.0	10.0	8.0	41.0	0.0	23.0	0.0	57.0	35.0	0.0	28.0	8.0	21.0	13.0	6.0	9.0	32.0	16.0	102.0	8.0	135.0	17.0	134.0	0.0	145.0	12.0	26.0	80.0	4.0	9.0	2.0	54.0	65.0	31.0	28.0	11.0
ac5402de1ddf427ab8d2b0a8a0a44f19	0.0	48.0	132.0	141.0	31.0	1.0	207.0	8.0	0.0	1.0	66.0	37.0	15.0	91.0	0.0	43.0	0.0	88.0	0.0	85.0	152.0	78.0	45.0	49.0	344.0	34.0	0.0	322.0	0.0	282.0	0.0	267.0	81.0	0.0	0.0	0.0	34.0	22.0	222.0	96.0	0.0	212.0	109.0	230.0	0.0	37.0	80.0	0.0	29.0	0.0	0.0	0.0	28.0	0.0	0.0	10.0	31.0	237.0	10.0	59.0	16.0	37.0	36.0	12.0	0.0	23.0	121.0	133.0	103.0	0.0	25.0	8.0	0.0	60.0	8.0	0.0	17.0	0.0	110.0	16.0	0.0	45.0	61.0	0.0	11.0	0.0	153.0	46.0	117.0	25.0	0.0	4.0	45.0	9.0	0.0	1.0	99.0	0.0	28.0	0.0	18.0	0.0	0.0	78.0	37.0	7.0	262.0	0.0	104.0	0.0	1.0	88.0	54.0	0.0	358.0	0.0	50.0	0.0	34.0	24.0	47.0	39.0	0.0	39.0	7.0	0.0	159.0	0.0	119.0	37.0	139.0	37.0	61.0	149.0	97.0	0.0	174.0	0.0	0.0	45.0	88.0	37.0	0.0	22.0	0.0	0.0	4.0	0.0	3.0	0.0	0.0	14.0	94.0	0.0	98.0	48.0	79.0	0.0	0.0	0.0	0.0	62.0	0.0	0.0	44.0	75.0	72.0	1.0	0.0	54.0	98.0	0.0	0.0	182.0	40.0	29.0	181.0	8.0	55.0	36.0	0.0	73.0	108.0	201.0	75.0	14.0	16.0	118.0	26.0	11.0	38.0	25.0	50.0	7.0	97.0	97.0	12.0	0.0	48.0	0.0	0.0	127.0	38.0
ea2b0e4a93c24c6c3661cbe347f93b74	0.0	140.0	34.0	0.0	13.0	125.0	0.0	1.0	0.0	0.0	36.0	124.0	55.0	19.0	184.0	27.0	22.0	0.0	58.0	106.0	0.0	100.0	63.0	7.0	69.0	9.0	0.0	0.0	43.0	30.0	0.0	15.0	182.0	2.0	0.0	56.0	0.0	67.0	45.0	58.0	0.0	42.0	57.0	25.0	52.0	7.0	54.0	0.0	0.0	0.0	0.0	0.0	0.0	103.0	0.0	17.0	11.0	89.0	52.0	104.0	1.0	21.0	28.0	1.0	63.0	13.0	87.0	0.0	39.0	0.0	93.0	1.0	195.0	64.0	54.0	23.0	43.0	0.0	43.0	81.0	181.0	11.0	19.0	246.0	17.0	2.0	81.0	22.0	62.0	12.0	77.0	2.0	0.0	28.0	63.0	49.0	57.0	50.0	73.0	0.0	88.0	28.0	0.0	38.0	16.0	7.0	52.0	0.0	0.0	21.0	2.0	7.0	41.0	0.0	11.0	0.0	46.0	49.0	37.0	71.0	33.0	0.0	20.0	9.0	1.0	0.0	0.0	0.0	0.0	38.0	56.0	15.0	125.0	23.0	21.0	93.0	68.0	6.0	9.0	22.0	34.0	74.0	209.0	11.0	0.0	6.0	0.0	32.0	2.0	68.0	139.0	2.0	24.0	114.0	0.0	23.0	13.0	0.0	0.0	0.0	21.0	42.0	138.0	238.0	70.0	47.0	41.0	1.0	7.0	33.0	0.0	339.0	6.0	0.0	54.0	6.0	182.0	130.0	15.0	60.0	139.0	43.0	7.0	48.0	15.0	0.0	45.0	16.0	85.0	22.0	51.0	22.0	101.0	4.0	35.0	54.0	5.0	24.0	69.0	68.0	43.0	20.0	48.0
60c57911662a9159dfdd0fc05d975a55	2.0	0.0	0.0	3.0	1.0	0.0	24.0	31.0	0.0	0.0	98.0	46.0	0.0	19.0	4.0	0.0	39.0	13.0	20.0	11.0	0.0	29.0	43.0	21.0	0.0	45.0	0.0	1.0	0.0	1.0	28.0	4.0	15.0	1.0	0.0	26.0	0.0	19.0	19.0	32.0	0.0	0.0	14.0	15.0	0.0	0.0	46.0	0.0	0.0	0.0	0.0	0.0	20.0	37.0	0.0	47.0	180.0	7.0	0.0	0.0	0.0	52.0	0.0	41.0	11.0	44.0	4.0	15.0	0.0	0.0	9.0	28.0	0.0	22.0	2.0	216.0	0.0	1.0	13.0	1.0	0.0	41.0	24.0	0.0	0.0	48.0	5.0	20.0	4.0	43.0	0.0	2.0	85.0	0.0	48.0	65.0	19.0	26.0	89.0	0.0	28.0	7.0	0.0	15.0	0.0	42.0	3.0	4.0	0.0	29.0	0.0	0.0	49.0	0.0	4.0	235.0	4.0	13.0	9.0	4.0	44.0	0.0	0.0	12.0	0.0	0.0	1.0	0.0	2.0	0.0	47.0	6.0	1.0	9.0	1.0	0.0	15.0	0.0	25.0	13.0	18.0	7.0	0.0	11.0	0.0	11.0	47.0	66.0	0.0	49.0	16.0	2.0	22.0	15.0	30.0	50.0	3.0	37.0	18.0	0.0	0.0	0.0	35.0	0.0	16.0	6.0	75.0	17.0	13.0	18.0	0.0	21.0	287.0	0.0	82.0	188.0	0.0	24.0	6.0	9.0	96.0	195.0	52.0	8.0	46.0	14.0	16.0	8.0	174.0	40.0	40.0	8.0	9.0	0.0	4.0	16.0	130.0	106.0	25.0	67.0	0.0	0.0	64.0
79280cea51a6fe8a3432b2f266dd34db	8.0	71.0	3.0	45.0	80.0	25.0	10.0	6.0	0.0	0.0	53.0	1.0	13.0	61.0	20.0	4.0	23.0	17.0	57.0	79.0	6.0	33.0	34.0	51.0	36.0	233.0	0.0	0.0	22.0	41.0	48.0	0.0	12.0	218.0	0.0	49.0	0.0	97.0	39.0	16.0	0.0	40.0	4.0	29.0	18.0	73.0	34.0	0.0	0.0	0.0	0.0	32.0	32.0	17.0	0.0	14.0	13.0	12.0	0.0	185.0	16.0	21.0	27.0	12.0	13.0	49.0	22.0	24.0	8.0	94.0	31.0	5.0	24.0	45.0	3.0	9.0	41.0	37.0	94.0	50.0	17.0	38.0	12.0	0.0	0.0	95.0	19.0	8.0	26.0	95.0	20.0	0.0	20.0	204.0	25.0	0.0	54.0	21.0	48.0	129.0	33.0	39.0	2.0	10.0	34.0	28.0	9.0	7.0	21.0	89.0	2.0	20.0	8.0	0.0	22.0	125.0	13.0	17.0	51.0	110.0	36.0	15.0	11.0	5.0	25.0	80.0	47.0	0.0	13.0	91.0	25.0	37.0	3.0	19.0	77.0	63.0	48.0	0.0	51.0	4.0	43.0	8.0	45.0	28.0	0.0	5.0	1.0	29.0	61.0	7.0	13.0	47.0	71.0	46.0	76.0	60.0	155.0	7.0	0.0	0.0	0.0	35.0	12.0	33.0	0.0	40.0	12.0	21.0	2.0	38.0	3.0	2.0	3.0	0.0	0.0	13.0	19.0	23.0	0.0	33.0	16.0	32.0	8.0	19.0	50.0	29.0	6.0	35.0	6.0	56.0	8.0	53.0	21.0	14.0	25.0	8.0	6.0	5.0	22.0	8.0	64.0	0.0	18.0
149e7d5e484d157f2ac6140a2111618e	0.0	21.0	0.0	0.0	22.0	3.0	1.0	2.0	0.0	0.0	9.0	46.0	16.0	25.0	0.0	1.0	146.0	38.0	0.0	24.0	19.0	3.0	29.0	7.0	0.0	15.0	0.0	0.0	0.0	6.0	0.0	3.0	6.0	291.0	138.0	1.0	0.0	11.0	0.0	26.0	19.0	10.0	0.0	0.0	6.0	0.0	2.0	0.0	0.0	0.0	23.0	0.0	6.0	32.0	34.0	18.0	134.0	2.0	25.0	0.0	0.0	49.0	13.0	167.0	3.0	9.0	32.0	14.0	46.0	0.0	3.0	390.0	25.0	4.0	181.0	3.0	0.0	127.0	3.0	25.0	0.0	6.0	15.0	10.0	0.0	12.0	10.0	27.0	5.0	9.0	0.0	3.0	11.0	64.0	38.0	0.0	9.0	27.0	22.0	0.0	1.0	0.0	4.0	7.0	0.0	111.0	0.0	72.0	11.0	79.0	87.0	14.0	0.0	235.0	8.0	0.0	19.0	47.0	56.0	17.0	29.0	5.0	0.0	80.0	108.0	5.0	0.0	0.0	1.0	34.0	6.0	0.0	0.0	0.0	21.0	8.0	32.0	66.0	0.0	25.0	7.0	12.0	11.0	28.0	0.0	34.0	53.0	41.0	0.0	19.0	47.0	0.0	0.0	7.0	3.0	67.0	36.0	46.0	21.0	0.0	0.0	0.0	11.0	21.0	0.0	12.0	9.0	31.0	16.0	1.0	0.0	0.0	81.0	0.0	0.0	0.0	0.0	2.0	10.0	92.0	0.0	21.0	2.0	48.0	5.0	0.0	11.0	56.0	6.0	9.0	0.0	18.0	11.0	2.0	4.0	29.0	8.0	0.0	34.0	29.0	0.0	0.0	12.0
04195686f2b70585790ec75320de0d6f	0.0	3.0	0.0	8.0	2.0	0.0	0.0	0.0	8.0	1.0	0.0	22.0	5.0	0.0	1.0	2.0	8.0	30.0	14.0	0.0	0.0	1.0	4.0	0.0	5.0	0.0	0.0	7.0	9.0	0.0	0.0	29.0	0.0	3.0	0.0	0.0	189.0	1.0	0.0	2.0	4.0	0.0	0.0	2.0	1.0	5.0	4.0	137.0	3.0	0.0	37.0	0.0	0.0	0.0	2.0	0.0	4.0	0.0	0.0	0.0	1.0	3.0	0.0	1.0	26.0	2.0	0.0	0.0	27.0	43.0	0.0	0.0	1.0	0.0	0.0	0.0	0.0	1.0	15.0	0.0	0.0	0.0	13.0	0.0	0.0	0.0	0.0	2.0	0.0	14.0	0.0	6.0	0.0	158.0	0.0	0.0	0.0	0.0	1.0	0.0	12.0	1.0	0.0	8.0	2.0	1.0	0.0	0.0	0.0	1.0	1.0	0.0	2.0	79.0	35.0	0.0	2.0	0.0	0.0	0.0	0.0	406.0	4.0	447.0	0.0	0.0	0.0	1.0	15.0	2.0	35.0	12.0	0.0	8.0	18.0	1.0	0.0	0.0	2.0	4.0	0.0	10.0	0.0	1.0	73.0	0.0	1.0	0.0	0.0	0.0	1.0	3.0	1.0	0.0	32.0	0.0	0.0	0.0	0.0	0.0	0.0	0.0	0.0	1.0	5.0	5.0	0.0	1.0	0.0	0.0	0.0	0.0	1.0	8.0	0.0	1.0	0.0	0.0	0.0	0.0	2.0	5.0	0.0	0.0	0.0	11.0	1.0	0.0	0.0	5.0	2.0	0.0	0.0	5.0	1.0	2.0	25.0	6.0	81.0	0.0	1.0	14.0	0.0
ad52a0f6646c574417ce0b13b84acfa9	0.0	0.0	0.0	0.0	82.0	0.0	5.0	0.0	0.0	0.0	0.0	8.0	0.0	25.0	0.0	0.0	16.0	42.0	0.0	0.0	7.0	0.0	42.0	0.0	0.0	11.0	54.0	0.0	0.0	0.0	0.0	24.0	0.0	0.0	0.0	3.0	0.0	0.0	15.0	16.0	0.0	3.0	0.0	11.0	0.0	0.0	0.0	0.0	0.0	0.0	0.0	0.0	0.0	20.0	0.0	0.0	0.0	4.0	0.0	0.0	29.0	55.0	23.0	67.0	0.0	36.0	0.0	0.0	0.0	0.0	12.0	32.0	0.0	27.0	0.0	0.0	27.0	89.0	25.0	0.0	8.0	15.0	9.0	5.0	0.0	0.0	24.0	36.0	0.0	0.0	0.0	0.0	0.0	0.0	87.0	55.0	0.0	57.0	58.0	0.0	19.0	0.0	0.0	28.0	0.0	85.0	0.0	83.0	0.0	0.0	268.0	36.0	38.0	0.0	7.0	0.0	5.0	56.0	46.0	22.0	48.0	0.0	236.0	0.0	67.0	0.0	0.0	18.0	2.0	46.0	0.0	0.0	0.0	0.0	0.0	0.0	4.0	0.0	0.0	150.0	0.0	13.0	1.0	117.0	74.0	108.0	193.0	0.0	0.0	12.0	0.0	8.0	0.0	0.0	0.0	18.0	33.0	92.0	0.0	0.0	50.0	16.0	18.0	25.0	0.0	21.0	15.0	58.0	3.0	0.0	86.0	12.0	14.0	52.0	0.0	0.0	2.0	0.0	0.0	0.0	26.0	0.0	0.0	24.0	1.0	0.0	22.0	32.0	46.0	0.0	0.0	72.0	41.0	0.0	11.0	0.0	9.0	17.0	48.0	98.0	0.0	6.0	6.0
e6a34eb113dba66df0b8bbec907a8f5d	0.0	72.0	5.0	0.0	6.0	67.0	92.0	11.0	0.0	0.0	51.0	57.0	39.0	79.0	5.0	29.0	23.0	53.0	42.0	22.0	109.0	66.0	14.0	75.0	2.0	13.0	21.0	9.0	0.0	22.0	0.0	17.0	62.0	0.0	169.0	29.0	0.0	16.0	102.0	0.0	0.0	71.0	67.0	16.0	65.0	13.0	0.0	1.0	6.0	0.0	39.0	0.0	137.0	0.0	158.0	19.0	1.0	58.0	1.0	89.0	1.0	15.0	32.0	31.0	61.0	0.0	99.0	0.0	62.0	0.0	85.0	0.0	26.0	14.0	8.0	9.0	15.0	0.0	70.0	37.0	0.0	20.0	103.0	55.0	5.0	10.0	38.0	18.0	48.0	27.0	1.0	2.0	0.0	0.0	13.0	0.0	1.0	18.0	24.0	0.0	133.0	23.0	0.0	95.0	20.0	3.0	45.0	0.0	48.0	37.0	2.0	0.0	0.0	2.0	18.0	0.0	118.0	29.0	74.0	63.0	10.0	31.0	4.0	5.0	5.0	55.0	22.0	0.0	68.0	4.0	57.0	2.0	25.0	17.0	17.0	93.0	28.0	10.0	16.0	0.0	152.0	41.0	49.0	16.0	0.0	3.0	1.0	27.0	0.0	41.0	74.0	3.0	1.0	0.0	0.0	37.0	67.0	41.0	32.0	0.0	40.0	0.0	25.0	0.0	27.0	42.0	33.0	0.0	5.0	1.0	6.0	0.0	21.0	0.0	68.0	36.0	88.0	115.0	25.0	20.0	29.0	17.0	18.0	51.0	81.0	38.0	80.0	6.0	0.0	26.0	14.0	4.0	44.0	5.0	8.0	26.0	176.0	53.0	29.0	35.0	0.0	0.0	26.0
5d62137a2d05df0be8d6b7e163a3ef08	6.0	0.0	1.0	0.0	1.0	0.0	0.0	0.0	0.0	0.0	0.0	29.0	1.0	0.0	0.0	0.0	0.0	0.0	43.0	0.0	48.0	0.0	0.0	0.0	46.0	0.0	0.0	0.0	0.0	0.0	24.0	0.0	0.0	0.0	0.0	1.0	0.0	0.0	26.0	0.0	0.0	0.0	0.0	0.0	0.0	0.0	0.0	13.0	0.0	0.0	0.0	41.0	0.0	0.0	10.0	0.0	70.0	1.0	1.0	59.0	1.0	0.0	0.0	0.0	0.0	148.0	0.0	37.0	0.0	0.0	0.0	1.0	0.0	0.0	0.0	0.0	0.0	0.0	0.0	0.0	0.0	1.0	63.0	43.0	10.0	0.0	0.0	1.0	0.0	8.0	0.0	0.0	0.0	0.0	0.0	1.0	0.0	0.0	0.0	54.0	56.0	0.0	0.0	0.0	0.0	0.0	0.0	0.0	0.0	27.0	0.0	71.0	0.0	2.0	0.0	0.0	1.0	0.0	0.0	0.0	6.0	0.0	0.0	0.0	0.0	0.0	0.0	270.0	0.0	0.0	0.0	0.0	0.0	0.0	0.0	0.0	0.0	0.0	0.0	0.0	0.0	0.0	31.0	45.0	0.0	0.0	0.0	0.0	384.0	0.0	12.0	0.0	15.0	0.0	0.0	0.0	23.0	0.0	0.0	0.0	0.0	0.0	0.0	0.0	0.0	0.0	0.0	0.0	0.0	0.0	9.0	13.0	0.0	0.0	0.0	0.0	0.0	0.0	0.0	0.0	2.0	0.0	0.0	0.0	0.0	0.0	46.0	0.0	0.0	0.0	0.0	0.0	0.0	0.0	0.0	0.0	56.0	0.0	0.0	0.0	24.0	0.0	0.0
c162a4f3943238810eba8a25f0563cca	0.0	30.0	80.0	0.0	4.0	0.0	64.0	3.0	61.0	5.0	8.0	24.0	14.0	44.0	60.0	260.0	1.0	41.0	3.0	10.0	0.0	5.0	17.0	4.0	0.0	3.0	25.0	109.0	66.0	47.0	0.0	137.0	5.0	0.0	0.0	150.0	22.0	11.0	21.0	25.0	65.0	35.0	59.0	11.0	34.0	18.0	37.0	87.0	7.0	0.0	222.0	304.0	66.0	31.0	0.0	0.0	3.0	41.0	3.0	2.0	2.0	10.0	5.0	5.0	30.0	0.0	44.0	0.0	67.0	0.0	6.0	0.0	94.0	23.0	5.0	1.0	22.0	98.0	9.0	44.0	20.0	5.0	11.0	18.0	4.0	18.0	0.0	6.0	98.0	0.0	7.0	3.0	36.0	19.0	0.0	1.0	7.0	0.0	20.0	33.0	4.0	20.0	273.0	5.0	89.0	0.0	3.0	17.0	1.0	20.0	0.0	22.0	27.0	27.0	6.0	1.0	8.0	37.0	10.0	35.0	4.0	18.0	4.0	2.0	5.0	0.0	285.0	0.0	53.0	20.0	48.0	19.0	0.0	21.0	24.0	0.0	8.0	8.0	2.0	0.0	0.0	6.0	2.0	5.0	0.0	1.0	0.0	0.0	1.0	35.0	39.0	0.0	21.0	0.0	69.0	10.0	6.0	24.0	86.0	0.0	33.0	10.0	21.0	0.0	58.0	65.0	8.0	0.0	58.0	24.0	0.0	17.0	9.0	0.0	94.0	29.0	12.0	25.0	16.0	14.0	2.0	4.0	0.0	63.0	22.0	4.0	25.0	9.0	5.0	24.0	9.0	5.0	15.0	5.0	12.0	27.0	2.0	41.0	0.0	9.0	102.0	42.0	10.0
eea6b86c0c75e740670ccc50613b1b23	39.0	33.0	46.0	41.0	32.0	3.0	2.0	52.0	74.0	0.0	18.0	12.0	7.0	23.0	10.0	9.0	19.0	11.0	12.0	2.0	8.0	9.0	1.0	19.0	0.0	18.0	16.0	9.0	94.0	4.0	69.0	4.0	2.0	3.0	14.0	6.0	60.0	14.0	1.0	6.0	32.0	24.0	21.0	4.0	4.0	206.0	33.0	91.0	45.0	93.0	14.0	13.0	4.0	9.0	16.0	25.0	61.0	13.0	5.0	64.0	76.0	6.0	46.0	63.0	6.0	6.0	21.0	5.0	39.0	54.0	2.0	2.0	6.0	13.0	113.0	7.0	12.0	21.0	2.0	5.0	1.0	7.0	20.0	1.0	0.0	24.0	6.0	7.0	14.0	3.0	57.0	36.0	2.0	17.0	41.0	110.0	28.0	28.0	5.0	68.0	5.0	35.0	1.0	10.0	51.0	35.0	2.0	11.0	24.0	27.0	24.0	4.0	33.0	0.0	3.0	22.0	7.0	71.0	12.0	6.0	9.0	5.0	10.0	2.0	93.0	4.0	34.0	7.0	7.0	10.0	0.0	5.0	0.0	15.0	12.0	8.0	29.0	88.0	47.0	4.0	11.0	0.0	8.0	10.0	30.0	0.0	7.0	18.0	12.0	5.0	0.0	3.0	16.0	9.0	23.0	12.0	2.0	16.0	13.0	45.0	49.0	10.0	5.0	67.0	21.0	3.0	20.0	10.0	67.0	2.0	8.0	26.0	6.0	67.0	18.0	3.0	1.0	3.0	49.0	30.0	17.0	8.0	34.0	8.0	3.0	38.0	6.0	19.0	11.0	20.0	12.0	21.0	20.0	16.0	5.0	4.0	19.0	3.0	20.0	12.0	28.0	1.0	4.0
c4f9ef34bd2919511069f409c25de6f1	0.0	0.0	0.0	0.0	0.0	0.0	0.0	4.0	0.0	1.0	0.0	0.0	0.0	74.0	167.0	0.0	25.0	16.0	74.0	0.0	0.0	46.0	0.0	0.0	0.0	0.0	58.0	0.0	0.0	0.0	39.0	0.0	0.0	1.0	0.0	0.0	0.0	35.0	0.0	0.0	78.0	0.0	0.0	0.0	38.0	0.0	0.0	0.0	0.0	0.0	0.0	176.0	0.0	62.0	87.0	0.0	0.0	0.0	0.0	0.0	0.0	0.0	0.0	0.0	66.0	0.0	0.0	0.0	0.0	0.0	97.0	0.0	0.0	11.0	0.0	70.0	0.0	95.0	0.0	33.0	74.0	4.0	0.0	163.0	0.0	17.0	0.0	7.0	0.0	0.0	42.0	0.0	0.0	0.0	40.0	0.0	31.0	20.0	14.0	0.0	7.0	172.0	188.0	15.0	0.0	0.0	0.0	108.0	0.0	12.0	0.0	0.0	0.0	0.0	0.0	3.0	21.0	0.0	0.0	0.0	16.0	0.0	7.0	0.0	0.0	0.0	0.0	0.0	0.0	0.0	0.0	0.0	161.0	0.0	0.0	70.0	0.0	18.0	36.0	7.0	0.0	77.0	0.0	4.0	0.0	0.0	2.0	0.0	0.0	44.0	0.0	0.0	0.0	0.0	0.0	16.0	8.0	0.0	0.0	0.0	5.0	0.0	191.0	0.0	0.0	0.0	1.0	0.0	86.0	6.0	0.0	152.0	15.0	0.0	62.0	4.0	0.0	167.0	0.0	97.0	0.0	36.0	3.0	0.0	0.0	0.0	0.0	0.0	0.0	0.0	0.0	0.0	36.0	2.0	0.0	55.0	0.0	0.0	10.0	56.0	124.0	13.0	26.0
25def15fb42bed6855ede4893d27a21d	0.0	0.0	32.0	0.0	0.0	0.0	0.0	0.0	0.0	0.0	0.0	1.0	134.0	0.0	0.0	0.0	0.0	0.0	3.0	0.0	1.0	2.0	0.0	41.0	58.0	2.0	0.0	0.0	0.0	0.0	0.0	0.0	0.0	0.0	0.0	0.0	0.0	0.0	2.0	0.0	0.0	9.0	0.0	0.0	116.0	0.0	0.0	0.0	48.0	0.0	0.0	0.0	0.0	5.0	54.0	17.0	2.0	0.0	0.0	0.0	0.0	0.0	0.0	0.0	7.0	0.0	0.0	0.0	34.0	0.0	45.0	0.0	0.0	0.0	56.0	0.0	0.0	38.0	0.0	1.0	38.0	0.0	0.0	7.0	0.0	0.0	0.0	0.0	0.0	0.0	0.0	238.0	32.0	0.0	0.0	1.0	0.0	0.0	1.0	0.0	0.0	0.0	13.0	7.0	0.0	0.0	0.0	0.0	116.0	93.0	0.0	0.0	0.0	0.0	0.0	0.0	1.0	37.0	0.0	0.0	0.0	0.0	0.0	0.0	0.0	0.0	6.0	0.0	0.0	26.0	0.0	0.0	0.0	8.0	0.0	0.0	0.0	134.0	0.0	0.0	7.0	0.0	0.0	1.0	0.0	0.0	2.0	0.0	0.0	0.0	34.0	0.0	0.0	0.0	0.0	11.0	0.0	0.0	0.0	0.0	139.0	0.0	0.0	0.0	175.0	0.0	1.0	117.0	194.0	0.0	0.0	0.0	0.0	131.0	0.0	0.0	21.0	5.0	0.0	0.0	1.0	41.0	5.0	7.0	0.0	0.0	0.0	115.0	0.0	0.0	0.0	0.0	0.0	0.0	0.0	2.0	0.0	0.0	1.0	0.0	9.0	0.0	0.0
0cc2420a6a4698f8bf664d50b17d26b4	0.0	0.0	0.0	33.0	0.0	0.0	13.0	2.0	0.0	0.0	0.0	0.0	14.0	15.0	9.0	9.0	27.0	29.0	59.0	0.0	0.0	0.0	5.0	6.0	0.0	4.0	10.0	15.0	1.0	3.0	0.0	22.0	16.0	3.0	0.0	20.0	2.0	0.0	13.0	6.0	47.0	22.0	3.0	0.0	93.0	1.0	133.0	0.0	0.0	0.0	150.0	0.0	95.0	0.0	18.0	6.0	2.0	20.0	2.0	31.0	0.0	0.0	22.0	6.0	0.0	23.0	7.0	76.0	0.0	0.0	9.0	2.0	0.0	2.0	2.0	1.0	10.0	0.0	1.0	27.0	0.0	0.0	9.0	0.0	7.0	0.0	17.0	3.0	14.0	21.0	0.0	3.0	388.0	16.0	0.0	60.0	1.0	19.0	2.0	0.0	55.0	6.0	0.0	12.0	12.0	0.0	24.0	0.0	9.0	38.0	1.0	2.0	4.0	11.0	11.0	2.0	0.0	55.0	8.0	25.0	0.0	0.0	1.0	0.0	4.0	177.0	36.0	0.0	0.0	7.0	1.0	0.0	0.0	1.0	0.0	3.0	62.0	0.0	5.0	0.0	0.0	38.0	65.0	6.0	0.0	0.0	0.0	26.0	1.0	12.0	114.0	95.0	54.0	34.0	0.0	8.0	0.0	65.0	346.0	122.0	7.0	33.0	38.0	0.0	10.0	14.0	4.0	0.0	2.0	0.0	252.0	0.0	56.0	130.0	9.0	86.0	2.0	1.0	24.0	19.0	5.0	38.0	2.0	1.0	9.0	0.0	4.0	0.0	6.0	0.0	0.0	3.0	14.0	0.0	5.0	132.0	12.0	12.0	1.0	4.0	0.0	2.0	4.0
b0645cbec7653c887cb868a248d95874	0.0	7.0	17.0	0.0	2.0	3.0	0.0	9.0	0.0	0.0	2.0	27.0	7.0	0.0	2.0	0.0	6.0	4.0	0.0	21.0	0.0	37.0	33.0	52.0	0.0	37.0	0.0	0.0	0.0	11.0	3.0	6.0	18.0	4.0	18.0	5.0	0.0	28.0	5.0	22.0	0.0	19.0	0.0	1.0	0.0	0.0	20.0	0.0	0.0	0.0	13.0	0.0	11.0	5.0	0.0	10.0	8.0	5.0	0.0	0.0	6.0	41.0	3.0	4.0	31.0	21.0	0.0	26.0	0.0	0.0	12.0	57.0	0.0	14.0	28.0	0.0	0.0	20.0	8.0	211.0	0.0	41.0	50.0	0.0	0.0	13.0	11.0	12.0	43.0	24.0	0.0	0.0	4.0	11.0	23.0	0.0	8.0	3.0	56.0	0.0	12.0	3.0	2.0	20.0	0.0	30.0	22.0	8.0	20.0	0.0	0.0	14.0	0.0	13.0	16.0	0.0	31.0	0.0	32.0	0.0	10.0	6.0	11.0	15.0	22.0	21.0	1.0	0.0	0.0	49.0	11.0	42.0	9.0	0.0	54.0	8.0	2.0	0.0	3.0	6.0	84.0	8.0	4.0	17.0	0.0	4.0	6.0	61.0	10.0	0.0	1.0	4.0	9.0	16.0	7.0	10.0	26.0	35.0	0.0	0.0	0.0	0.0	6.0	0.0	16.0	132.0	16.0	0.0	10.0	45.0	0.0	1.0	5.0	0.0	31.0	0.0	0.0	19.0	17.0	23.0	21.0	17.0	29.0	28.0	114.0	5.0	116.0	9.0	3.0	19.0	0.0	13.0	24.0	10.0	6.0	11.0	11.0	0.0	14.0	1.0	2.0	0.0	12.0
d061a99148d649c4eca4836c5f4b5b68	20.0	2.0	0.0	0.0	0.0	4.0	1.0	7.0	0.0	0.0	19.0	0.0	2.0	5.0	0.0	2.0	17.0	1.0	0.0	3.0	0.0	5.0	4.0	14.0	0.0	19.0	0.0	12.0	58.0	6.0	0.0	0.0	5.0	9.0	8.0	15.0	0.0	2.0	3.0	1.0	0.0	0.0	0.0	0.0	7.0	0.0	27.0	0.0	314.0	0.0	0.0	0.0	12.0	17.0	9.0	88.0	5.0	2.0	0.0	9.0	144.0	0.0	26.0	21.0	22.0	0.0	0.0	13.0	0.0	0.0	6.0	1.0	2.0	19.0	0.0	0.0	7.0	2.0	10.0	1.0	4.0	3.0	10.0	2.0	0.0	3.0	3.0	39.0	14.0	1.0	22.0	0.0	2.0	14.0	29.0	0.0	10.0	2.0	15.0	57.0	0.0	6.0	2.0	4.0	0.0	22.0	0.0	1.0	16.0	18.0	24.0	3.0	0.0	0.0	0.0	40.0	8.0	25.0	18.0	7.0	11.0	0.0	41.0	1.0	0.0	0.0	13.0	4.0	6.0	17.0	0.0	0.0	0.0	0.0	7.0	2.0	16.0	0.0	92.0	0.0	4.0	50.0	0.0	14.0	15.0	32.0	21.0	17.0	22.0	0.0	0.0	0.0	0.0	0.0	34.0	3.0	0.0	0.0	0.0	0.0	0.0	0.0	1.0	0.0	1.0	0.0	18.0	32.0	0.0	14.0	0.0	0.0	6.0	0.0	0.0	25.0	0.0	6.0	18.0	12.0	6.0	0.0	29.0	0.0	1.0	0.0	1.0	9.0	5.0	0.0	0.0	30.0	3.0	6.0	1.0	4.0	3.0	1.0	24.0	12.0	3.0	1.0	0.0
ad7bc2bb6e1ec90a9bc3c8949bce80d6	0.0	0.0	21.0	11.0	73.0	0.0	0.0	1.0	54.0	647.0	4.0	11.0	4.0	0.0	0.0	0.0	0.0	0.0	22.0	0.0	6.0	0.0	0.0	0.0	64.0	0.0	1.0	5.0	26.0	0.0	1.0	77.0	0.0	0.0	5.0	0.0	69.0	0.0	0.0	0.0	11.0	0.0	18.0	0.0	0.0	7.0	6.0	22.0	6.0	159.0	1.0	1.0	0.0	0.0	0.0	0.0	5.0	0.0	0.0	6.0	5.0	0.0	1.0	0.0	0.0	4.0	0.0	0.0	0.0	20.0	0.0	0.0	1.0	0.0	0.0	0.0	1.0	0.0	2.0	0.0	0.0	0.0	0.0	0.0	31.0	4.0	2.0	0.0	0.0	0.0	0.0	12.0	0.0	0.0	0.0	1.0	0.0	0.0	0.0	0.0	0.0	2.0	0.0	35.0	6.0	0.0	0.0	0.0	0.0	1.0	1.0	6.0	0.0	6.0	0.0	22.0	2.0	0.0	0.0	0.0	0.0	11.0	4.0	0.0	0.0	1.0	0.0	29.0	0.0	0.0	0.0	0.0	1.0	40.0	1.0	0.0	0.0	7.0	2.0	3.0	0.0	13.0	1.0	0.0	36.0	0.0	7.0	0.0	0.0	0.0	12.0	3.0	0.0	3.0	0.0	0.0	0.0	0.0	5.0	0.0	1.0	2.0	0.0	0.0	17.0	0.0	0.0	10.0	2.0	0.0	0.0	0.0	0.0	15.0	0.0	0.0	0.0	0.0	9.0	0.0	0.0	0.0	0.0	0.0	0.0	29.0	0.0	0.0	0.0	0.0	166.0	0.0	0.0	36.0	0.0	0.0	0.0	1.0	0.0	0.0	5.0	2.0	0.0
010f0ac2691bc0be12d0633d4b5d2cc4	35.0	0.0	0.0	0.0	25.0	25.0	0.0	0.0	0.0	0.0	8.0	11.0	0.0	37.0	0.0	5.0	0.0	41.0	60.0	5.0	8.0	15.0	32.0	0.0	0.0	0.0	26.0	0.0	0.0	4.0	0.0	0.0	8.0	0.0	0.0	7.0	0.0	16.0	22.0	54.0	0.0	0.0	0.0	51.0	24.0	17.0	5.0	0.0	24.0	0.0	0.0	0.0	17.0	53.0	42.0	0.0	0.0	2.0	0.0	0.0	0.0	34.0	5.0	0.0	9.0	43.0	0.0	11.0	0.0	47.0	29.0	10.0	52.0	10.0	0.0	2.0	15.0	0.0	6.0	12.0	8.0	2.0	20.0	43.0	0.0	3.0	3.0	0.0	12.0	0.0	11.0	0.0	28.0	0.0	6.0	0.0	6.0	19.0	11.0	0.0	6.0	101.0	0.0	3.0	0.0	5.0	0.0	0.0	9.0	0.0	7.0	0.0	0.0	0.0	18.0	6.0	13.0	0.0	14.0	0.0	15.0	38.0	0.0	0.0	3.0	10.0	0.0	2.0	2.0	25.0	44.0	10.0	18.0	9.0	27.0	0.0	2.0	0.0	24.0	0.0	0.0	25.0	4.0	29.0	0.0	0.0	0.0	2.0	6.0	6.0	31.0	253.0	0.0	31.0	17.0	6.0	4.0	47.0	0.0	6.0	35.0	0.0	39.0	0.0	4.0	40.0	19.0	10.0	61.0	8.0	0.0	0.0	0.0	5.0	0.0	20.0	52.0	14.0	0.0	3.0	0.0	10.0	0.0	7.0	4.0	0.0	16.0	10.0	7.0	3.0	6.0	5.0	9.0	0.0	183.0	12.0	30.0	10.0	0.0	9.0	54.0	0.0	19.0
04c8be5a3a6ba2d70446812e99318905	0.0	25.0	2.0	0.0	5.0	215.0	22.0	1.0	0.0	0.0	4.0	0.0	0.0	3.0	0.0	4.0	4.0	11.0	0.0	17.0	0.0	8.0	0.0	32.0	18.0	4.0	34.0	2.0	0.0	21.0	22.0	8.0	27.0	0.0	0.0	0.0	0.0	8.0	19.0	6.0	6.0	20.0	15.0	1.0	0.0	2.0	3.0	76.0	3.0	0.0	0.0	0.0	5.0	0.0	43.0	0.0	4.0	38.0	5.0	0.0	0.0	0.0	1.0	1.0	15.0	29.0	0.0	37.0	0.0	0.0	7.0	0.0	0.0	15.0	0.0	13.0	11.0	0.0	14.0	0.0	89.0	1.0	8.0	0.0	7.0	2.0	10.0	3.0	19.0	0.0	12.0	0.0	0.0	7.0	3.0	0.0	15.0	0.0	7.0	13.0	3.0	10.0	90.0	9.0	35.0	0.0	7.0	22.0	19.0	0.0	0.0	10.0	6.0	3.0	2.0	0.0	3.0	11.0	3.0	36.0	2.0	5.0	1.0	2.0	0.0	0.0	0.0	0.0	26.0	1.0	6.0	0.0	21.0	15.0	0.0	20.0	0.0	4.0	3.0	21.0	20.0	8.0	25.0	1.0	0.0	0.0	0.0	0.0	0.0	47.0	18.0	6.0	1.0	0.0	0.0	0.0	5.0	0.0	30.0	0.0	0.0	0.0	48.0	0.0	13.0	2.0	4.0	0.0	36.0	9.0	0.0	0.0	3.0	0.0	9.0	15.0	0.0	10.0	11.0	0.0	83.0	7.0	25.0	25.0	6.0	190.0	7.0	13.0	0.0	4.0	21.0	6.0	18.0	0.0	0.0	6.0	5.0	21.0	6.0	0.0	0.0	19.0	8.0
2a99ec1157a90661db7ff643b82f1914	424.0	0.0	0.0	22.0	0.0	0.0	0.0	41.0	350.0	0.0	0.0	41.0	39.0	6.0	47.0	0.0	14.0	4.0	14.0	1.0	18.0	0.0	0.0	0.0	0.0	11.0	52.0	5.0	0.0	5.0	0.0	3.0	39.0	0.0	0.0	0.0	22.0	0.0	2.0	52.0	0.0	3.0	0.0	5.0	35.0	13.0	0.0	114.0	0.0	0.0	32.0	0.0	0.0	7.0	26.0	0.0	0.0	1.0	7.0	0.0	0.0	21.0	3.0	2.0	92.0	10.0	0.0	0.0	0.0	0.0	0.0	0.0	40.0	0.0	0.0	22.0	2.0	11.0	31.0	6.0	61.0	0.0	14.0	0.0	2.0	17.0	0.0	0.0	0.0	0.0	14.0	7.0	0.0	0.0	0.0	0.0	33.0	0.0	0.0	9.0	1.0	0.0	16.0	0.0	21.0	4.0	5.0	0.0	4.0	16.0	1.0	15.0	0.0	1.0	10.0	0.0	6.0	0.0	0.0	5.0	3.0	20.0	9.0	0.0	0.0	128.0	1.0	6.0	13.0	13.0	4.0	0.0	7.0	5.0	20.0	72.0	10.0	0.0	0.0	0.0	0.0	0.0	67.0	46.0	5.0	0.0	0.0	31.0	0.0	0.0	13.0	27.0	22.0	0.0	14.0	11.0	0.0	0.0	0.0	0.0	15.0	13.0	0.0	25.0	40.0	1.0	0.0	0.0	0.0	0.0	43.0	7.0	0.0	25.0	0.0	31.0	0.0	3.0	1.0	9.0	12.0	7.0	0.0	0.0	0.0	0.0	0.0	0.0	0.0	29.0	0.0	5.0	0.0	0.0	22.0	10.0	3.0	0.0	0.0	0.0	0.0	2.0	12.0
d05c86b5bfc092d8677507fb1eae8d66	0.0	0.0	1.0	0.0	4.0	5.0	0.0	0.0	0.0	0.0	0.0	28.0	12.0	0.0	59.0	0.0	20.0	1.0	3.0	27.0	0.0	1.0	6.0	24.0	0.0	0.0	6.0	0.0	0.0	0.0	0.0	0.0	16.0	5.0	0.0	1.0	0.0	0.0	0.0	0.0	2.0	2.0	0.0	2.0	2.0	0.0	17.0	0.0	0.0	0.0	0.0	0.0	4.0	48.0	0.0	0.0	0.0	1.0	0.0	0.0	0.0	0.0	0.0	0.0	26.0	0.0	18.0	155.0	0.0	0.0	0.0	0.0	4.0	0.0	5.0	12.0	259.0	9.0	5.0	0.0	20.0	41.0	0.0	19.0	0.0	0.0	0.0	0.0	0.0	0.0	0.0	0.0	0.0	2.0	0.0	1.0	0.0	7.0	33.0	0.0	0.0	42.0	0.0	0.0	2.0	0.0	4.0	1.0	0.0	0.0	2.0	1.0	3.0	50.0	0.0	0.0	1.0	0.0	1.0	0.0	0.0	1.0	94.0	0.0	1.0	84.0	0.0	0.0	0.0	31.0	3.0	1.0	2.0	1.0	0.0	7.0	0.0	0.0	0.0	3.0	2.0	0.0	0.0	3.0	0.0	28.0	43.0	0.0	0.0	0.0	0.0	2.0	1.0	2.0	2.0	18.0	2.0	24.0	0.0	1.0	30.0	0.0	2.0	0.0	14.0	0.0	1.0	0.0	1.0	41.0	0.0	4.0	0.0	0.0	4.0	29.0	8.0	0.0	0.0	0.0	1.0	0.0	10.0	0.0	0.0	0.0	0.0	0.0	24.0	3.0	22.0	0.0	0.0	2.0	3.0	0.0	0.0	23.0	32.0	34.0	0.0	0.0	0.0
6c7fa77831ae630967a6fbfc8ee47901	4.0	5.0	17.0	19.0	19.0	0.0	0.0	30.0	0.0	0.0	18.0	2.0	2.0	13.0	1.0	1.0	55.0	13.0	23.0	3.0	9.0	5.0	2.0	15.0	11.0	7.0	5.0	3.0	0.0	8.0	65.0	11.0	0.0	6.0	52.0	1.0	98.0	7.0	2.0	9.0	7.0	0.0	5.0	7.0	0.0	0.0	0.0	0.0	0.0	0.0	0.0	16.0	0.0	13.0	4.0	22.0	2.0	6.0	0.0	0.0	16.0	6.0	6.0	39.0	8.0	8.0	11.0	0.0	14.0	10.0	11.0	3.0	1.0	19.0	0.0	4.0	16.0	3.0	4.0	0.0	0.0	11.0	13.0	0.0	0.0	52.0	6.0	9.0	10.0	2.0	29.0	27.0	3.0	19.0	8.0	11.0	3.0	21.0	4.0	57.0	3.0	0.0	1.0	6.0	0.0	15.0	0.0	2.0	2.0	28.0	15.0	11.0	27.0	0.0	2.0	5.0	10.0	56.0	7.0	1.0	13.0	2.0	4.0	2.0	48.0	7.0	3.0	0.0	2.0	13.0	3.0	0.0	2.0	32.0	5.0	7.0	1.0	41.0	29.0	3.0	10.0	0.0	0.0	15.0	25.0	6.0	6.0	15.0	4.0	1.0	6.0	0.0	25.0	11.0	13.0	3.0	2.0	21.0	0.0	68.0	1.0	6.0	3.0	0.0	5.0	1.0	25.0	7.0	6.0	0.0	0.0	4.0	1.0	0.0	0.0	3.0	1.0	7.0	17.0	22.0	1.0	5.0	15.0	1.0	3.0	24.0	2.0	3.0	6.0	11.0	0.0	34.0	4.0	9.0	5.0	2.0	1.0	6.0	27.0	20.0	0.0	0.0	1.0
e5a43b018c81cedd19e9a5354d32d469	0.0	0.0	7.0	0.0	0.0	49.0	79.0	0.0	0.0	0.0	0.0	7.0	0.0	29.0	16.0	0.0	5.0	26.0	7.0	0.0	58.0	3.0	10.0	0.0	0.0	4.0	14.0	0.0	0.0	0.0	0.0	0.0	0.0	0.0	0.0	0.0	0.0	1.0	5.0	20.0	49.0	0.0	6.0	17.0	0.0	0.0	0.0	13.0	0.0	0.0	0.0	0.0	0.0	0.0	6.0	8.0	1.0	20.0	17.0	24.0	0.0	0.0	8.0	0.0	82.0	0.0	4.0	0.0	15.0	0.0	0.0	2.0	0.0	4.0	0.0	2.0	0.0	0.0	72.0	1.0	23.0	5.0	19.0	18.0	0.0	0.0	0.0	11.0	0.0	0.0	1.0	1.0	0.0	0.0	17.0	26.0	21.0	0.0	3.0	0.0	0.0	52.0	0.0	0.0	87.0	0.0	4.0	8.0	6.0	0.0	0.0	0.0	0.0	0.0	0.0	0.0	0.0	19.0	13.0	55.0	0.0	0.0	0.0	0.0	0.0	0.0	0.0	2.0	206.0	0.0	0.0	0.0	87.0	0.0	3.0	1.0	0.0	15.0	1.0	0.0	16.0	10.0	72.0	1.0	0.0	0.0	0.0	10.0	0.0	5.0	0.0	90.0	9.0	0.0	37.0	7.0	8.0	0.0	0.0	0.0	0.0	9.0	0.0	0.0	4.0	5.0	0.0	0.0	5.0	33.0	0.0	33.0	17.0	57.0	17.0	13.0	8.0	15.0	8.0	0.0	11.0	5.0	2.0	0.0	1.0	2.0	3.0	2.0	11.0	0.0	35.0	0.0	12.0	0.0	6.0	0.0	5.0	141.0	10.0	38.0	0.0	286.0	0.0
d39f37b814ebd81091a949f8bd9d1710	0.0	0.0	4.0	0.0	10.0	0.0	55.0	6.0	0.0	0.0	6.0	29.0	89.0	19.0	0.0	0.0	5.0	35.0	0.0	2.0	0.0	8.0	0.0	21.0	0.0	3.0	36.0	23.0	0.0	17.0	0.0	0.0	52.0	0.0	0.0	34.0	0.0	2.0	16.0	0.0	0.0	0.0	30.0	10.0	49.0	0.0	0.0	0.0	33.0	0.0	0.0	0.0	13.0	0.0	0.0	0.0	0.0	24.0	1.0	16.0	14.0	18.0	63.0	0.0	20.0	0.0	16.0	0.0	0.0	102.0	12.0	0.0	0.0	18.0	6.0	20.0	0.0	0.0	20.0	0.0	59.0	0.0	1.0	22.0	0.0	0.0	0.0	13.0	0.0	0.0	0.0	0.0	0.0	40.0	0.0	0.0	0.0	0.0	1.0	0.0	19.0	0.0	0.0	26.0	12.0	5.0	20.0	22.0	8.0	1.0	0.0	25.0	0.0	0.0	0.0	1.0	0.0	11.0	8.0	24.0	6.0	30.0	0.0	0.0	0.0	53.0	0.0	0.0	27.0	28.0	33.0	0.0	19.0	34.0	0.0	0.0	0.0	0.0	6.0	0.0	0.0	19.0	0.0	9.0	0.0	2.0	3.0	13.0	1.0	13.0	12.0	22.0	15.0	0.0	0.0	14.0	7.0	0.0	0.0	0.0	0.0	0.0	37.0	45.0	0.0	15.0	14.0	0.0	0.0	1.0	0.0	0.0	0.0	0.0	0.0	0.0	17.0	0.0	100.0	20.0	0.0	0.0	19.0	12.0	31.0	0.0	48.0	0.0	14.0	0.0	10.0	8.0	22.0	0.0	20.0	32.0	2.0	106.0	14.0	0.0	0.0	43.0	9.0
1c86153e1b13ab5322c96f2602b73513	0.0	0.0	0.0	0.0	2.0	0.0	1.0	0.0	0.0	0.0	0.0	30.0	0.0	13.0	0.0	2.0	8.0	0.0	0.0	0.0	0.0	1.0	0.0	2.0	0.0	0.0	38.0	0.0	0.0	1.0	0.0	0.0	0.0	23.0	4.0	0.0	0.0	5.0	1.0	0.0	0.0	13.0	0.0	5.0	6.0	0.0	0.0	0.0	0.0	0.0	0.0	0.0	12.0	0.0	0.0	0.0	2.0	0.0	0.0	0.0	0.0	26.0	0.0	0.0	9.0	0.0	24.0	0.0	0.0	0.0	0.0	94.0	0.0	0.0	0.0	33.0	1.0	4.0	8.0	0.0	0.0	21.0	2.0	2.0	0.0	0.0	0.0	0.0	2.0	0.0	0.0	0.0	0.0	0.0	17.0	0.0	0.0	0.0	15.0	0.0	4.0	0.0	0.0	7.0	0.0	2.0	12.0	1.0	51.0	0.0	23.0	0.0	0.0	89.0	0.0	0.0	3.0	0.0	6.0	0.0	3.0	0.0	23.0	59.0	0.0	0.0	0.0	0.0	0.0	4.0	5.0	0.0	0.0	3.0	0.0	0.0	24.0	0.0	0.0	0.0	0.0	7.0	0.0	20.0	1.0	252.0	0.0	0.0	0.0	1.0	0.0	0.0	0.0	0.0	0.0	3.0	9.0	8.0	0.0	0.0	2.0	0.0	0.0	0.0	1.0	0.0	0.0	0.0	0.0	10.0	1.0	0.0	2.0	0.0	2.0	7.0	9.0	3.0	0.0	1.0	5.0	3.0	4.0	0.0	0.0	0.0	2.0	0.0	10.0	0.0	0.0	0.0	2.0	0.0	2.0	0.0	15.0	2.0	5.0	0.0	0.0	33.0	2.0
a66dd8d31584930c2b0f811f572dddcf	0.0	0.0	3.0	0.0	3.0	0.0	54.0	0.0	0.0	0.0	6.0	0.0	15.0	13.0	8.0	3.0	0.0	0.0	7.0	38.0	46.0	20.0	9.0	31.0	0.0	11.0	11.0	43.0	0.0	7.0	11.0	0.0	14.0	0.0	0.0	121.0	4.0	1.0	4.0	5.0	28.0	15.0	0.0	27.0	33.0	3.0	1.0	0.0	6.0	0.0	0.0	0.0	3.0	0.0	3.0	9.0	3.0	25.0	4.0	11.0	0.0	0.0	1.0	0.0	16.0	0.0	34.0	0.0	0.0	61.0	2.0	0.0	0.0	2.0	0.0	11.0	3.0	0.0	17.0	4.0	37.0	25.0	0.0	3.0	1.0	0.0	0.0	6.0	6.0	3.0	0.0	0.0	6.0	3.0	0.0	7.0	22.0	0.0	9.0	0.0	13.0	14.0	0.0	4.0	6.0	0.0	9.0	0.0	18.0	8.0	1.0	10.0	0.0	0.0	57.0	0.0	29.0	6.0	4.0	0.0	3.0	12.0	1.0	0.0	3.0	0.0	0.0	8.0	8.0	10.0	8.0	10.0	40.0	1.0	4.0	20.0	9.0	3.0	3.0	2.0	21.0	26.0	32.0	7.0	0.0	0.0	1.0	5.0	0.0	15.0	10.0	0.0	5.0	0.0	10.0	19.0	3.0	0.0	0.0	0.0	1.0	2.0	10.0	71.0	9.0	0.0	3.0	0.0	4.0	6.0	24.0	48.0	0.0	0.0	6.0	15.0	16.0	0.0	4.0	5.0	33.0	12.0	12.0	3.0	6.0	1.0	4.0	0.0	3.0	4.0	2.0	0.0	6.0	0.0	6.0	10.0	10.0	0.0	14.0	0.0	6.0	0.0	43.0
40c85a458df8d5a935122ba778d4f334	0.0	0.0	23.0	0.0	0.0	0.0	0.0	8.0	0.0	0.0	6.0	0.0	5.0	0.0	0.0	215.0	0.0	0.0	0.0	40.0	0.0	0.0	0.0	9.0	0.0	0.0	104.0	0.0	54.0	0.0	0.0	0.0	20.0	0.0	0.0	0.0	0.0	0.0	14.0	0.0	182.0	23.0	107.0	0.0	0.0	26.0	23.0	0.0	0.0	0.0	0.0	0.0	48.0	0.0	0.0	56.0	4.0	0.0	0.0	0.0	6.0	10.0	0.0	0.0	0.0	0.0	0.0	0.0	88.0	0.0	0.0	0.0	0.0	0.0	27.0	0.0	0.0	0.0	0.0	0.0	24.0	13.0	2.0	0.0	0.0	4.0	185.0	0.0	0.0	1.0	0.0	0.0	0.0	7.0	0.0	0.0	10.0	0.0	4.0	0.0	2.0	0.0	0.0	17.0	139.0	0.0	6.0	0.0	4.0	0.0	0.0	97.0	0.0	0.0	2.0	0.0	129.0	0.0	12.0	0.0	0.0	11.0	2.0	0.0	1.0	0.0	0.0	0.0	0.0	8.0	20.0	24.0	0.0	0.0	0.0	0.0	0.0	8.0	7.0	0.0	0.0	21.0	0.0	0.0	0.0	0.0	0.0	0.0	1.0	133.0	0.0	0.0	0.0	135.0	0.0	0.0	0.0	0.0	0.0	0.0	0.0	0.0	0.0	0.0	0.0	0.0	3.0	0.0	0.0	139.0	0.0	0.0	0.0	0.0	0.0	10.0	6.0	0.0	13.0	0.0	0.0	0.0	11.0	26.0	0.0	0.0	44.0	0.0	0.0	0.0	8.0	15.0	18.0	0.0	0.0	0.0	7.0	0.0	0.0	0.0	0.0	0.0	203.0
3d766867c97f511431bf97e059d6498f	0.0	0.0	1.0	0.0	2.0	21.0	0.0	1.0	0.0	0.0	3.0	3.0	0.0	13.0	27.0	22.0	4.0	11.0	6.0	25.0	0.0	44.0	39.0	17.0	0.0	23.0	12.0	0.0	24.0	28.0	3.0	0.0	23.0	0.0	0.0	0.0	0.0	11.0	12.0	48.0	0.0	31.0	27.0	0.0	41.0	8.0	0.0	0.0	4.0	0.0	0.0	0.0	50.0	0.0	3.0	7.0	0.0	42.0	0.0	0.0	1.0	12.0	0.0	0.0	0.0	0.0	0.0	0.0	6.0	0.0	5.0	1.0	16.0	2.0	0.0	0.0	8.0	21.0	2.0	7.0	8.0	25.0	0.0	11.0	5.0	1.0	16.0	8.0	21.0	13.0	0.0	0.0	0.0	0.0	0.0	67.0	12.0	21.0	36.0	0.0	56.0	0.0	44.0	1.0	0.0	1.0	19.0	7.0	40.0	9.0	0.0	0.0	2.0	0.0	15.0	0.0	36.0	5.0	3.0	21.0	4.0	3.0	8.0	0.0	4.0	0.0	0.0	0.0	0.0	1.0	24.0	19.0	15.0	0.0	4.0	19.0	20.0	2.0	7.0	0.0	24.0	33.0	1.0	22.0	0.0	2.0	0.0	0.0	0.0	105.0	0.0	16.0	5.0	171.0	0.0	16.0	0.0	0.0	0.0	0.0	3.0	4.0	0.0	0.0	12.0	6.0	28.0	0.0	5.0	17.0	0.0	0.0	7.0	0.0	0.0	0.0	0.0	18.0	10.0	0.0	0.0	2.0	6.0	6.0	12.0	0.0	25.0	25.0	0.0	0.0	2.0	1.0	40.0	2.0	12.0	43.0	0.0	0.0	10.0	22.0	0.0	19.0	31.0
cae14798faeabb8e1b8840e712839921	0.0	0.0	0.0	0.0	1.0	38.0	29.0	0.0	0.0	0.0	0.0	0.0	11.0	2.0	10.0	0.0	19.0	0.0	0.0	0.0	30.0	0.0	7.0	0.0	0.0	3.0	8.0	0.0	7.0	0.0	0.0	0.0	11.0	0.0	0.0	0.0	0.0	0.0	3.0	9.0	0.0	0.0	0.0	8.0	30.0	5.0	0.0	0.0	0.0	0.0	0.0	49.0	1.0	47.0	38.0	0.0	0.0	4.0	0.0	0.0	0.0	0.0	4.0	9.0	22.0	0.0	29.0	0.0	0.0	0.0	0.0	1.0	7.0	1.0	1.0	21.0	2.0	0.0	6.0	1.0	4.0	2.0	8.0	0.0	7.0	0.0	2.0	27.0	10.0	18.0	1.0	0.0	8.0	0.0	2.0	0.0	77.0	0.0	0.0	0.0	3.0	17.0	0.0	0.0	24.0	4.0	0.0	0.0	0.0	2.0	0.0	6.0	16.0	2.0	0.0	0.0	13.0	9.0	8.0	58.0	0.0	2.0	0.0	2.0	0.0	0.0	17.0	7.0	25.0	3.0	5.0	0.0	16.0	2.0	0.0	94.0	0.0	1.0	3.0	13.0	0.0	1.0	6.0	0.0	0.0	0.0	0.0	18.0	0.0	5.0	0.0	0.0	0.0	0.0	0.0	29.0	0.0	0.0	0.0	7.0	13.0	0.0	0.0	29.0	0.0	1.0	9.0	0.0	1.0	0.0	22.0	0.0	0.0	0.0	11.0	26.0	0.0	4.0	7.0	0.0	16.0	6.0	0.0	38.0	3.0	42.0	9.0	7.0	22.0	0.0	14.0	0.0	7.0	0.0	0.0	4.0	7.0	20.0	2.0	11.0	1.0	0.0	0.0
363c1c39d58bce4fc3218659d0944258	4.0	5.0	0.0	5.0	0.0	0.0	0.0	0.0	0.0	0.0	1.0	0.0	2.0	0.0	0.0	0.0	0.0	1.0	0.0	4.0	0.0	0.0	2.0	0.0	0.0	12.0	0.0	0.0	12.0	2.0	7.0	0.0	1.0	2.0	7.0	2.0	0.0	1.0	3.0	3.0	0.0	0.0	0.0	2.0	0.0	0.0	2.0	0.0	0.0	0.0	0.0	0.0	0.0	2.0	0.0	5.0	0.0	0.0	7.0	0.0	4.0	5.0	1.0	4.0	3.0	4.0	0.0	0.0	18.0	0.0	3.0	2.0	3.0	0.0	7.0	0.0	12.0	5.0	0.0	3.0	3.0	33.0	5.0	2.0	0.0	5.0	1.0	2.0	1.0	27.0	0.0	1.0	1.0	3.0	0.0	4.0	0.0	0.0	1.0	15.0	4.0	0.0	1.0	5.0	0.0	0.0	4.0	4.0	2.0	10.0	0.0	5.0	2.0	1.0	1.0	12.0	2.0	0.0	6.0	6.0	5.0	0.0	0.0	5.0	0.0	2.0	0.0	0.0	0.0	0.0	6.0	0.0	0.0	0.0	17.0	7.0	0.0	0.0	0.0	1.0	0.0	2.0	0.0	0.0	9.0	0.0	0.0	2.0	0.0	2.0	3.0	0.0	3.0	0.0	4.0	1.0	1.0	0.0	5.0	7.0	1.0	17.0	0.0	0.0	2.0	7.0	2.0	49.0	0.0	2.0	0.0	0.0	0.0	0.0	0.0	2.0	1.0	3.0	0.0	0.0	10.0	0.0	0.0	2.0	11.0	5.0	2.0	2.0	0.0	0.0	0.0	0.0	2.0	0.0	1.0	2.0	0.0	1.0	1.0	4.0	0.0	0.0	6.0
458157e555a80f9ba01d9da37ef787eb	0.0	0.0	0.0	0.0	3.0	0.0	0.0	0.0	0.0	0.0	0.0	5.0	62.0	3.0	8.0	0.0	10.0	7.0	0.0	67.0	0.0	7.0	5.0	0.0	0.0	0.0	14.0	0.0	0.0	26.0	0.0	0.0	12.0	1.0	7.0	0.0	0.0	8.0	27.0	0.0	0.0	20.0	0.0	46.0	11.0	0.0	0.0	0.0	0.0	0.0	0.0	0.0	5.0	0.0	0.0	0.0	0.0	0.0	0.0	0.0	0.0	2.0	3.0	0.0	4.0	0.0	2.0	4.0	0.0	0.0	5.0	4.0	27.0	1.0	0.0	0.0	8.0	12.0	0.0	0.0	0.0	20.0	31.0	15.0	0.0	0.0	0.0	10.0	1.0	0.0	0.0	0.0	0.0	3.0	11.0	0.0	0.0	0.0	14.0	0.0	0.0	0.0	0.0	7.0	0.0	0.0	0.0	3.0	14.0	0.0	0.0	38.0	0.0	0.0	0.0	0.0	1.0	0.0	27.0	0.0	10.0	0.0	0.0	0.0	2.0	0.0	0.0	0.0	0.0	6.0	2.0	102.0	0.0	3.0	0.0	4.0	0.0	0.0	0.0	0.0	46.0	11.0	0.0	0.0	0.0	170.0	0.0	12.0	0.0	5.0	6.0	0.0	0.0	0.0	0.0	4.0	108.0	14.0	0.0	0.0	0.0	0.0	0.0	0.0	0.0	1.0	11.0	0.0	0.0	13.0	0.0	0.0	0.0	0.0	0.0	8.0	8.0	0.0	0.0	1.0	17.0	22.0	17.0	0.0	17.0	0.0	0.0	0.0	28.0	0.0	0.0	0.0	0.0	2.0	16.0	7.0	7.0	5.0	0.0	0.0	0.0	0.0	14.0
e2c3ff4f647112723741aa72087f1bfa	0.0	2.0	2.0	0.0	9.0	0.0	0.0	0.0	0.0	0.0	2.0	0.0	0.0	32.0	3.0	0.0	0.0	11.0	0.0	0.0	3.0	0.0	6.0	9.0	0.0	1.0	7.0	2.0	78.0	0.0	41.0	0.0	0.0	3.0	0.0	0.0	0.0	1.0	3.0	0.0	0.0	0.0	35.0	2.0	2.0	8.0	6.0	0.0	12.0	0.0	0.0	0.0	0.0	0.0	56.0	0.0	19.0	1.0	0.0	0.0	0.0	2.0	11.0	0.0	0.0	2.0	0.0	47.0	0.0	0.0	1.0	0.0	0.0	0.0	0.0	0.0	0.0	0.0	7.0	23.0	0.0	0.0	0.0	0.0	0.0	41.0	0.0	9.0	7.0	0.0	11.0	0.0	1.0	6.0	0.0	5.0	0.0	0.0	0.0	0.0	3.0	10.0	0.0	9.0	7.0	19.0	0.0	8.0	8.0	0.0	27.0	3.0	1.0	6.0	8.0	0.0	5.0	6.0	2.0	0.0	0.0	0.0	17.0	0.0	5.0	0.0	1.0	0.0	4.0	14.0	0.0	0.0	0.0	15.0	9.0	0.0	4.0	0.0	2.0	3.0	4.0	1.0	5.0	6.0	0.0	0.0	157.0	0.0	33.0	0.0	1.0	0.0	42.0	0.0	0.0	2.0	0.0	0.0	0.0	0.0	1.0	17.0	1.0	0.0	0.0	1.0	15.0	0.0	27.0	0.0	0.0	0.0	0.0	11.0	0.0	1.0	0.0	0.0	52.0	0.0	9.0	0.0	0.0	0.0	0.0	0.0	1.0	0.0	0.0	48.0	0.0	35.0	7.0	3.0	0.0	0.0	0.0	0.0	3.0	0.0	38.0	0.0	0.0
f7686a74ca2d3729eb66305e8a26309b	10.0	9.0	12.0	0.0	0.0	6.0	0.0	108.0	0.0	0.0	14.0	3.0	4.0	4.0	2.0	5.0	9.0	0.0	4.0	4.0	5.0	1.0	2.0	1.0	7.0	3.0	0.0	2.0	19.0	0.0	31.0	3.0	1.0	1.0	11.0	1.0	9.0	9.0	1.0	0.0	0.0	5.0	7.0	0.0	0.0	0.0	43.0	0.0	0.0	86.0	0.0	3.0	9.0	2.0	5.0	0.0	1.0	3.0	0.0	10.0	9.0	0.0	44.0	2.0	3.0	0.0	1.0	3.0	0.0	13.0	0.0	0.0	5.0	7.0	2.0	0.0	9.0	3.0	2.0	0.0	0.0	2.0	10.0	0.0	0.0	44.0	9.0	6.0	7.0	3.0	42.0	25.0	2.0	0.0	22.0	0.0	13.0	30.0	4.0	6.0	0.0	0.0	2.0	2.0	0.0	14.0	1.0	3.0	10.0	14.0	20.0	0.0	13.0	0.0	0.0	6.0	3.0	17.0	3.0	6.0	0.0	0.0	5.0	0.0	7.0	3.0	4.0	0.0	3.0	3.0	0.0	0.0	2.0	9.0	3.0	0.0	7.0	19.0	21.0	0.0	4.0	3.0	2.0	3.0	21.0	0.0	0.0	11.0	3.0	0.0	2.0	20.0	5.0	5.0	18.0	10.0	0.0	4.0	5.0	14.0	4.0	8.0	1.0	0.0	6.0	0.0	11.0	14.0	0.0	5.0	1.0	9.0	0.0	6.0	0.0	0.0	2.0	1.0	17.0	4.0	6.0	1.0	0.0	0.0	0.0	7.0	0.0	2.0	13.0	11.0	14.0	11.0	2.0	19.0	1.0	7.0	5.0	7.0	9.0	5.0	17.0	1.0	2.0
2b982979f2401a8bc447d7141879e9b2	5.0	7.0	8.0	0.0	30.0	3.0	3.0	5.0	0.0	0.0	25.0	4.0	6.0	2.0	1.0	4.0	12.0	8.0	0.0	9.0	12.0	8.0	3.0	10.0	0.0	9.0	0.0	0.0	18.0	1.0	36.0	9.0	2.0	2.0	14.0	4.0	30.0	7.0	4.0	5.0	0.0	2.0	15.0	1.0	0.0	0.0	22.0	0.0	0.0	0.0	0.0	0.0	0.0	6.0	6.0	19.0	12.0	0.0	0.0	0.0	6.0	3.0	3.0	20.0	5.0	8.0	6.0	8.0	1.0	14.0	0.0	2.0	4.0	21.0	12.0	0.0	0.0	9.0	2.0	0.0	0.0	6.0	8.0	1.0	0.0	35.0	5.0	1.0	4.0	0.0	27.0	34.0	2.0	20.0	0.0	0.0	14.0	21.0	8.0	20.0	4.0	0.0	2.0	11.0	0.0	21.0	3.0	3.0	2.0	0.0	7.0	6.0	6.0	0.0	5.0	13.0	4.0	12.0	4.0	3.0	17.0	6.0	13.0	4.0	28.0	1.0	0.0	0.0	5.0	28.0	5.0	3.0	0.0	13.0	0.0	0.0	0.0	0.0	16.0	6.0	23.0	18.0	2.0	4.0	22.0	0.0	3.0	18.0	8.0	3.0	4.0	0.0	5.0	6.0	22.0	9.0	10.0	5.0	0.0	0.0	0.0	6.0	1.0	0.0	0.0	0.0	13.0	15.0	2.0	9.0	0.0	0.0	5.0	0.0	0.0	3.0	2.0	0.0	18.0	12.0	0.0	4.0	19.0	1.0	5.0	0.0	0.0	9.0	0.0	35.0	0.0	21.0	1.0	4.0	1.0	3.0	8.0	6.0	6.0	1.0	3.0	2.0	2.0
599ba6458e91e2527f358f547ea39261	4.0	9.0	2.0	20.0	2.0	6.0	0.0	18.0	0.0	0.0	2.0	6.0	1.0	1.0	0.0	0.0	6.0	6.0	8.0	0.0	9.0	5.0	0.0	3.0	0.0	14.0	0.0	0.0	0.0	1.0	7.0	5.0	1.0	1.0	9.0	3.0	5.0	4.0	1.0	2.0	4.0	4.0	7.0	1.0	0.0	0.0	8.0	0.0	0.0	5.0	2.0	0.0	0.0	6.0	1.0	20.0	6.0	2.0	7.0	0.0	7.0	0.0	12.0	2.0	4.0	4.0	14.0	1.0	10.0	4.0	2.0	0.0	3.0	3.0	24.0	4.0	14.0	13.0	1.0	2.0	0.0	7.0	10.0	2.0	0.0	1.0	2.0	0.0	1.0	0.0	9.0	8.0	2.0	8.0	16.0	20.0	1.0	5.0	0.0	23.0	0.0	5.0	0.0	1.0	0.0	11.0	2.0	2.0	5.0	2.0	44.0	2.0	42.0	5.0	2.0	1.0	9.0	0.0	4.0	2.0	6.0	0.0	2.0	5.0	20.0	1.0	2.0	0.0	3.0	4.0	0.0	0.0	0.0	2.0	15.0	5.0	2.0	10.0	2.0	5.0	0.0	3.0	2.0	6.0	8.0	1.0	1.0	19.0	1.0	1.0	8.0	13.0	7.0	3.0	11.0	23.0	0.0	8.0	34.0	5.0	7.0	3.0	2.0	14.0	2.0	2.0	4.0	1.0	8.0	3.0	4.0	0.0	5.0	0.0	9.0	0.0	1.0	1.0	4.0	14.0	1.0	1.0	33.0	3.0	0.0	10.0	0.0	3.0	15.0	3.0	3.0	11.0	1.0	0.0	1.0	3.0	3.0	2.0	5.0	11.0	0.0	8.0	6.0
552e00cb506f739acaf08aa5641f9d84	5.0	0.0	0.0	0.0	0.0	7.0	0.0	0.0	0.0	0.0	0.0	4.0	2.0	0.0	0.0	0.0	5.0	2.0	0.0	0.0	0.0	0.0	2.0	1.0	0.0	9.0	0.0	0.0	8.0	0.0	9.0	1.0	0.0	6.0	0.0	0.0	0.0	0.0	0.0	1.0	0.0	0.0	0.0	0.0	0.0	0.0	2.0	0.0	0.0	0.0	2.0	0.0	2.0	0.0	0.0	0.0	4.0	0.0	15.0	0.0	0.0	0.0	0.0	1.0	4.0	0.0	0.0	0.0	0.0	0.0	0.0	5.0	12.0	0.0	0.0	1.0	3.0	0.0	1.0	0.0	2.0	78.0	0.0	0.0	0.0	0.0	0.0	0.0	0.0	153.0	0.0	0.0	0.0	0.0	1.0	1.0	1.0	1.0	0.0	0.0	0.0	0.0	0.0	5.0	0.0	8.0	0.0	0.0	0.0	0.0	0.0	0.0	8.0	0.0	0.0	4.0	0.0	0.0	3.0	0.0	0.0	0.0	0.0	0.0	0.0	4.0	0.0	0.0	0.0	0.0	0.0	0.0	0.0	0.0	5.0	3.0	0.0	0.0	0.0	0.0	0.0	0.0	0.0	4.0	0.0	1.0	0.0	0.0	2.0	6.0	0.0	0.0	3.0	2.0	0.0	0.0	0.0	0.0	0.0	0.0	0.0	19.0	0.0	0.0	0.0	4.0	0.0	28.0	0.0	3.0	0.0	0.0	0.0	0.0	0.0	0.0	0.0	0.0	0.0	5.0	4.0	0.0	0.0	0.0	10.0	0.0	2.0	0.0	6.0	0.0	0.0	0.0	0.0	0.0	0.0	0.0	0.0	0.0	0.0	1.0	0.0	0.0	0.0
959d48a11e3b26c9268f0bd1dae6ec40	5.0	4.0	1.0	1.0	17.0	1.0	4.0	7.0	0.0	0.0	1.0	1.0	2.0	0.0	2.0	4.0	31.0	10.0	6.0	4.0	2.0	1.0	1.0	1.0	0.0	0.0	0.0	4.0	7.0	3.0	0.0	2.0	0.0	1.0	54.0	4.0	0.0	17.0	1.0	2.0	0.0	5.0	0.0	2.0	0.0	33.0	0.0	0.0	0.0	0.0	0.0	9.0	5.0	2.0	0.0	20.0	11.0	0.0	4.0	0.0	1.0	0.0	10.0	2.0	0.0	0.0	9.0	5.0	5.0	4.0	2.0	2.0	1.0	6.0	6.0	1.0	4.0	2.0	0.0	2.0	10.0	1.0	10.0	4.0	409.0	7.0	2.0	6.0	2.0	3.0	6.0	0.0	0.0	0.0	21.0	63.0	2.0	2.0	2.0	0.0	1.0	2.0	3.0	2.0	1.0	50.0	5.0	3.0	19.0	9.0	33.0	2.0	52.0	0.0	3.0	0.0	1.0	0.0	3.0	1.0	4.0	5.0	1.0	1.0	0.0	1.0	0.0	3.0	0.0	7.0	0.0	0.0	2.0	5.0	11.0	1.0	2.0	36.0	0.0	1.0	0.0	0.0	0.0	3.0	5.0	2.0	1.0	9.0	4.0	2.0	1.0	0.0	1.0	2.0	6.0	6.0	8.0	9.0	25.0	6.0	9.0	0.0	7.0	0.0	0.0	1.0	8.0	21.0	2.0	0.0	0.0	0.0	0.0	0.0	0.0	2.0	0.0	9.0	7.0	10.0	1.0	15.0	30.0	7.0	0.0	4.0	0.0	2.0	6.0	2.0	0.0	11.0	1.0	1.0	1.0	9.0	3.0	0.0	5.0	8.0	0.0	0.0	0.0
8bb5ff097e0707dca3fe5860af20f4a6	0.0	0.0	0.0	0.0	0.0	18.0	0.0	2.0	0.0	0.0	4.0	16.0	3.0	0.0	16.0	12.0	4.0	32.0	7.0	15.0	10.0	18.0	11.0	15.0	0.0	2.0	31.0	0.0	2.0	0.0	0.0	0.0	22.0	0.0	0.0	13.0	0.0	69.0	4.0	1.0	0.0	0.0	11.0	7.0	13.0	0.0	0.0	0.0	0.0	0.0	1.0	0.0	22.0	7.0	28.0	7.0	0.0	0.0	0.0	0.0	0.0	0.0	0.0	1.0	17.0	0.0	0.0	19.0	0.0	0.0	7.0	1.0	44.0	6.0	3.0	4.0	15.0	0.0	20.0	8.0	6.0	1.0	14.0	0.0	1.0	4.0	1.0	19.0	14.0	0.0	0.0	0.0	0.0	0.0	4.0	0.0	31.0	8.0	1.0	0.0	17.0	26.0	0.0	11.0	9.0	0.0	11.0	0.0	14.0	17.0	1.0	18.0	3.0	0.0	0.0	0.0	14.0	0.0	9.0	10.0	0.0	3.0	8.0	0.0	0.0	0.0	8.0	0.0	18.0	0.0	0.0	7.0	12.0	3.0	0.0	16.0	12.0	0.0	0.0	9.0	0.0	17.0	10.0	3.0	0.0	2.0	0.0	16.0	0.0	1.0	0.0	0.0	8.0	32.0	0.0	45.0	2.0	43.0	0.0	12.0	16.0	0.0	0.0	0.0	9.0	8.0	13.0	0.0	0.0	13.0	0.0	0.0	20.0	0.0	19.0	11.0	17.0	21.0	0.0	6.0	10.0	9.0	0.0	2.0	2.0	0.0	4.0	0.0	8.0	0.0	8.0	4.0	18.0	0.0	2.0	17.0	6.0	0.0	7.0	0.0	4.0	0.0	11.0
c942f59feffce9c3ab527135de234101	0.0	0.0	2.0	9.0	1.0	0.0	5.0	3.0	0.0	0.0	33.0	1.0	0.0	0.0	0.0	0.0	6.0	3.0	0.0	0.0	22.0	0.0	5.0	23.0	0.0	10.0	0.0	0.0	13.0	4.0	0.0	0.0	0.0	5.0	9.0	16.0	0.0	2.0	3.0	4.0	0.0	4.0	6.0	14.0	0.0	0.0	0.0	12.0	0.0	0.0	2.0	0.0	2.0	1.0	0.0	4.0	0.0	1.0	0.0	16.0	16.0	17.0	4.0	8.0	0.0	1.0	1.0	1.0	6.0	0.0	4.0	0.0	0.0	14.0	15.0	17.0	0.0	10.0	13.0	0.0	9.0	6.0	2.0	2.0	0.0	0.0	0.0	6.0	1.0	11.0	14.0	0.0	1.0	6.0	0.0	1.0	4.0	4.0	1.0	4.0	0.0	0.0	1.0	0.0	0.0	0.0	4.0	0.0	3.0	4.0	0.0	5.0	0.0	0.0	10.0	1.0	0.0	20.0	2.0	2.0	17.0	0.0	0.0	3.0	3.0	0.0	6.0	4.0	0.0	2.0	0.0	16.0	4.0	7.0	0.0	5.0	0.0	0.0	8.0	0.0	0.0	0.0	1.0	3.0	59.0	1.0	10.0	6.0	14.0	0.0	1.0	4.0	1.0	0.0	3.0	3.0	0.0	0.0	0.0	0.0	0.0	14.0	7.0	0.0	0.0	0.0	8.0	49.0	0.0	3.0	0.0	0.0	4.0	0.0	0.0	0.0	0.0	2.0	14.0	0.0	1.0	4.0	5.0	4.0	16.0	2.0	1.0	0.0	4.0	0.0	0.0	3.0	1.0	3.0	58.0	6.0	0.0	0.0	4.0	2.0	0.0	1.0	7.0
ca9dec36ad0aa5a1473144ddcb74951d	0.0	0.0	0.0	0.0	6.0	4.0	2.0	0.0	0.0	0.0	0.0	0.0	0.0	0.0	3.0	0.0	0.0	6.0	1.0	3.0	0.0	23.0	12.0	9.0	0.0	11.0	0.0	0.0	0.0	7.0	0.0	5.0	0.0	2.0	1.0	56.0	0.0	11.0	0.0	40.0	0.0	15.0	0.0	0.0	1.0	0.0	0.0	0.0	0.0	0.0	0.0	0.0	1.0	0.0	0.0	36.0	6.0	0.0	0.0	0.0	0.0	26.0	19.0	37.0	2.0	14.0	0.0	4.0	0.0	0.0	17.0	9.0	7.0	14.0	0.0	0.0	14.0	0.0	11.0	14.0	0.0	31.0	29.0	0.0	0.0	19.0	5.0	13.0	8.0	0.0	19.0	0.0	0.0	0.0	16.0	0.0	0.0	3.0	20.0	0.0	36.0	0.0	20.0	6.0	0.0	2.0	60.0	0.0	0.0	0.0	0.0	0.0	0.0	0.0	5.0	0.0	0.0	10.0	0.0	4.0	8.0	0.0	0.0	3.0	0.0	0.0	1.0	0.0	0.0	17.0	28.0	14.0	0.0	0.0	0.0	3.0	7.0	0.0	0.0	5.0	0.0	8.0	0.0	0.0	28.0	2.0	3.0	5.0	0.0	4.0	13.0	0.0	0.0	5.0	3.0	3.0	0.0	12.0	17.0	0.0	0.0	0.0	6.0	0.0	0.0	4.0	21.0	0.0	0.0	29.0	0.0	16.0	20.0	0.0	0.0	2.0	0.0	3.0	0.0	2.0	4.0	6.0	14.0	0.0	14.0	0.0	18.0	21.0	0.0	6.0	0.0	4.0	31.0	0.0	8.0	2.0	7.0	10.0	4.0	6.0	0.0	0.0	0.0
77ad88eed91eef009bf64f101c96baa6	34.0	5.0	0.0	20.0	15.0	17.0	0.0	1.0	0.0	0.0	16.0	2.0	1.0	6.0	0.0	0.0	9.0	5.0	0.0	0.0	0.0	0.0	3.0	13.0	0.0	8.0	0.0	16.0	0.0	0.0	0.0	0.0	7.0	0.0	0.0	11.0	7.0	3.0	2.0	12.0	5.0	0.0	5.0	15.0	0.0	0.0	5.0	0.0	0.0	0.0	10.0	0.0	0.0	0.0	14.0	0.0	0.0	5.0	0.0	0.0	94.0	12.0	2.0	6.0	0.0	12.0	1.0	4.0	0.0	15.0	4.0	0.0	0.0	21.0	0.0	0.0	0.0	0.0	16.0	7.0	0.0	4.0	0.0	0.0	0.0	17.0	6.0	0.0	15.0	0.0	0.0	5.0	2.0	0.0	0.0	9.0	4.0	9.0	0.0	25.0	0.0	14.0	0.0	4.0	14.0	3.0	0.0	6.0	7.0	33.0	3.0	5.0	8.0	0.0	3.0	6.0	0.0	0.0	0.0	16.0	4.0	3.0	0.0	4.0	5.0	5.0	10.0	1.0	11.0	3.0	1.0	6.0	5.0	7.0	34.0	0.0	10.0	13.0	28.0	2.0	0.0	2.0	4.0	4.0	0.0	0.0	1.0	0.0	7.0	4.0	1.0	6.0	6.0	0.0	5.0	0.0	0.0	0.0	0.0	0.0	1.0	8.0	14.0	4.0	3.0	1.0	2.0	9.0	4.0	9.0	1.0	0.0	0.0	3.0	7.0	2.0	0.0	0.0	29.0	5.0	3.0	0.0	7.0	0.0	0.0	9.0	1.0	2.0	0.0	5.0	8.0	3.0	1.0	0.0	7.0	2.0	0.0	0.0	3.0	6.0	30.0	1.0	0.0
59196a586276f0be745d0e334fc071c6	8.0	4.0	2.0	20.0	6.0	4.0	0.0	28.0	12.0	0.0	7.0	4.0	2.0	0.0	0.0	4.0	0.0	4.0	4.0	2.0	11.0	0.0	2.0	3.0	11.0	8.0	0.0	0.0	0.0	4.0	45.0	0.0	0.0	0.0	13.0	1.0	7.0	8.0	5.0	0.0	9.0	2.0	12.0	1.0	0.0	35.0	21.0	0.0	0.0	0.0	10.0	0.0	0.0	8.0	0.0	4.0	17.0	7.0	1.0	0.0	12.0	0.0	27.0	4.0	2.0	2.0	2.0	3.0	6.0	13.0	2.0	0.0	11.0	6.0	3.0	6.0	6.0	2.0	2.0	4.0	0.0	7.0	3.0	0.0	0.0	24.0	4.0	6.0	8.0	1.0	13.0	18.0	3.0	14.0	19.0	0.0	3.0	19.0	6.0	23.0	2.0	1.0	0.0	1.0	0.0	16.0	2.0	0.0	6.0	6.0	0.0	3.0	16.0	0.0	0.0	7.0	7.0	20.0	2.0	0.0	1.0	1.0	7.0	1.0	13.0	1.0	0.0	1.0	5.0	3.0	3.0	2.0	0.0	2.0	0.0	0.0	12.0	36.0	11.0	12.0	0.0	0.0	5.0	8.0	0.0	3.0	3.0	8.0	0.0	0.0	1.0	10.0	5.0	2.0	10.0	0.0	2.0	4.0	0.0	11.0	0.0	1.0	2.0	0.0	3.0	3.0	16.0	1.0	0.0	1.0	0.0	0.0	3.0	0.0	0.0	1.0	0.0	2.0	0.0	22.0	10.0	1.0	16.0	0.0	0.0	12.0	1.0	10.0	1.0	2.0	0.0	15.0	0.0	13.0	0.0	0.0	3.0	3.0	23.0	2.0	0.0	1.0	2.0
19cb3add28813b2bf3e1f40a000d33c2	0.0	10.0	0.0	19.0	0.0	0.0	2.0	0.0	14.0	0.0	0.0	0.0	0.0	5.0	0.0	0.0	7.0	0.0	4.0	6.0	0.0	0.0	1.0	0.0	0.0	17.0	0.0	0.0	0.0	17.0	0.0	3.0	0.0	4.0	17.0	0.0	0.0	4.0	2.0	15.0	0.0	0.0	0.0	0.0	1.0	0.0	0.0	0.0	0.0	0.0	6.0	0.0	0.0	1.0	4.0	0.0	5.0	0.0	0.0	0.0	0.0	4.0	13.0	4.0	1.0	16.0	0.0	6.0	0.0	0.0	3.0	4.0	6.0	0.0	0.0	0.0	0.0	1.0	0.0	1.0	0.0	0.0	0.0	0.0	0.0	4.0	2.0	0.0	12.0	2.0	10.0	0.0	1.0	0.0	0.0	0.0	8.0	29.0	0.0	4.0	7.0	0.0	1.0	1.0	0.0	9.0	0.0	9.0	1.0	0.0	0.0	31.0	6.0	0.0	12.0	0.0	5.0	0.0	10.0	15.0	14.0	3.0	0.0	8.0	6.0	0.0	1.0	1.0	0.0	9.0	0.0	11.0	0.0	0.0	0.0	11.0	0.0	0.0	1.0	0.0	0.0	6.0	0.0	20.0	6.0	0.0	0.0	7.0	0.0	3.0	6.0	4.0	17.0	0.0	0.0	0.0	0.0	0.0	2.0	0.0	0.0	89.0	0.0	13.0	0.0	6.0	6.0	0.0	0.0	16.0	13.0	0.0	5.0	0.0	0.0	14.0	0.0	3.0	0.0	0.0	34.0	7.0	0.0	2.0	8.0	7.0	7.0	0.0	14.0	0.0	0.0	0.0	20.0	0.0	0.0	4.0	0.0	0.0	0.0	3.0	0.0	0.0	15.0
a24dae6b87885a55d81df1ea6d1abaf5	0.0	18.0	0.0	5.0	1.0	0.0	6.0	0.0	0.0	0.0	1.0	3.0	6.0	12.0	26.0	6.0	0.0	1.0	1.0	0.0	2.0	0.0	2.0	0.0	0.0	29.0	0.0	0.0	1.0	15.0	8.0	4.0	5.0	0.0	46.0	12.0	3.0	2.0	1.0	1.0	0.0	8.0	0.0	9.0	0.0	0.0	7.0	0.0	0.0	0.0	3.0	0.0	0.0	4.0	0.0	37.0	0.0	0.0	0.0	0.0	0.0	0.0	4.0	0.0	0.0	5.0	0.0	0.0	0.0	20.0	0.0	0.0	0.0	2.0	0.0	9.0	2.0	0.0	1.0	0.0	0.0	10.0	0.0	2.0	0.0	4.0	0.0	1.0	6.0	3.0	3.0	0.0	4.0	0.0	0.0	3.0	5.0	1.0	1.0	7.0	0.0	14.0	3.0	6.0	0.0	0.0	13.0	0.0	1.0	0.0	3.0	12.0	5.0	0.0	4.0	1.0	4.0	0.0	5.0	0.0	6.0	0.0	0.0	0.0	0.0	0.0	7.0	1.0	0.0	0.0	14.0	0.0	26.0	0.0	24.0	0.0	0.0	0.0	0.0	0.0	0.0	24.0	25.0	5.0	15.0	0.0	1.0	7.0	1.0	0.0	3.0	6.0	0.0	0.0	3.0	0.0	0.0	0.0	0.0	0.0	15.0	9.0	9.0	6.0	0.0	0.0	2.0	4.0	12.0	4.0	5.0	4.0	9.0	0.0	0.0	13.0	0.0	8.0	1.0	0.0	5.0	23.0	12.0	2.0	25.0	0.0	5.0	0.0	7.0	2.0	6.0	0.0	42.0	1.0	8.0	2.0	0.0	1.0	3.0	0.0	0.0	4.0	9.0
fd1f139259c53276619476db0cc81913	0.0	0.0	0.0	9.0	9.0	0.0	0.0	1.0	6.0	0.0	1.0	0.0	10.0	0.0	0.0	0.0	0.0	0.0	1.0	0.0	3.0	0.0	0.0	0.0	19.0	0.0	12.0	1.0	10.0	0.0	6.0	0.0	0.0	0.0	0.0	0.0	36.0	0.0	0.0	0.0	10.0	0.0	8.0	0.0	0.0	30.0	0.0	0.0	63.0	10.0	2.0	7.0	0.0	0.0	0.0	0.0	1.0	0.0	0.0	4.0	0.0	0.0	0.0	0.0	0.0	0.0	4.0	0.0	0.0	0.0	0.0	0.0	0.0	0.0	0.0	2.0	0.0	0.0	0.0	0.0	0.0	0.0	0.0	0.0	0.0	0.0	0.0	0.0	0.0	1.0	0.0	48.0	0.0	2.0	0.0	18.0	1.0	0.0	0.0	1.0	0.0	1.0	0.0	0.0	9.0	0.0	0.0	0.0	0.0	1.0	3.0	4.0	0.0	133.0	0.0	2.0	0.0	7.0	0.0	0.0	0.0	1.0	10.0	0.0	0.0	0.0	5.0	6.0	0.0	0.0	0.0	0.0	0.0	5.0	2.0	1.0	0.0	1.0	5.0	2.0	0.0	0.0	0.0	0.0	8.0	0.0	2.0	0.0	0.0	0.0	0.0	9.0	0.0	0.0	1.0	0.0	0.0	0.0	0.0	0.0	3.0	0.0	0.0	15.0	3.0	0.0	0.0	0.0	2.0	0.0	10.0	1.0	0.0	26.0	0.0	0.0	0.0	0.0	6.0	0.0	0.0	0.0	0.0	0.0	0.0	4.0	0.0	0.0	0.0	0.0	0.0	1.0	0.0	35.0	0.0	0.0	0.0	0.0	1.0	0.0	5.0	0.0	0.0
cc968157f7691aab95df444e8cd103e2	4.0	8.0	22.0	29.0	2.0	0.0	5.0	0.0	0.0	0.0	0.0	1.0	0.0	0.0	1.0	1.0	6.0	2.0	0.0	0.0	1.0	0.0	5.0	2.0	0.0	5.0	0.0	0.0	2.0	2.0	20.0	2.0	5.0	5.0	0.0	1.0	5.0	3.0	2.0	0.0	0.0	0.0	0.0	2.0	0.0	0.0	9.0	0.0	0.0	2.0	0.0	0.0	4.0	1.0	1.0	10.0	8.0	0.0	0.0	0.0	2.0	0.0	2.0	2.0	3.0	4.0	0.0	5.0	0.0	23.0	5.0	3.0	6.0	5.0	3.0	4.0	0.0	0.0	2.0	1.0	0.0	4.0	4.0	1.0	0.0	4.0	2.0	1.0	2.0	3.0	10.0	0.0	0.0	0.0	4.0	0.0	1.0	1.0	1.0	2.0	0.0	3.0	4.0	2.0	0.0	0.0	3.0	7.0	4.0	2.0	5.0	2.0	8.0	4.0	1.0	25.0	0.0	0.0	17.0	3.0	10.0	0.0	3.0	3.0	1.0	1.0	4.0	10.0	5.0	3.0	5.0	0.0	1.0	0.0	11.0	1.0	2.0	1.0	5.0	0.0	0.0	5.0	4.0	14.0	4.0	0.0	10.0	1.0	0.0	1.0	4.0	2.0	2.0	0.0	15.0	2.0	4.0	4.0	1.0	5.0	1.0	2.0	1.0	4.0	1.0	2.0	1.0	3.0	35.0	17.0	0.0	2.0	12.0	0.0	18.0	0.0	0.0	0.0	6.0	1.0	11.0	1.0	3.0	1.0	3.0	2.0	2.0	3.0	0.0	15.0	5.0	4.0	0.0	3.0	0.0	2.0	1.0	2.0	2.0	3.0	0.0	0.0	1.0
fea3411c847e6627afb5e78b88e2e9af	0.0	0.0	7.0	14.0	4.0	1.0	0.0	5.0	0.0	0.0	5.0	5.0	3.0	0.0	1.0	3.0	0.0	1.0	2.0	0.0	6.0	0.0	0.0	0.0	0.0	1.0	11.0	3.0	0.0	0.0	0.0	0.0	0.0	3.0	22.0	0.0	23.0	0.0	0.0	2.0	18.0	4.0	6.0	0.0	0.0	6.0	8.0	27.0	8.0	16.0	0.0	10.0	1.0	1.0	0.0	3.0	5.0	3.0	1.0	1.0	4.0	6.0	3.0	1.0	1.0	0.0	15.0	0.0	7.0	2.0	0.0	1.0	1.0	2.0	3.0	9.0	4.0	4.0	4.0	0.0	0.0	2.0	1.0	1.0	13.0	0.0	0.0	0.0	0.0	7.0	4.0	11.0	0.0	5.0	5.0	2.0	0.0	4.0	0.0	0.0	0.0	2.0	0.0	2.0	6.0	0.0	2.0	0.0	0.0	0.0	8.0	8.0	2.0	0.0	0.0	7.0	3.0	18.0	0.0	4.0	3.0	4.0	5.0	1.0	0.0	0.0	0.0	22.0	0.0	2.0	0.0	0.0	0.0	3.0	0.0	7.0	2.0	20.0	2.0	1.0	0.0	0.0	2.0	3.0	25.0	1.0	2.0	0.0	0.0	0.0	0.0	5.0	2.0	0.0	6.0	0.0	0.0	0.0	11.0	2.0	4.0	5.0	0.0	1.0	3.0	0.0	1.0	10.0	0.0	0.0	7.0	0.0	0.0	0.0	4.0	0.0	2.0	1.0	3.0	0.0	1.0	0.0	0.0	0.0	1.0	6.0	0.0	0.0	3.0	2.0	0.0	4.0	3.0	1.0	0.0	0.0	0.0	1.0	0.0	9.0	0.0	2.0	0.0
74ec9fe6ffab4ecff6d5def74298a825	0.0	2.0	6.0	8.0	9.0	0.0	0.0	0.0	13.0	25.0	0.0	0.0	0.0	0.0	0.0	0.0	0.0	0.0	2.0	0.0	0.0	0.0	0.0	1.0	2.0	0.0	2.0	13.0	17.0	0.0	0.0	0.0	0.0	0.0	0.0	0.0	37.0	0.0	0.0	0.0	3.0	3.0	5.0	0.0	1.0	3.0	0.0	55.0	1.0	0.0	0.0	1.0	0.0	0.0	0.0	0.0	0.0	0.0	24.0	9.0	4.0	0.0	0.0	1.0	0.0	10.0	0.0	0.0	0.0	10.0	0.0	0.0	0.0	0.0	0.0	0.0	3.0	8.0	0.0	0.0	3.0	0.0	0.0	2.0	14.0	0.0	0.0	0.0	0.0	112.0	0.0	5.0	0.0	4.0	0.0	2.0	0.0	0.0	0.0	0.0	0.0	0.0	0.0	0.0	3.0	0.0	0.0	0.0	0.0	0.0	3.0	0.0	0.0	24.0	0.0	7.0	1.0	9.0	0.0	0.0	0.0	6.0	0.0	0.0	0.0	0.0	0.0	6.0	0.0	0.0	0.0	0.0	3.0	1.0	8.0	1.0	0.0	14.0	0.0	3.0	0.0	0.0	1.0	0.0	11.0	0.0	0.0	0.0	0.0	0.0	0.0	0.0	1.0	0.0	4.0	0.0	0.0	0.0	0.0	56.0	2.0	5.0	2.0	0.0	0.0	0.0	0.0	1.0	3.0	0.0	1.0	3.0	0.0	5.0	0.0	0.0	0.0	0.0	2.0	0.0	0.0	0.0	0.0	0.0	0.0	2.0	0.0	0.0	0.0	0.0	0.0	0.0	0.0	0.0	0.0	0.0	0.0	0.0	0.0	0.0	1.0	7.0	0.0
a3607a88a8ed64e24a374847b23e404f	0.0	3.0	1.0	0.0	36.0	0.0	3.0	7.0	0.0	0.0	0.0	7.0	0.0	3.0	0.0	5.0	8.0	1.0	2.0	0.0	1.0	2.0	4.0	5.0	0.0	1.0	0.0	1.0	4.0	0.0	0.0	0.0	5.0	3.0	6.0	1.0	0.0	1.0	0.0	4.0	5.0	1.0	0.0	1.0	2.0	1.0	4.0	0.0	0.0	0.0	11.0	1.0	0.0	0.0	0.0	0.0	1.0	1.0	0.0	1.0	0.0	0.0	11.0	0.0	0.0	0.0	0.0	0.0	4.0	2.0	1.0	4.0	0.0	3.0	1.0	12.0	3.0	4.0	1.0	0.0	0.0	6.0	5.0	0.0	0.0	8.0	1.0	3.0	0.0	5.0	11.0	2.0	1.0	0.0	1.0	3.0	2.0	4.0	2.0	0.0	1.0	0.0	3.0	6.0	8.0	6.0	0.0	6.0	1.0	7.0	7.0	3.0	15.0	0.0	1.0	4.0	0.0	12.0	0.0	1.0	0.0	1.0	1.0	1.0	0.0	0.0	0.0	0.0	0.0	1.0	3.0	0.0	1.0	0.0	0.0	0.0	3.0	0.0	0.0	8.0	0.0	0.0	2.0	1.0	8.0	3.0	4.0	0.0	0.0	5.0	10.0	0.0	2.0	3.0	9.0	1.0	0.0	23.0	5.0	0.0	0.0	0.0	0.0	0.0	18.0	0.0	4.0	0.0	3.0	0.0	0.0	0.0	1.0	0.0	11.0	1.0	2.0	0.0	3.0	3.0	2.0	0.0	2.0	3.0	6.0	0.0	0.0	3.0	1.0	1.0	7.0	3.0	0.0	0.0	3.0	2.0	3.0	3.0	3.0	0.0	0.0	0.0	1.0
b1f2146bef78066448576fceeb6b644b	5.0	1.0	1.0	0.0	11.0	0.0	0.0	43.0	0.0	0.0	37.0	3.0	0.0	0.0	1.0	0.0	11.0	1.0	0.0	0.0	5.0	4.0	0.0	7.0	0.0	0.0	0.0	0.0	41.0	3.0	21.0	5.0	2.0	7.0	0.0	0.0	0.0	1.0	5.0	6.0	0.0	0.0	0.0	3.0	0.0	0.0	15.0	0.0	0.0	0.0	0.0	3.0	2.0	3.0	1.0	7.0	0.0	5.0	0.0	0.0	24.0	0.0	15.0	17.0	6.0	0.0	5.0	0.0	4.0	0.0	7.0	1.0	1.0	8.0	30.0	11.0	0.0	2.0	1.0	0.0	0.0	5.0	7.0	0.0	0.0	34.0	0.0	0.0	6.0	2.0	21.0	3.0	2.0	0.0	0.0	0.0	5.0	6.0	1.0	6.0	0.0	0.0	0.0	0.0	0.0	7.0	3.0	1.0	1.0	10.0	0.0	7.0	18.0	0.0	1.0	0.0	6.0	0.0	0.0	2.0	1.0	0.0	0.0	2.0	14.0	0.0	9.0	0.0	0.0	7.0	0.0	0.0	13.0	0.0	7.0	4.0	8.0	0.0	8.0	0.0	0.0	0.0	3.0	3.0	0.0	0.0	1.0	10.0	24.0	0.0	2.0	0.0	4.0	4.0	0.0	5.0	1.0	9.0	0.0	0.0	0.0	0.0	0.0	0.0	4.0	2.0	8.0	0.0	0.0	1.0	0.0	0.0	0.0	0.0	0.0	2.0	0.0	2.0	0.0	6.0	5.0	3.0	19.0	1.0	2.0	4.0	3.0	0.0	2.0	15.0	13.0	8.0	1.0	2.0	0.0	1.0	0.0	1.0	5.0	0.0	0.0	0.0	3.0
9099a7f671b923c7b07c12508f17270a	0.0	0.0	2.0	1.0	12.0	0.0	0.0	0.0	0.0	4.0	2.0	0.0	7.0	0.0	0.0	2.0	0.0	1.0	4.0	0.0	1.0	0.0	0.0	0.0	0.0	0.0	3.0	0.0	0.0	0.0	0.0	0.0	0.0	3.0	0.0	0.0	0.0	0.0	1.0	0.0	1.0	0.0	0.0	0.0	1.0	18.0	0.0	1.0	3.0	34.0	0.0	0.0	0.0	0.0	1.0	0.0	0.0	1.0	0.0	3.0	0.0	2.0	2.0	0.0	0.0	111.0	3.0	0.0	0.0	0.0	0.0	0.0	2.0	0.0	0.0	5.0	0.0	0.0	2.0	0.0	0.0	3.0	2.0	0.0	40.0	0.0	0.0	0.0	0.0	35.0	0.0	2.0	0.0	8.0	0.0	0.0	0.0	0.0	0.0	10.0	1.0	4.0	0.0	0.0	0.0	0.0	2.0	1.0	0.0	0.0	2.0	0.0	0.0	2.0	0.0	3.0	0.0	4.0	2.0	0.0	0.0	0.0	2.0	1.0	0.0	0.0	12.0	6.0	0.0	0.0	0.0	0.0	0.0	0.0	2.0	1.0	0.0	10.0	0.0	2.0	0.0	1.0	0.0	1.0	0.0	0.0	5.0	0.0	2.0	0.0	0.0	2.0	0.0	0.0	0.0	0.0	0.0	0.0	6.0	4.0	5.0	9.0	0.0	3.0	1.0	0.0	2.0	41.0	1.0	0.0	2.0	4.0	0.0	0.0	7.0	0.0	0.0	0.0	1.0	0.0	1.0	1.0	4.0	0.0	5.0	3.0	0.0	0.0	1.0	0.0	0.0	1.0	1.0	0.0	0.0	1.0	0.0	0.0	0.0	0.0	1.0	2.0	3.0
de61860db8d93da85692dffb5cf32ab9	0.0	15.0	0.0	22.0	0.0	14.0	4.0	0.0	3.0	0.0	34.0	0.0	19.0	0.0	9.0	22.0	0.0	3.0	0.0	0.0	0.0	46.0	2.0	29.0	0.0	5.0	0.0	32.0	0.0	0.0	0.0	4.0	0.0	0.0	0.0	5.0	0.0	0.0	1.0	0.0	1.0	4.0	2.0	0.0	8.0	4.0	2.0	0.0	0.0	0.0	0.0	0.0	0.0	1.0	0.0	0.0	0.0	2.0	62.0	0.0	0.0	0.0	0.0	3.0	0.0	0.0	0.0	0.0	0.0	0.0	0.0	2.0	0.0	0.0	1.0	0.0	1.0	4.0	0.0	0.0	0.0	0.0	0.0	0.0	0.0	3.0	0.0	0.0	0.0	0.0	1.0	4.0	0.0	0.0	15.0	0.0	0.0	0.0	0.0	0.0	0.0	10.0	0.0	0.0	6.0	0.0	0.0	0.0	5.0	0.0	0.0	0.0	0.0	0.0	0.0	0.0	7.0	0.0	0.0	1.0	8.0	0.0	0.0	0.0	0.0	1.0	0.0	0.0	0.0	0.0	0.0	0.0	0.0	6.0	7.0	5.0	0.0	24.0	0.0	0.0	0.0	6.0	0.0	16.0	9.0	0.0	0.0	10.0	0.0	0.0	0.0	0.0	9.0	16.0	9.0	0.0	2.0	4.0	5.0	1.0	2.0	0.0	3.0	0.0	0.0	0.0	0.0	3.0	0.0	0.0	0.0	0.0	0.0	0.0	0.0	1.0	0.0	1.0	9.0	0.0	0.0	0.0	0.0	8.0	0.0	9.0	0.0	11.0	0.0	0.0	8.0	3.0	0.0	0.0	0.0	5.0	0.0	15.0	0.0	10.0	0.0	0.0	0.0
8720f9ecd2331ce68e2896df1bf2d977	0.0	0.0	0.0	0.0	2.0	0.0	0.0	23.0	0.0	0.0	3.0	0.0	22.0	1.0	0.0	1.0	1.0	0.0	1.0	0.0	0.0	0.0	3.0	1.0	0.0	0.0	0.0	1.0	0.0	4.0	6.0	0.0	0.0	2.0	9.0	0.0	0.0	2.0	0.0	5.0	0.0	0.0	0.0	0.0	0.0	0.0	4.0	0.0	0.0	0.0	0.0	0.0	0.0	2.0	0.0	10.0	14.0	3.0	33.0	0.0	2.0	3.0	0.0	7.0	1.0	0.0	0.0	4.0	0.0	0.0	2.0	0.0	2.0	4.0	0.0	8.0	0.0	6.0	1.0	3.0	0.0	0.0	1.0	0.0	0.0	0.0	1.0	0.0	0.0	0.0	0.0	18.0	0.0	0.0	0.0	23.0	2.0	0.0	0.0	5.0	2.0	1.0	0.0	1.0	0.0	16.0	0.0	3.0	3.0	0.0	6.0	4.0	2.0	0.0	1.0	0.0	1.0	0.0	3.0	1.0	5.0	2.0	41.0	0.0	0.0	0.0	0.0	14.0	1.0	3.0	1.0	0.0	0.0	12.0	0.0	0.0	0.0	0.0	1.0	2.0	0.0	0.0	0.0	5.0	0.0	4.0	16.0	0.0	0.0	0.0	0.0	0.0	2.0	0.0	0.0	2.0	0.0	7.0	0.0	0.0	4.0	1.0	2.0	0.0	4.0	1.0	3.0	0.0	6.0	2.0	0.0	0.0	1.0	0.0	9.0	0.0	0.0	3.0	2.0	1.0	0.0	2.0	4.0	0.0	1.0	6.0	0.0	5.0	8.0	8.0	0.0	8.0	1.0	28.0	1.0	0.0	0.0	0.0	0.0	6.0	0.0	1.0	0.0
2ae8a432208b85a14e86eb821c86ce2b	1.0	42.0	0.0	0.0	18.0	0.0	0.0	1.0	0.0	0.0	2.0	8.0	1.0	0.0	4.0	1.0	0.0	0.0	0.0	4.0	0.0	0.0	10.0	0.0	0.0	10.0	2.0	1.0	1.0	0.0	3.0	0.0	0.0	0.0	0.0	0.0	8.0	4.0	3.0	1.0	0.0	0.0	0.0	0.0	0.0	1.0	2.0	12.0	5.0	0.0	1.0	0.0	1.0	1.0	0.0	2.0	2.0	0.0	0.0	2.0	4.0	0.0	10.0	7.0	0.0	2.0	0.0	3.0	0.0	4.0	5.0	7.0	0.0	15.0	5.0	0.0	2.0	0.0	7.0	1.0	0.0	0.0	0.0	0.0	0.0	5.0	1.0	0.0	0.0	1.0	9.0	1.0	0.0	0.0	0.0	1.0	0.0	2.0	2.0	0.0	6.0	0.0	0.0	28.0	0.0	0.0	2.0	0.0	1.0	0.0	0.0	4.0	0.0	6.0	5.0	2.0	3.0	0.0	9.0	6.0	16.0	0.0	0.0	0.0	11.0	0.0	2.0	2.0	3.0	0.0	7.0	9.0	0.0	0.0	1.0	0.0	0.0	9.0	14.0	0.0	0.0	0.0	0.0	4.0	1.0	0.0	6.0	0.0	12.0	10.0	0.0	0.0	2.0	6.0	0.0	0.0	3.0	0.0	0.0	0.0	0.0	0.0	1.0	0.0	3.0	7.0	1.0	0.0	4.0	1.0	2.0	0.0	0.0	0.0	0.0	1.0	6.0	0.0	2.0	0.0	17.0	2.0	2.0	1.0	1.0	8.0	10.0	0.0	0.0	28.0	0.0	18.0	1.0	182.0	8.0	4.0	0.0	41.0	0.0	10.0	9.0	0.0	2.0
4c731267e801c2afe253b5cbb58bdd24	0.0	6.0	0.0	10.0	11.0	1.0	0.0	111.0	1.0	0.0	7.0	2.0	1.0	2.0	1.0	0.0	7.0	4.0	3.0	3.0	1.0	3.0	0.0	3.0	0.0	2.0	0.0	0.0	0.0	0.0	0.0	0.0	0.0	0.0	11.0	0.0	0.0	1.0	0.0	1.0	17.0	5.0	7.0	0.0	0.0	0.0	2.0	0.0	13.0	66.0	10.0	0.0	0.0	4.0	1.0	11.0	5.0	1.0	0.0	0.0	7.0	6.0	14.0	17.0	2.0	1.0	5.0	2.0	6.0	11.0	0.0	1.0	2.0	2.0	0.0	0.0	3.0	0.0	3.0	1.0	1.0	2.0	5.0	1.0	0.0	11.0	5.0	5.0	3.0	1.0	13.0	4.0	3.0	0.0	3.0	7.0	2.0	15.0	2.0	0.0	1.0	0.0	1.0	2.0	0.0	4.0	2.0	3.0	4.0	3.0	0.0	3.0	9.0	0.0	2.0	4.0	3.0	0.0	2.0	0.0	5.0	1.0	3.0	1.0	6.0	0.0	0.0	0.0	0.0	4.0	0.0	2.0	6.0	0.0	0.0	1.0	0.0	25.0	5.0	11.0	0.0	0.0	0.0	0.0	16.0	2.0	2.0	6.0	0.0	0.0	1.0	0.0	0.0	5.0	1.0	7.0	2.0	0.0	7.0	0.0	0.0	3.0	0.0	0.0	1.0	1.0	9.0	0.0	0.0	3.0	4.0	0.0	1.0	0.0	0.0	2.0	0.0	1.0	0.0	4.0	0.0	0.0	1.0	0.0	0.0	4.0	0.0	2.0	0.0	6.0	0.0	3.0	4.0	0.0	1.0	2.0	2.0	1.0	0.0	0.0	3.0	0.0	0.0
bda6b6e7da7508c68057140e7bd6cd8d	0.0	0.0	0.0	0.0	0.0	12.0	0.0	0.0	0.0	0.0	0.0	0.0	0.0	4.0	0.0	0.0	7.0	7.0	0.0	16.0	2.0	0.0	2.0	0.0	0.0	0.0	0.0	0.0	0.0	0.0	0.0	0.0	13.0	0.0	0.0	6.0	0.0	38.0	0.0	0.0	1.0	7.0	0.0	27.0	24.0	0.0	0.0	0.0	0.0	0.0	0.0	0.0	16.0	0.0	0.0	3.0	0.0	0.0	0.0	0.0	0.0	0.0	6.0	0.0	2.0	0.0	5.0	11.0	0.0	0.0	6.0	0.0	8.0	0.0	2.0	2.0	0.0	9.0	0.0	0.0	1.0	5.0	20.0	2.0	0.0	0.0	1.0	2.0	0.0	0.0	0.0	0.0	0.0	0.0	0.0	0.0	0.0	0.0	9.0	0.0	1.0	0.0	0.0	8.0	0.0	0.0	21.0	0.0	1.0	0.0	7.0	11.0	0.0	0.0	0.0	0.0	0.0	0.0	37.0	0.0	0.0	0.0	0.0	0.0	8.0	0.0	0.0	0.0	3.0	2.0	6.0	36.0	0.0	1.0	0.0	28.0	2.0	0.0	0.0	0.0	46.0	4.0	0.0	0.0	0.0	0.0	0.0	5.0	0.0	5.0	10.0	0.0	0.0	0.0	0.0	3.0	4.0	4.0	0.0	0.0	0.0	0.0	0.0	0.0	8.0	0.0	0.0	0.0	0.0	20.0	0.0	0.0	1.0	0.0	0.0	11.0	4.0	0.0	0.0	15.0	1.0	1.0	13.0	0.0	15.0	0.0	0.0	0.0	5.0	0.0	21.0	0.0	3.0	0.0	2.0	9.0	30.0	2.0	0.0	0.0	0.0	0.0	2.0
447b9d6a5c17543a456c597e65b37139	6.0	0.0	9.0	23.0	0.0	0.0	0.0	46.0	0.0	0.0	4.0	1.0	0.0	2.0	0.0	3.0	3.0	0.0	3.0	0.0	0.0	3.0	2.0	7.0	0.0	0.0	6.0	0.0	0.0	1.0	7.0	4.0	0.0	1.0	4.0	0.0	0.0	7.0	0.0	4.0	0.0	0.0	0.0	0.0	3.0	0.0	1.0	0.0	0.0	10.0	0.0	2.0	0.0	1.0	0.0	0.0	7.0	0.0	0.0	0.0	11.0	0.0	8.0	1.0	0.0	1.0	14.0	3.0	5.0	5.0	1.0	0.0	1.0	8.0	34.0	2.0	1.0	8.0	0.0	7.0	0.0	4.0	5.0	0.0	0.0	8.0	0.0	4.0	9.0	0.0	20.0	0.0	1.0	0.0	0.0	38.0	4.0	10.0	1.0	4.0	0.0	6.0	1.0	1.0	15.0	13.0	1.0	3.0	6.0	7.0	11.0	1.0	5.0	0.0	1.0	1.0	4.0	20.0	0.0	2.0	1.0	0.0	12.0	0.0	11.0	0.0	3.0	0.0	0.0	8.0	2.0	0.0	0.0	3.0	4.0	0.0	5.0	4.0	10.0	6.0	6.0	2.0	0.0	0.0	9.0	0.0	1.0	8.0	0.0	0.0	1.0	0.0	1.0	0.0	14.0	3.0	3.0	0.0	0.0	51.0	2.0	3.0	0.0	0.0	1.0	3.0	15.0	0.0	0.0	1.0	17.0	0.0	1.0	4.0	6.0	0.0	0.0	1.0	0.0	6.0	6.0	4.0	5.0	2.0	0.0	10.0	1.0	6.0	8.0	6.0	0.0	6.0	4.0	4.0	1.0	1.0	0.0	0.0	10.0	3.0	0.0	0.0	3.0
4311a44a7d56ce4086afad3e75bedd6e	1.0	2.0	7.0	2.0	3.0	2.0	1.0	3.0	1.0	15.0	0.0	5.0	2.0	0.0	0.0	0.0	0.0	0.0	1.0	0.0	0.0	1.0	2.0	2.0	2.0	1.0	1.0	0.0	3.0	0.0	4.0	0.0	0.0	1.0	1.0	0.0	2.0	1.0	0.0	0.0	10.0	2.0	0.0	0.0	0.0	7.0	1.0	1.0	0.0	5.0	2.0	1.0	0.0	1.0	0.0	0.0	0.0	0.0	12.0	0.0	1.0	5.0	1.0	0.0	0.0	0.0	1.0	0.0	0.0	3.0	0.0	0.0	0.0	2.0	4.0	1.0	8.0	1.0	0.0	0.0	2.0	0.0	0.0	0.0	23.0	1.0	0.0	1.0	0.0	5.0	3.0	10.0	1.0	1.0	0.0	1.0	0.0	1.0	1.0	1.0	0.0	1.0	1.0	0.0	0.0	0.0	1.0	0.0	2.0	0.0	2.0	1.0	5.0	4.0	0.0	5.0	2.0	0.0	0.0	0.0	2.0	0.0	2.0	3.0	0.0	1.0	2.0	4.0	0.0	1.0	0.0	0.0	1.0	3.0	2.0	0.0	0.0	1.0	2.0	0.0	0.0	1.0	1.0	0.0	7.0	4.0	3.0	0.0	1.0	1.0	2.0	0.0	3.0	0.0	1.0	1.0	1.0	0.0	1.0	10.0	2.0	6.0	1.0	2.0	2.0	0.0	0.0	7.0	1.0	1.0	20.0	1.0	0.0	0.0	0.0	0.0	0.0	1.0	2.0	0.0	2.0	0.0	0.0	2.0	0.0	0.0	1.0	2.0	2.0	0.0	3.0	1.0	0.0	1.0	2.0	0.0	0.0	2.0	0.0	2.0	1.0	5.0	0.0
8ce931b0c99ad5ed648c25483c1ca492	0.0	0.0	7.0	0.0	4.0	0.0	0.0	14.0	41.0	0.0	0.0	0.0	2.0	0.0	0.0	0.0	0.0	0.0	2.0	0.0	0.0	0.0	0.0	0.0	7.0	0.0	7.0	0.0	1.0	0.0	13.0	4.0	0.0	0.0	0.0	0.0	14.0	0.0	0.0	0.0	3.0	0.0	4.0	0.0	0.0	49.0	0.0	33.0	0.0	14.0	0.0	3.0	0.0	0.0	0.0	0.0	0.0	0.0	6.0	1.0	0.0	0.0	0.0	0.0	0.0	0.0	0.0	0.0	0.0	9.0	0.0	0.0	0.0	0.0	7.0	1.0	1.0	1.0	0.0	0.0	3.0	0.0	0.0	0.0	69.0	2.0	0.0	0.0	0.0	0.0	0.0	0.0	0.0	0.0	0.0	3.0	0.0	0.0	0.0	0.0	0.0	0.0	0.0	10.0	4.0	0.0	0.0	0.0	0.0	0.0	1.0	0.0	0.0	0.0	0.0	2.0	0.0	0.0	0.0	0.0	0.0	0.0	0.0	0.0	0.0	0.0	4.0	16.0	0.0	0.0	0.0	0.0	0.0	0.0	0.0	0.0	0.0	26.0	0.0	0.0	0.0	2.0	0.0	0.0	0.0	0.0	0.0	0.0	0.0	0.0	0.0	3.0	0.0	0.0	0.0	0.0	0.0	0.0	8.0	2.0	9.0	0.0	1.0	5.0	0.0	0.0	0.0	0.0	8.0	0.0	0.0	0.0	0.0	2.0	2.0	0.0	0.0	0.0	0.0	0.0	0.0	0.0	0.0	0.0	0.0	5.0	0.0	0.0	0.0	0.0	109.0	0.0	0.0	2.0	0.0	0.0	0.0	0.0	0.0	0.0	0.0	1.0	0.0
877f27b47c85f6b2d3cf8a6aa86def40	47.0	0.0	0.0	0.0	0.0	0.0	1.0	3.0	0.0	0.0	2.0	0.0	4.0	0.0	13.0	0.0	0.0	0.0	0.0	0.0	0.0	6.0	10.0	5.0	0.0	0.0	0.0	0.0	0.0	11.0	0.0	0.0	7.0	0.0	0.0	14.0	0.0	0.0	0.0	0.0	0.0	0.0	0.0	2.0	0.0	4.0	0.0	0.0	0.0	0.0	0.0	0.0	75.0	33.0	0.0	0.0	2.0	1.0	0.0	0.0	0.0	5.0	6.0	0.0	2.0	1.0	22.0	0.0	0.0	0.0	7.0	0.0	21.0	2.0	3.0	0.0	0.0	9.0	0.0	0.0	7.0	24.0	6.0	0.0	0.0	0.0	1.0	0.0	0.0	0.0	0.0	0.0	0.0	0.0	96.0	2.0	12.0	0.0	2.0	0.0	1.0	0.0	0.0	7.0	7.0	0.0	0.0	0.0	0.0	2.0	0.0	0.0	3.0	0.0	0.0	0.0	3.0	0.0	5.0	9.0	10.0	0.0	0.0	3.0	0.0	0.0	0.0	0.0	3.0	4.0	11.0	62.0	0.0	0.0	0.0	10.0	6.0	0.0	1.0	0.0	0.0	0.0	10.0	0.0	0.0	0.0	0.0	2.0	0.0	2.0	4.0	0.0	3.0	2.0	0.0	7.0	7.0	0.0	3.0	0.0	0.0	0.0	0.0	0.0	18.0	0.0	3.0	0.0	3.0	17.0	0.0	0.0	59.0	0.0	0.0	6.0	0.0	6.0	0.0	24.0	3.0	13.0	5.0	2.0	12.0	0.0	0.0	0.0	37.0	0.0	0.0	0.0	0.0	0.0	2.0	0.0	15.0	0.0	0.0	2.0	0.0	0.0	0.0
6a17479edbe461431433bddb084f731e	0.0	0.0	12.0	0.0	0.0	0.0	6.0	0.0	0.0	0.0	0.0	0.0	0.0	1.0	0.0	0.0	0.0	1.0	2.0	2.0	0.0	0.0	0.0	0.0	0.0	3.0	0.0	16.0	0.0	5.0	0.0	0.0	0.0	0.0	0.0	6.0	0.0	0.0	5.0	5.0	0.0	0.0	0.0	3.0	0.0	2.0	0.0	0.0	0.0	0.0	6.0	0.0	0.0	0.0	0.0	0.0	0.0	0.0	1.0	0.0	17.0	0.0	0.0	7.0	1.0	0.0	0.0	0.0	0.0	0.0	2.0	0.0	0.0	0.0	0.0	0.0	3.0	1.0	4.0	0.0	0.0	0.0	11.0	0.0	0.0	0.0	32.0	0.0	16.0	0.0	0.0	3.0	0.0	0.0	0.0	0.0	0.0	0.0	1.0	0.0	0.0	11.0	0.0	1.0	1.0	0.0	0.0	0.0	0.0	0.0	1.0	8.0	0.0	0.0	40.0	0.0	2.0	0.0	1.0	11.0	9.0	0.0	0.0	1.0	0.0	0.0	0.0	0.0	8.0	0.0	2.0	0.0	1.0	0.0	0.0	0.0	0.0	0.0	0.0	0.0	0.0	0.0	0.0	1.0	0.0	0.0	0.0	0.0	0.0	1.0	1.0	0.0	9.0	0.0	6.0	13.0	0.0	0.0	0.0	0.0	0.0	0.0	7.0	0.0	0.0	0.0	0.0	0.0	0.0	0.0	0.0	0.0	2.0	0.0	4.0	0.0	2.0	1.0	19.0	0.0	0.0	3.0	0.0	4.0	0.0	0.0	4.0	0.0	0.0	6.0	0.0	0.0	2.0	0.0	0.0	4.0	1.0	0.0	0.0	5.0	0.0	0.0	4.0
39bb3fb5b2257fd2eacca408dc42c5d1	0.0	4.0	0.0	0.0	0.0	1.0	2.0	28.0	0.0	0.0	10.0	5.0	1.0	1.0	0.0	4.0	11.0	2.0	3.0	0.0	3.0	2.0	2.0	3.0	0.0	0.0	0.0	0.0	0.0	0.0	0.0	2.0	0.0	1.0	0.0	0.0	0.0	5.0	6.0	0.0	0.0	3.0	33.0	0.0	0.0	0.0	0.0	0.0	0.0	0.0	0.0	7.0	2.0	3.0	0.0	16.0	11.0	0.0	0.0	0.0	24.0	1.0	0.0	32.0	0.0	0.0	11.0	0.0	13.0	0.0	3.0	0.0	8.0	8.0	0.0	1.0	15.0	11.0	2.0	1.0	4.0	0.0	4.0	0.0	0.0	18.0	0.0	4.0	2.0	0.0	7.0	4.0	4.0	9.0	0.0	0.0	0.0	12.0	3.0	0.0	0.0	0.0	0.0	3.0	0.0	19.0	0.0	5.0	4.0	0.0	23.0	2.0	16.0	0.0	0.0	1.0	1.0	0.0	6.0	1.0	3.0	0.0	23.0	0.0	14.0	0.0	0.0	0.0	2.0	0.0	1.0	3.0	0.0	9.0	0.0	2.0	0.0	45.0	0.0	6.0	0.0	0.0	0.0	2.0	31.0	2.0	2.0	7.0	0.0	0.0	0.0	0.0	0.0	2.0	0.0	2.0	0.0	0.0	5.0	0.0	0.0	1.0	1.0	0.0	12.0	0.0	0.0	0.0	0.0	1.0	0.0	0.0	1.0	0.0	0.0	1.0	0.0	4.0	15.0	0.0	5.0	1.0	30.0	3.0	0.0	8.0	0.0	0.0	9.0	1.0	5.0	24.0	7.0	31.0	2.0	2.0	0.0	0.0	3.0	4.0	0.0	0.0	5.0
399bcf0feb12a20ca0731d8d65268dae	1.0	0.0	0.0	0.0	0.0	0.0	0.0	0.0	0.0	0.0	0.0	0.0	0.0	0.0	0.0	1.0	0.0	2.0	0.0	0.0	0.0	0.0	5.0	8.0	0.0	0.0	0.0	0.0	0.0	5.0	0.0	5.0	0.0	0.0	0.0	1.0	0.0	1.0	0.0	0.0	1.0	0.0	0.0	0.0	0.0	0.0	1.0	0.0	0.0	8.0	0.0	0.0	0.0	0.0	14.0	0.0	0.0	4.0	205.0	0.0	2.0	0.0	0.0	0.0	0.0	0.0	0.0	0.0	0.0	0.0	0.0	0.0	0.0	2.0	0.0	0.0	1.0	0.0	0.0	1.0	0.0	1.0	0.0	0.0	0.0	0.0	0.0	2.0	0.0	0.0	0.0	0.0	0.0	0.0	0.0	0.0	0.0	0.0	0.0	0.0	0.0	0.0	0.0	0.0	0.0	0.0	0.0	0.0	0.0	7.0	2.0	8.0	17.0	0.0	0.0	0.0	0.0	0.0	0.0	1.0	2.0	0.0	0.0	0.0	0.0	11.0	0.0	0.0	0.0	2.0	0.0	0.0	0.0	0.0	8.0	1.0	0.0	8.0	0.0	8.0	0.0	0.0	1.0	0.0	58.0	2.0	3.0	0.0	1.0	0.0	0.0	0.0	22.0	0.0	0.0	0.0	0.0	0.0	0.0	0.0	0.0	0.0	0.0	1.0	4.0	0.0	0.0	0.0	0.0	0.0	0.0	0.0	0.0	0.0	13.0	0.0	0.0	0.0	0.0	0.0	0.0	0.0	0.0	2.0	3.0	1.0	2.0	4.0	0.0	0.0	5.0	0.0	0.0	0.0	1.0	0.0	0.0	0.0	0.0	5.0	4.0	1.0	0.0
58df89090206b56c52bfffa4b97f4d5d	1.0	1.0	0.0	13.0	0.0	1.0	0.0	0.0	40.0	0.0	0.0	0.0	0.0	0.0	0.0	0.0	0.0	0.0	4.0	0.0	2.0	0.0	0.0	0.0	0.0	0.0	5.0	0.0	2.0	0.0	0.0	0.0	0.0	0.0	0.0	0.0	7.0	0.0	0.0	0.0	0.0	0.0	0.0	0.0	1.0	36.0	0.0	0.0	0.0	0.0	0.0	1.0	0.0	0.0	1.0	0.0	0.0	0.0	3.0	3.0	2.0	0.0	1.0	0.0	1.0	2.0	3.0	0.0	0.0	4.0	0.0	0.0	0.0	0.0	0.0	23.0	1.0	0.0	0.0	0.0	0.0	0.0	0.0	0.0	0.0	3.0	0.0	0.0	0.0	0.0	0.0	0.0	0.0	0.0	0.0	15.0	0.0	1.0	0.0	2.0	0.0	0.0	1.0	0.0	6.0	0.0	0.0	0.0	2.0	0.0	3.0	0.0	23.0	0.0	0.0	0.0	0.0	0.0	0.0	0.0	0.0	0.0	0.0	0.0	0.0	0.0	1.0	1.0	0.0	0.0	0.0	0.0	0.0	1.0	3.0	0.0	0.0	0.0	0.0	0.0	0.0	0.0	0.0	0.0	11.0	0.0	0.0	0.0	1.0	0.0	0.0	0.0	0.0	0.0	7.0	2.0	0.0	0.0	0.0	46.0	0.0	0.0	0.0	2.0	0.0	0.0	0.0	4.0	0.0	0.0	0.0	2.0	0.0	0.0	0.0	1.0	0.0	0.0	2.0	0.0	0.0	0.0	0.0	0.0	0.0	0.0	0.0	0.0	1.0	0.0	0.0	0.0	0.0	0.0	0.0	0.0	0.0	2.0	0.0	0.0	5.0	0.0	0.0
30207d209491dfb7de83344e77fd6fbd	0.0	0.0	0.0	0.0	0.0	2.0	0.0	3.0	0.0	0.0	0.0	0.0	7.0	0.0	2.0	0.0	0.0	2.0	0.0	0.0	0.0	4.0	12.0	3.0	0.0	2.0	0.0	0.0	0.0	0.0	0.0	4.0	0.0	7.0	0.0	3.0	0.0	12.0	11.0	3.0	0.0	0.0	0.0	8.0	0.0	0.0	0.0	0.0	0.0	0.0	0.0	0.0	16.0	5.0	0.0	14.0	2.0	0.0	0.0	0.0	3.0	6.0	13.0	9.0	7.0	4.0	0.0	1.0	0.0	0.0	3.0	3.0	3.0	4.0	0.0	0.0	10.0	0.0	4.0	2.0	0.0	1.0	9.0	0.0	0.0	0.0	1.0	4.0	7.0	0.0	19.0	0.0	0.0	0.0	0.0	0.0	0.0	4.0	10.0	7.0	5.0	0.0	0.0	22.0	0.0	0.0	11.0	0.0	6.0	0.0	0.0	0.0	0.0	0.0	0.0	0.0	2.0	0.0	0.0	0.0	5.0	0.0	0.0	0.0	8.0	0.0	0.0	0.0	0.0	11.0	0.0	2.0	0.0	2.0	0.0	0.0	5.0	0.0	0.0	0.0	0.0	2.0	0.0	5.0	0.0	0.0	8.0	3.0	0.0	5.0	0.0	0.0	0.0	0.0	4.0	24.0	0.0	0.0	0.0	0.0	18.0	0.0	0.0	0.0	5.0	4.0	3.0	4.0	0.0	0.0	0.0	0.0	4.0	0.0	0.0	0.0	0.0	0.0	0.0	6.0	0.0	0.0	13.0	2.0	7.0	0.0	3.0	9.0	0.0	33.0	29.0	0.0	4.0	11.0	9.0	2.0	3.0	6.0	11.0	4.0	0.0	0.0	3.0
3b092a59cd0e2d57483420cc994ec49c	1.0	0.0	0.0	0.0	1.0	0.0	0.0	0.0	1.0	0.0	0.0	8.0	0.0	0.0	0.0	0.0	0.0	9.0	2.0	0.0	0.0	0.0	22.0	0.0	0.0	0.0	0.0	0.0	0.0	0.0	5.0	0.0	9.0	0.0	0.0	0.0	0.0	41.0	1.0	5.0	0.0	0.0	0.0	0.0	0.0	0.0	2.0	0.0	0.0	0.0	0.0	0.0	0.0	22.0	0.0	0.0	2.0	0.0	0.0	0.0	2.0	0.0	0.0	0.0	0.0	9.0	0.0	0.0	0.0	0.0	36.0	1.0	0.0	0.0	4.0	0.0	0.0	0.0	0.0	0.0	0.0	0.0	0.0	0.0	0.0	21.0	0.0	0.0	0.0	0.0	0.0	0.0	1.0	0.0	0.0	0.0	0.0	5.0	0.0	0.0	0.0	0.0	0.0	5.0	0.0	0.0	0.0	0.0	0.0	0.0	0.0	5.0	0.0	0.0	1.0	0.0	5.0	0.0	4.0	0.0	8.0	1.0	2.0	0.0	0.0	0.0	0.0	26.0	1.0	0.0	1.0	30.0	0.0	0.0	3.0	0.0	0.0	0.0	0.0	0.0	0.0	6.0	0.0	5.0	0.0	0.0	0.0	2.0	0.0	3.0	7.0	0.0	0.0	0.0	4.0	0.0	1.0	0.0	0.0	0.0	0.0	0.0	0.0	0.0	0.0	5.0	6.0	0.0	0.0	0.0	0.0	0.0	0.0	0.0	0.0	0.0	12.0	1.0	1.0	0.0	0.0	0.0	0.0	0.0	2.0	0.0	1.0	0.0	0.0	0.0	0.0	0.0	0.0	94.0	18.0	2.0	6.0	6.0	0.0	0.0	17.0	0.0	3.0
686d42b9552375c3b61301ae5605e3a2	0.0	0.0	0.0	0.0	0.0	0.0	0.0	0.0	41.0	0.0	0.0	0.0	0.0	0.0	0.0	0.0	0.0	0.0	0.0	0.0	0.0	2.0	0.0	0.0	0.0	0.0	2.0	0.0	4.0	9.0	6.0	0.0	0.0	0.0	8.0	0.0	2.0	0.0	5.0	0.0	0.0	5.0	4.0	0.0	0.0	0.0	0.0	0.0	0.0	0.0	0.0	0.0	0.0	0.0	3.0	0.0	1.0	0.0	0.0	1.0	0.0	9.0	1.0	0.0	3.0	0.0	0.0	0.0	0.0	0.0	5.0	9.0	4.0	0.0	4.0	21.0	37.0	0.0	0.0	0.0	0.0	0.0	0.0	4.0	0.0	0.0	0.0	1.0	6.0	0.0	0.0	0.0	0.0	0.0	6.0	4.0	0.0	0.0	0.0	0.0	0.0	3.0	0.0	8.0	0.0	0.0	2.0	0.0	0.0	0.0	3.0	7.0	14.0	0.0	0.0	2.0	2.0	0.0	4.0	0.0	14.0	0.0	0.0	0.0	0.0	1.0	0.0	0.0	0.0	0.0	0.0	17.0	0.0	0.0	3.0	1.0	9.0	0.0	0.0	0.0	0.0	8.0	0.0	0.0	23.0	20.0	1.0	1.0	0.0	0.0	0.0	0.0	0.0	0.0	0.0	1.0	0.0	0.0	0.0	4.0	2.0	0.0	0.0	0.0	0.0	0.0	2.0	0.0	0.0	3.0	0.0	0.0	0.0	0.0	0.0	0.0	0.0	4.0	0.0	8.0	0.0	0.0	0.0	1.0	3.0	0.0	0.0	0.0	5.0	0.0	0.0	0.0	0.0	0.0	1.0	0.0	0.0	0.0	4.0	0.0	0.0	3.0	2.0
a650f349bbdffb95b3624519d1ba72b8	1.0	6.0	14.0	0.0	3.0	0.0	0.0	1.0	0.0	9.0	3.0	1.0	0.0	0.0	0.0	0.0	0.0	0.0	0.0	0.0	0.0	2.0	0.0	0.0	1.0	0.0	0.0	0.0	0.0	0.0	0.0	0.0	0.0	1.0	3.0	0.0	0.0	1.0	0.0	2.0	4.0	0.0	14.0	0.0	0.0	1.0	0.0	4.0	0.0	0.0	4.0	0.0	0.0	1.0	4.0	1.0	0.0	0.0	0.0	0.0	0.0	2.0	0.0	0.0	0.0	0.0	0.0	0.0	0.0	0.0	3.0	11.0	1.0	1.0	0.0	1.0	0.0	0.0	0.0	0.0	0.0	0.0	0.0	0.0	0.0	0.0	5.0	0.0	0.0	3.0	0.0	3.0	0.0	0.0	2.0	0.0	0.0	0.0	1.0	0.0	0.0	0.0	0.0	1.0	0.0	0.0	6.0	0.0	0.0	0.0	0.0	0.0	1.0	0.0	1.0	0.0	0.0	0.0	0.0	0.0	0.0	3.0	0.0	0.0	0.0	0.0	0.0	0.0	1.0	0.0	0.0	34.0	0.0	0.0	11.0	0.0	0.0	0.0	2.0	0.0	0.0	1.0	0.0	0.0	0.0	0.0	3.0	0.0	0.0	0.0	2.0	2.0	1.0	3.0	1.0	0.0	0.0	0.0	0.0	0.0	1.0	3.0	0.0	0.0	0.0	22.0	4.0	2.0	0.0	0.0	0.0	1.0	0.0	0.0	0.0	0.0	0.0	0.0	1.0	0.0	1.0	0.0	0.0	0.0	2.0	0.0	0.0	0.0	0.0	35.0	0.0	0.0	0.0	0.0	2.0	0.0	0.0	1.0	0.0	0.0	4.0	0.0	0.0
218a6324d16b842a38c70f1088a7c8b0	0.0	1.0	0.0	20.0	0.0	0.0	0.0	0.0	0.0	0.0	0.0	0.0	0.0	0.0	0.0	0.0	0.0	1.0	0.0	0.0	0.0	0.0	1.0	0.0	0.0	0.0	0.0	0.0	0.0	0.0	0.0	0.0	0.0	3.0	2.0	0.0	0.0	0.0	0.0	0.0	0.0	0.0	0.0	0.0	0.0	0.0	2.0	0.0	0.0	0.0	0.0	0.0	0.0	0.0	0.0	0.0	4.0	0.0	0.0	0.0	0.0	0.0	1.0	0.0	0.0	1.0	0.0	4.0	0.0	0.0	2.0	6.0	2.0	0.0	5.0	0.0	2.0	0.0	0.0	0.0	0.0	0.0	0.0	0.0	40.0	0.0	0.0	0.0	0.0	3.0	0.0	1.0	1.0	0.0	0.0	0.0	0.0	0.0	0.0	0.0	0.0	1.0	0.0	0.0	0.0	0.0	0.0	17.0	0.0	13.0	0.0	0.0	2.0	20.0	0.0	11.0	0.0	0.0	0.0	0.0	2.0	0.0	0.0	0.0	0.0	1.0	0.0	14.0	0.0	0.0	0.0	0.0	0.0	0.0	1.0	2.0	0.0	0.0	0.0	3.0	0.0	0.0	0.0	0.0	0.0	0.0	12.0	1.0	0.0	0.0	0.0	0.0	0.0	0.0	2.0	0.0	0.0	0.0	0.0	0.0	1.0	0.0	0.0	8.0	0.0	0.0	0.0	0.0	0.0	0.0	0.0	0.0	0.0	0.0	0.0	6.0	0.0	0.0	0.0	0.0	0.0	0.0	0.0	0.0	0.0	0.0	0.0	0.0	2.0	4.0	2.0	0.0	0.0	0.0	0.0	0.0	0.0	0.0	1.0	3.0	0.0	1.0	0.0
1a389bf765c8ff0f92600f684fbe7ad7	0.0	5.0	30.0	0.0	0.0	0.0	0.0	2.0	0.0	0.0	5.0	0.0	0.0	0.0	0.0	0.0	11.0	4.0	0.0	0.0	0.0	16.0	8.0	0.0	0.0	0.0	7.0	0.0	0.0	0.0	28.0	0.0	0.0	0.0	0.0	1.0	0.0	8.0	1.0	1.0	0.0	0.0	0.0	0.0	0.0	0.0	0.0	0.0	0.0	0.0	0.0	0.0	0.0	0.0	0.0	0.0	4.0	0.0	0.0	0.0	0.0	3.0	5.0	3.0	4.0	3.0	0.0	5.0	10.0	0.0	10.0	0.0	1.0	8.0	2.0	0.0	0.0	0.0	4.0	25.0	0.0	6.0	7.0	0.0	0.0	0.0	0.0	0.0	5.0	0.0	0.0	0.0	0.0	0.0	0.0	0.0	0.0	1.0	12.0	0.0	4.0	0.0	0.0	0.0	0.0	5.0	2.0	0.0	14.0	0.0	0.0	0.0	41.0	0.0	0.0	0.0	9.0	0.0	17.0	0.0	8.0	0.0	0.0	1.0	0.0	6.0	0.0	0.0	3.0	15.0	15.0	17.0	2.0	0.0	19.0	0.0	6.0	0.0	0.0	0.0	11.0	3.0	0.0	0.0	0.0	0.0	0.0	21.0	0.0	1.0	2.0	0.0	7.0	0.0	0.0	0.0	27.0	0.0	0.0	0.0	0.0	0.0	0.0	0.0	0.0	12.0	2.0	2.0	0.0	21.0	0.0	0.0	6.0	0.0	0.0	0.0	20.0	1.0	38.0	8.0	0.0	2.0	1.0	3.0	21.0	8.0	86.0	0.0	0.0	2.0	0.0	0.0	1.0	0.0	4.0	0.0	0.0	0.0	3.0	1.0	0.0	0.0	2.0
340a5698fe78713b785c3bcce89df73b	0.0	0.0	4.0	0.0	2.0	0.0	2.0	0.0	1.0	0.0	0.0	0.0	16.0	0.0	5.0	9.0	1.0	1.0	0.0	2.0	0.0	13.0	1.0	4.0	0.0	7.0	8.0	0.0	0.0	2.0	0.0	0.0	5.0	0.0	20.0	0.0	0.0	16.0	0.0	21.0	7.0	6.0	0.0	4.0	0.0	0.0	0.0	0.0	2.0	0.0	0.0	0.0	0.0	4.0	0.0	4.0	0.0	0.0	0.0	0.0	0.0	5.0	0.0	5.0	4.0	0.0	0.0	0.0	0.0	0.0	4.0	0.0	29.0	0.0	0.0	0.0	0.0	0.0	4.0	19.0	3.0	1.0	0.0	0.0	0.0	0.0	0.0	0.0	0.0	0.0	0.0	0.0	0.0	0.0	0.0	0.0	13.0	0.0	0.0	0.0	3.0	11.0	0.0	0.0	7.0	2.0	3.0	0.0	0.0	0.0	0.0	0.0	18.0	0.0	0.0	0.0	0.0	0.0	0.0	0.0	1.0	4.0	8.0	1.0	0.0	9.0	0.0	0.0	0.0	0.0	0.0	0.0	1.0	2.0	0.0	0.0	0.0	0.0	0.0	0.0	0.0	28.0	6.0	8.0	0.0	0.0	1.0	0.0	0.0	7.0	0.0	0.0	0.0	0.0	0.0	14.0	8.0	0.0	5.0	0.0	0.0	0.0	0.0	0.0	7.0	0.0	0.0	0.0	0.0	1.0	21.0	0.0	3.0	0.0	10.0	5.0	0.0	5.0	5.0	1.0	8.0	6.0	17.0	0.0	5.0	0.0	7.0	2.0	24.0	0.0	0.0	3.0	10.0	0.0	0.0	9.0	45.0	0.0	4.0	0.0	0.0	0.0	6.0
1527fd8b14037f53b8edb26b111e1f72	0.0	0.0	10.0	0.0	11.0	0.0	0.0	0.0	0.0	0.0	5.0	0.0	0.0	0.0	0.0	0.0	0.0	0.0	0.0	0.0	3.0	2.0	0.0	26.0	0.0	0.0	0.0	0.0	0.0	10.0	2.0	0.0	0.0	1.0	0.0	0.0	0.0	0.0	0.0	0.0	0.0	0.0	0.0	0.0	0.0	0.0	0.0	0.0	0.0	0.0	0.0	0.0	0.0	0.0	0.0	0.0	0.0	2.0	0.0	0.0	0.0	4.0	0.0	8.0	0.0	4.0	0.0	0.0	2.0	0.0	0.0	0.0	0.0	1.0	0.0	0.0	5.0	0.0	0.0	0.0	0.0	12.0	0.0	0.0	0.0	0.0	2.0	0.0	1.0	0.0	0.0	5.0	0.0	0.0	0.0	0.0	4.0	1.0	2.0	0.0	0.0	1.0	0.0	0.0	1.0	0.0	2.0	0.0	0.0	0.0	0.0	2.0	5.0	0.0	1.0	8.0	8.0	0.0	0.0	0.0	2.0	0.0	1.0	0.0	0.0	1.0	0.0	0.0	0.0	1.0	0.0	0.0	0.0	8.0	0.0	0.0	1.0	0.0	4.0	0.0	0.0	0.0	0.0	0.0	0.0	0.0	5.0	1.0	25.0	0.0	0.0	0.0	0.0	1.0	4.0	0.0	0.0	0.0	0.0	0.0	0.0	0.0	0.0	0.0	0.0	0.0	0.0	9.0	0.0	0.0	0.0	0.0	0.0	0.0	0.0	0.0	0.0	0.0	1.0	0.0	0.0	0.0	1.0	0.0	0.0	1.0	0.0	1.0	1.0	2.0	1.0	2.0	1.0	0.0	2.0	0.0	0.0	0.0	0.0	0.0	0.0	0.0	0.0
588a23811b3e98af68f4f0fb24a0daa8	1.0	0.0	2.0	0.0	1.0	0.0	0.0	0.0	0.0	0.0	5.0	0.0	0.0	16.0	0.0	0.0	0.0	0.0	0.0	0.0	2.0	0.0	0.0	0.0	1.0	1.0	0.0	0.0	39.0	3.0	3.0	0.0	0.0	0.0	0.0	0.0	0.0	0.0	0.0	0.0	0.0	0.0	4.0	0.0	2.0	0.0	0.0	0.0	0.0	48.0	0.0	0.0	0.0	1.0	5.0	4.0	0.0	0.0	0.0	0.0	13.0	0.0	22.0	0.0	0.0	0.0	11.0	0.0	10.0	0.0	3.0	0.0	0.0	4.0	0.0	0.0	6.0	0.0	0.0	0.0	0.0	0.0	0.0	0.0	0.0	0.0	2.0	6.0	0.0	1.0	12.0	0.0	0.0	0.0	4.0	0.0	0.0	0.0	3.0	0.0	0.0	2.0	8.0	0.0	0.0	0.0	0.0	3.0	0.0	5.0	6.0	0.0	9.0	0.0	0.0	0.0	0.0	0.0	0.0	0.0	4.0	0.0	0.0	0.0	3.0	2.0	3.0	0.0	0.0	0.0	0.0	0.0	0.0	7.0	0.0	0.0	3.0	2.0	3.0	1.0	0.0	0.0	0.0	0.0	0.0	0.0	0.0	0.0	1.0	0.0	0.0	0.0	4.0	0.0	3.0	0.0	9.0	0.0	0.0	8.0	0.0	0.0	0.0	0.0	0.0	0.0	0.0	0.0	0.0	3.0	4.0	2.0	0.0	0.0	3.0	0.0	0.0	0.0	5.0	0.0	6.0	0.0	18.0	0.0	0.0	0.0	0.0	1.0	3.0	0.0	0.0	0.0	5.0	0.0	0.0	0.0	0.0	5.0	3.0	2.0	10.0	0.0	0.0
c82032c40c98975f71892e4be561c87a	0.0	8.0	24.0	7.0	0.0	1.0	3.0	0.0	0.0	0.0	0.0	0.0	15.0	1.0	2.0	4.0	0.0	0.0	0.0	1.0	0.0	0.0	0.0	0.0	6.0	2.0	6.0	4.0	2.0	5.0	3.0	0.0	11.0	0.0	1.0	0.0	0.0	0.0	0.0	0.0	5.0	1.0	2.0	2.0	1.0	4.0	0.0	0.0	0.0	10.0	0.0	26.0	0.0	1.0	0.0	0.0	1.0	0.0	3.0	2.0	1.0	0.0	0.0	1.0	0.0	0.0	1.0	0.0	1.0	2.0	0.0	0.0	0.0	3.0	2.0	3.0	3.0	0.0	2.0	0.0	0.0	2.0	2.0	1.0	4.0	0.0	0.0	1.0	1.0	8.0	0.0	1.0	0.0	2.0	8.0	13.0	1.0	1.0	0.0	0.0	1.0	5.0	24.0	1.0	4.0	0.0	5.0	1.0	0.0	1.0	0.0	3.0	5.0	0.0	0.0	0.0	5.0	5.0	0.0	0.0	0.0	2.0	6.0	0.0	0.0	9.0	2.0	2.0	0.0	0.0	0.0	0.0	8.0	0.0	4.0	0.0	0.0	0.0	0.0	1.0	5.0	0.0	0.0	4.0	27.0	0.0	0.0	0.0	0.0	0.0	0.0	10.0	1.0	1.0	10.0	0.0	0.0	0.0	0.0	1.0	4.0	2.0	1.0	1.0	2.0	0.0	0.0	0.0	4.0	0.0	0.0	2.0	0.0	2.0	0.0	0.0	1.0	0.0	1.0	0.0	0.0	0.0	1.0	0.0	0.0	0.0	0.0	1.0	0.0	0.0	0.0	0.0	1.0	3.0	0.0	0.0	0.0	0.0	0.0	2.0	0.0	25.0	0.0
10cd502b01abafc87e2ecbad86389286	0.0	0.0	1.0	6.0	0.0	1.0	0.0	1.0	0.0	0.0	0.0	0.0	1.0	0.0	1.0	0.0	0.0	2.0	3.0	2.0	2.0	5.0	2.0	8.0	0.0	0.0	0.0	0.0	14.0	5.0	4.0	0.0	0.0	0.0	0.0	0.0	24.0	1.0	0.0	0.0	0.0	0.0	1.0	0.0	4.0	0.0	5.0	0.0	5.0	0.0	4.0	2.0	0.0	2.0	5.0	0.0	2.0	1.0	0.0	0.0	6.0	5.0	0.0	5.0	0.0	15.0	0.0	0.0	2.0	0.0	0.0	0.0	0.0	2.0	0.0	0.0	3.0	0.0	2.0	0.0	0.0	19.0	0.0	0.0	5.0	3.0	3.0	7.0	0.0	0.0	0.0	0.0	0.0	0.0	0.0	0.0	0.0	3.0	2.0	0.0	0.0	4.0	0.0	0.0	0.0	0.0	5.0	2.0	0.0	0.0	0.0	2.0	3.0	0.0	1.0	1.0	4.0	0.0	4.0	0.0	1.0	2.0	0.0	0.0	0.0	0.0	1.0	0.0	0.0	0.0	2.0	8.0	1.0	2.0	2.0	1.0	0.0	0.0	6.0	0.0	0.0	2.0	1.0	3.0	0.0	0.0	2.0	0.0	8.0	3.0	0.0	0.0	0.0	2.0	4.0	4.0	0.0	0.0	0.0	0.0	0.0	0.0	0.0	0.0	0.0	0.0	3.0	17.0	1.0	2.0	0.0	0.0	3.0	0.0	0.0	0.0	0.0	0.0	0.0	0.0	2.0	0.0	0.0	0.0	1.0	2.0	0.0	0.0	1.0	0.0	0.0	1.0	0.0	2.0	3.0	0.0	0.0	0.0	3.0	0.0	2.0	0.0	0.0
8a261f382a739bbc5f9494b2c64c2744	2.0	5.0	0.0	9.0	0.0	1.0	0.0	1.0	0.0	0.0	7.0	0.0	3.0	4.0	1.0	0.0	4.0	0.0	3.0	2.0	0.0	0.0	0.0	2.0	11.0	4.0	0.0	2.0	18.0	0.0	3.0	0.0	4.0	0.0	9.0	0.0	0.0	0.0	0.0	4.0	6.0	1.0	0.0	0.0	0.0	0.0	2.0	0.0	0.0	0.0	0.0	0.0	0.0	0.0	4.0	7.0	3.0	0.0	1.0	0.0	0.0	2.0	1.0	2.0	1.0	1.0	0.0	0.0	0.0	0.0	0.0	0.0	4.0	0.0	18.0	2.0	0.0	1.0	1.0	0.0	4.0	0.0	0.0	0.0	0.0	0.0	1.0	1.0	0.0	0.0	0.0	13.0	0.0	6.0	12.0	14.0	5.0	8.0	0.0	3.0	0.0	3.0	2.0	1.0	2.0	0.0	0.0	0.0	0.0	0.0	14.0	1.0	5.0	0.0	0.0	0.0	3.0	0.0	0.0	1.0	0.0	0.0	15.0	0.0	10.0	1.0	0.0	0.0	2.0	2.0	0.0	0.0	0.0	3.0	2.0	0.0	7.0	4.0	3.0	0.0	0.0	0.0	0.0	0.0	3.0	0.0	0.0	4.0	0.0	0.0	2.0	0.0	0.0	0.0	2.0	0.0	0.0	6.0	16.0	0.0	6.0	1.0	0.0	0.0	0.0	0.0	0.0	0.0	0.0	0.0	1.0	0.0	0.0	0.0	0.0	0.0	0.0	0.0	5.0	2.0	0.0	1.0	4.0	4.0	1.0	1.0	0.0	2.0	4.0	1.0	0.0	16.0	1.0	6.0	0.0	1.0	0.0	0.0	3.0	3.0	1.0	0.0	0.0
148c7eb0139bbc1b8c87dd31464742e4	0.0	0.0	8.0	0.0	0.0	2.0	0.0	0.0	0.0	0.0	5.0	5.0	0.0	0.0	0.0	0.0	0.0	0.0	0.0	4.0	0.0	2.0	7.0	1.0	0.0	0.0	0.0	14.0	0.0	0.0	7.0	0.0	0.0	10.0	0.0	1.0	1.0	3.0	2.0	4.0	0.0	0.0	0.0	1.0	0.0	0.0	0.0	0.0	0.0	0.0	0.0	0.0	1.0	0.0	0.0	5.0	0.0	0.0	0.0	0.0	1.0	0.0	0.0	3.0	1.0	1.0	3.0	0.0	0.0	0.0	2.0	3.0	5.0	65.0	1.0	0.0	0.0	7.0	4.0	0.0	0.0	5.0	4.0	1.0	0.0	0.0	0.0	2.0	6.0	0.0	0.0	0.0	0.0	2.0	0.0	0.0	0.0	5.0	1.0	16.0	0.0	1.0	1.0	4.0	0.0	0.0	1.0	2.0	0.0	0.0	2.0	0.0	4.0	0.0	4.0	8.0	0.0	0.0	1.0	0.0	3.0	3.0	0.0	0.0	4.0	14.0	0.0	0.0	3.0	5.0	23.0	0.0	0.0	11.0	5.0	0.0	1.0	0.0	10.0	0.0	0.0	0.0	1.0	4.0	0.0	5.0	0.0	2.0	0.0	15.0	0.0	0.0	4.0	16.0	0.0	3.0	4.0	0.0	1.0	0.0	0.0	0.0	0.0	0.0	0.0	3.0	3.0	40.0	0.0	2.0	0.0	0.0	1.0	0.0	10.0	1.0	1.0	0.0	0.0	0.0	0.0	0.0	1.0	0.0	1.0	5.0	0.0	1.0	0.0	4.0	0.0	2.0	2.0	0.0	2.0	2.0	0.0	0.0	1.0	4.0	9.0	0.0	0.0
1ef782a559e3e0a4ab42516e0a2c828f	0.0	0.0	3.0	0.0	5.0	0.0	0.0	0.0	0.0	0.0	0.0	0.0	0.0	0.0	0.0	0.0	0.0	1.0	4.0	0.0	1.0	0.0	1.0	0.0	0.0	0.0	0.0	7.0	0.0	3.0	0.0	0.0	0.0	0.0	0.0	0.0	0.0	0.0	1.0	1.0	0.0	0.0	2.0	0.0	0.0	3.0	1.0	0.0	0.0	0.0	0.0	0.0	0.0	0.0	0.0	0.0	1.0	0.0	5.0	0.0	2.0	1.0	1.0	0.0	0.0	7.0	0.0	0.0	0.0	6.0	0.0	0.0	0.0	0.0	0.0	3.0	0.0	0.0	5.0	0.0	1.0	3.0	0.0	0.0	0.0	0.0	0.0	0.0	0.0	2.0	0.0	0.0	0.0	0.0	0.0	0.0	0.0	0.0	2.0	0.0	0.0	0.0	0.0	1.0	0.0	0.0	0.0	0.0	1.0	1.0	0.0	2.0	1.0	1.0	0.0	0.0	0.0	0.0	0.0	0.0	0.0	2.0	0.0	0.0	0.0	0.0	0.0	1.0	2.0	0.0	1.0	0.0	1.0	0.0	4.0	3.0	0.0	6.0	2.0	0.0	0.0	0.0	0.0	0.0	5.0	0.0	1.0	3.0	1.0	0.0	0.0	0.0	0.0	3.0	0.0	2.0	0.0	0.0	0.0	20.0	1.0	1.0	0.0	0.0	2.0	0.0	0.0	4.0	0.0	0.0	0.0	0.0	0.0	0.0	0.0	0.0	0.0	0.0	4.0	0.0	0.0	0.0	0.0	0.0	0.0	6.0	0.0	0.0	0.0	0.0	1.0	0.0	3.0	0.0	0.0	0.0	0.0	0.0	1.0	0.0	1.0	0.0	2.0
89aabf43d24dd5bd0fd0f5aca189d341	0.0	0.0	1.0	3.0	0.0	0.0	0.0	19.0	0.0	0.0	3.0	0.0	0.0	0.0	0.0	0.0	2.0	0.0	2.0	0.0	1.0	0.0	0.0	2.0	0.0	2.0	0.0	0.0	0.0	0.0	16.0	0.0	0.0	3.0	3.0	0.0	2.0	2.0	0.0	1.0	0.0	0.0	0.0	0.0	0.0	0.0	1.0	0.0	0.0	0.0	0.0	0.0	0.0	4.0	4.0	8.0	2.0	0.0	0.0	2.0	0.0	0.0	3.0	17.0	1.0	0.0	3.0	0.0	0.0	0.0	1.0	4.0	0.0	6.0	3.0	2.0	0.0	0.0	1.0	0.0	0.0	1.0	2.0	0.0	0.0	9.0	0.0	0.0	0.0	2.0	4.0	0.0	3.0	0.0	0.0	6.0	4.0	2.0	3.0	2.0	0.0	0.0	0.0	0.0	2.0	0.0	0.0	5.0	0.0	5.0	5.0	0.0	3.0	0.0	0.0	0.0	1.0	21.0	0.0	1.0	5.0	0.0	0.0	0.0	4.0	3.0	0.0	2.0	0.0	1.0	0.0	2.0	0.0	6.0	0.0	0.0	0.0	0.0	13.0	0.0	0.0	0.0	0.0	3.0	0.0	0.0	7.0	3.0	3.0	0.0	0.0	0.0	0.0	2.0	2.0	3.0	0.0	0.0	0.0	0.0	2.0	0.0	0.0	1.0	1.0	0.0	1.0	3.0	0.0	1.0	0.0	0.0	1.0	0.0	0.0	1.0	0.0	0.0	7.0	3.0	5.0	2.0	5.0	1.0	1.0	4.0	1.0	0.0	2.0	4.0	0.0	6.0	3.0	0.0	0.0	0.0	0.0	0.0	1.0	4.0	1.0	0.0	0.0
c1365ec008032ee718dcafaf5ac17adb	0.0	0.0	0.0	0.0	0.0	0.0	3.0	0.0	0.0	0.0	0.0	3.0	0.0	3.0	0.0	3.0	1.0	0.0	6.0	6.0	0.0	3.0	3.0	0.0	0.0	2.0	11.0	0.0	0.0	5.0	0.0	3.0	6.0	0.0	0.0	2.0	0.0	0.0	2.0	21.0	0.0	7.0	0.0	9.0	1.0	0.0	0.0	0.0	0.0	0.0	0.0	0.0	4.0	0.0	2.0	0.0	0.0	3.0	0.0	4.0	0.0	1.0	0.0	0.0	1.0	0.0	8.0	7.0	0.0	0.0	3.0	0.0	0.0	0.0	0.0	0.0	0.0	0.0	1.0	8.0	1.0	0.0	0.0	0.0	0.0	0.0	1.0	1.0	0.0	0.0	0.0	0.0	0.0	0.0	5.0	0.0	5.0	0.0	2.0	0.0	3.0	0.0	0.0	8.0	2.0	0.0	0.0	0.0	9.0	1.0	1.0	9.0	4.0	0.0	0.0	0.0	5.0	0.0	0.0	2.0	0.0	0.0	1.0	0.0	0.0	0.0	0.0	0.0	3.0	5.0	2.0	0.0	0.0	0.0	0.0	0.0	14.0	0.0	0.0	0.0	4.0	6.0	0.0	0.0	0.0	2.0	0.0	0.0	0.0	2.0	7.0	0.0	0.0	0.0	0.0	5.0	1.0	0.0	0.0	0.0	4.0	0.0	0.0	1.0	1.0	4.0	1.0	0.0	0.0	0.0	0.0	0.0	4.0	0.0	0.0	1.0	13.0	6.0	3.0	2.0	0.0	3.0	2.0	6.0	6.0	0.0	5.0	0.0	3.0	2.0	0.0	0.0	0.0	0.0	0.0	6.0	0.0	0.0	1.0	2.0	0.0	3.0	6.0
370829fece3190f1a8efccf50b7d0921	3.0	4.0	9.0	9.0	9.0	0.0	1.0	0.0	15.0	1.0	1.0	0.0	1.0	0.0	0.0	3.0	0.0	0.0	0.0	0.0	1.0	0.0	0.0	0.0	4.0	3.0	1.0	7.0	2.0	4.0	3.0	0.0	1.0	0.0	8.0	1.0	3.0	1.0	0.0	0.0	2.0	0.0	0.0	0.0	0.0	1.0	0.0	7.0	0.0	11.0	1.0	4.0	0.0	0.0	1.0	0.0	1.0	1.0	0.0	2.0	2.0	0.0	0.0	2.0	0.0	7.0	0.0	0.0	0.0	3.0	0.0	0.0	0.0	2.0	0.0	0.0	1.0	0.0	0.0	0.0	1.0	0.0	0.0	2.0	2.0	0.0	0.0	0.0	1.0	2.0	0.0	0.0	1.0	2.0	3.0	4.0	4.0	0.0	0.0	0.0	0.0	1.0	12.0	0.0	13.0	0.0	0.0	0.0	0.0	2.0	0.0	0.0	1.0	1.0	0.0	0.0	0.0	0.0	0.0	0.0	0.0	0.0	0.0	0.0	0.0	2.0	1.0	4.0	0.0	0.0	0.0	0.0	0.0	1.0	1.0	1.0	0.0	0.0	0.0	1.0	0.0	0.0	2.0	2.0	5.0	0.0	0.0	0.0	0.0	3.0	0.0	4.0	3.0	2.0	4.0	3.0	0.0	0.0	0.0	0.0	0.0	4.0	0.0	0.0	1.0	0.0	0.0	0.0	5.0	2.0	1.0	1.0	0.0	2.0	0.0	0.0	0.0	0.0	1.0	0.0	0.0	0.0	0.0	0.0	0.0	2.0	0.0	0.0	0.0	0.0	0.0	0.0	0.0	0.0	0.0	2.0	0.0	2.0	0.0	0.0	4.0	6.0	0.0
4c2189b6b5ced3cb80093414e9449de9	0.0	0.0	0.0	0.0	14.0	0.0	0.0	0.0	0.0	0.0	5.0	4.0	0.0	2.0	0.0	1.0	3.0	3.0	0.0	2.0	0.0	2.0	0.0	0.0	0.0	0.0	0.0	0.0	8.0	0.0	11.0	0.0	0.0	0.0	0.0	0.0	0.0	0.0	0.0	1.0	0.0	0.0	0.0	0.0	0.0	0.0	0.0	0.0	0.0	0.0	5.0	3.0	0.0	1.0	2.0	0.0	2.0	0.0	0.0	0.0	4.0	0.0	2.0	0.0	1.0	1.0	3.0	2.0	0.0	0.0	3.0	0.0	0.0	3.0	4.0	4.0	0.0	0.0	0.0	0.0	0.0	0.0	0.0	3.0	0.0	0.0	0.0	0.0	0.0	0.0	0.0	5.0	0.0	0.0	0.0	3.0	1.0	0.0	1.0	0.0	0.0	0.0	0.0	1.0	0.0	0.0	0.0	0.0	1.0	0.0	0.0	0.0	3.0	0.0	1.0	0.0	0.0	0.0	0.0	0.0	1.0	4.0	1.0	2.0	0.0	0.0	0.0	8.0	0.0	1.0	5.0	0.0	4.0	1.0	0.0	0.0	0.0	0.0	0.0	0.0	0.0	0.0	2.0	5.0	0.0	0.0	0.0	0.0	11.0	1.0	2.0	2.0	0.0	0.0	4.0	0.0	0.0	0.0	0.0	0.0	1.0	10.0	1.0	0.0	0.0	0.0	1.0	11.0	1.0	5.0	0.0	0.0	0.0	0.0	5.0	0.0	5.0	0.0	5.0	0.0	0.0	1.0	2.0	0.0	6.0	0.0	0.0	2.0	1.0	1.0	0.0	0.0	0.0	0.0	0.0	1.0	2.0	0.0	4.0	0.0	0.0	0.0	1.0
ea3433f2c148c6fae4cc2e9ae197f5b8	2.0	3.0	0.0	0.0	0.0	0.0	4.0	0.0	0.0	0.0	0.0	18.0	0.0	0.0	0.0	0.0	7.0	1.0	0.0	0.0	0.0	0.0	10.0	0.0	2.0	13.0	0.0	0.0	1.0	0.0	0.0	6.0	0.0	0.0	0.0	0.0	1.0	0.0	0.0	2.0	0.0	0.0	3.0	8.0	0.0	0.0	1.0	14.0	0.0	0.0	0.0	0.0	0.0	1.0	0.0	0.0	0.0	0.0	0.0	10.0	0.0	0.0	0.0	0.0	0.0	3.0	0.0	0.0	0.0	0.0	15.0	0.0	0.0	3.0	1.0	0.0	0.0	0.0	0.0	0.0	0.0	0.0	0.0	0.0	0.0	5.0	0.0	0.0	0.0	0.0	0.0	5.0	8.0	6.0	0.0	0.0	1.0	9.0	0.0	2.0	4.0	0.0	0.0	12.0	0.0	5.0	0.0	4.0	1.0	0.0	0.0	4.0	0.0	0.0	0.0	0.0	1.0	0.0	0.0	0.0	0.0	0.0	0.0	0.0	0.0	3.0	0.0	0.0	1.0	0.0	0.0	6.0	0.0	9.0	2.0	1.0	0.0	0.0	0.0	0.0	0.0	9.0	0.0	2.0	0.0	1.0	0.0	0.0	1.0	0.0	6.0	1.0	3.0	0.0	0.0	0.0	2.0	19.0	0.0	0.0	0.0	6.0	0.0	0.0	14.0	0.0	8.0	2.0	0.0	0.0	3.0	0.0	0.0	4.0	0.0	0.0	2.0	3.0	0.0	0.0	0.0	0.0	1.0	0.0	0.0	0.0	2.0	0.0	0.0	0.0	4.0	1.0	0.0	63.0	0.0	2.0	2.0	0.0	0.0	0.0	5.0	3.0	2.0
29ccf8b234ac00b114fb2c8e1c44f932	0.0	0.0	0.0	3.0	0.0	0.0	0.0	2.0	0.0	0.0	0.0	0.0	2.0	0.0	0.0	0.0	0.0	0.0	2.0	0.0	0.0	0.0	0.0	0.0	0.0	0.0	3.0	11.0	0.0	0.0	0.0	0.0	0.0	1.0	0.0	0.0	0.0	0.0	0.0	0.0	0.0	0.0	0.0	0.0	4.0	18.0	0.0	0.0	5.0	14.0	2.0	2.0	0.0	0.0	0.0	0.0	0.0	0.0	0.0	0.0	0.0	0.0	6.0	0.0	0.0	1.0	0.0	0.0	7.0	6.0	0.0	0.0	0.0	0.0	0.0	3.0	7.0	0.0	0.0	0.0	0.0	0.0	0.0	0.0	10.0	0.0	0.0	0.0	0.0	0.0	0.0	0.0	0.0	0.0	0.0	8.0	0.0	0.0	0.0	0.0	0.0	0.0	0.0	0.0	0.0	0.0	0.0	0.0	2.0	1.0	3.0	0.0	3.0	0.0	0.0	0.0	0.0	0.0	0.0	0.0	0.0	2.0	0.0	0.0	4.0	0.0	2.0	2.0	0.0	0.0	0.0	0.0	0.0	2.0	1.0	0.0	4.0	4.0	0.0	2.0	0.0	0.0	0.0	4.0	0.0	1.0	5.0	0.0	0.0	0.0	0.0	4.0	0.0	0.0	2.0	0.0	0.0	0.0	1.0	1.0	1.0	0.0	0.0	0.0	7.0	0.0	0.0	0.0	0.0	0.0	3.0	2.0	0.0	5.0	23.0	4.0	0.0	0.0	0.0	0.0	0.0	0.0	0.0	0.0	0.0	12.0	0.0	0.0	5.0	0.0	7.0	0.0	0.0	1.0	0.0	0.0	0.0	0.0	3.0	1.0	0.0	0.0	0.0
3e93fd55a231bb99b67a666bad8446a8	0.0	2.0	1.0	1.0	0.0	0.0	0.0	0.0	3.0	1.0	0.0	0.0	0.0	0.0	0.0	0.0	1.0	0.0	1.0	0.0	0.0	2.0	0.0	0.0	4.0	0.0	1.0	1.0	1.0	0.0	3.0	0.0	0.0	0.0	0.0	0.0	1.0	0.0	0.0	3.0	0.0	0.0	0.0	0.0	0.0	3.0	1.0	2.0	2.0	0.0	0.0	1.0	0.0	3.0	0.0	0.0	1.0	0.0	11.0	0.0	0.0	2.0	1.0	0.0	0.0	0.0	0.0	1.0	0.0	0.0	0.0	1.0	0.0	0.0	1.0	0.0	0.0	2.0	0.0	0.0	0.0	0.0	2.0	0.0	3.0	0.0	0.0	1.0	0.0	0.0	0.0	2.0	1.0	0.0	1.0	1.0	0.0	0.0	0.0	1.0	1.0	2.0	0.0	0.0	0.0	0.0	0.0	0.0	0.0	0.0	5.0	0.0	0.0	1.0	0.0	6.0	1.0	0.0	0.0	0.0	0.0	1.0	0.0	0.0	0.0	0.0	2.0	10.0	0.0	1.0	0.0	0.0	0.0	1.0	1.0	2.0	0.0	3.0	3.0	1.0	0.0	0.0	0.0	2.0	1.0	0.0	3.0	0.0	2.0	0.0	0.0	2.0	1.0	0.0	0.0	0.0	0.0	0.0	0.0	1.0	0.0	0.0	1.0	3.0	0.0	0.0	0.0	4.0	2.0	0.0	0.0	1.0	0.0	0.0	0.0	0.0	0.0	0.0	2.0	0.0	3.0	0.0	0.0	1.0	0.0	3.0	0.0	1.0	0.0	0.0	1.0	1.0	0.0	0.0	0.0	0.0	0.0	0.0	0.0	0.0	0.0	2.0	0.0
237135dc8b20f922cabee934f7d410a1	0.0	0.0	0.0	0.0	3.0	0.0	1.0	0.0	0.0	0.0	0.0	2.0	0.0	0.0	0.0	0.0	0.0	0.0	2.0	0.0	0.0	0.0	5.0	0.0	0.0	0.0	4.0	0.0	0.0	0.0	0.0	0.0	0.0	0.0	0.0	0.0	0.0	2.0	1.0	1.0	0.0	0.0	0.0	2.0	0.0	0.0	1.0	0.0	1.0	0.0	0.0	0.0	0.0	2.0	0.0	1.0	2.0	0.0	0.0	1.0	1.0	0.0	2.0	0.0	0.0	0.0	0.0	0.0	0.0	3.0	7.0	0.0	0.0	0.0	0.0	0.0	3.0	0.0	0.0	0.0	0.0	0.0	0.0	0.0	1.0	6.0	0.0	0.0	0.0	0.0	0.0	0.0	2.0	0.0	0.0	0.0	0.0	6.0	1.0	0.0	0.0	0.0	0.0	0.0	0.0	0.0	0.0	2.0	0.0	0.0	1.0	0.0	0.0	0.0	0.0	4.0	2.0	0.0	1.0	0.0	0.0	0.0	0.0	0.0	0.0	0.0	0.0	2.0	12.0	0.0	0.0	0.0	0.0	0.0	2.0	1.0	0.0	0.0	0.0	0.0	0.0	0.0	2.0	42.0	0.0	0.0	2.0	0.0	0.0	0.0	10.0	0.0	0.0	2.0	0.0	0.0	2.0	2.0	0.0	0.0	0.0	0.0	1.0	0.0	6.0	0.0	2.0	1.0	0.0	0.0	2.0	0.0	0.0	0.0	0.0	0.0	0.0	0.0	2.0	1.0	0.0	3.0	0.0	0.0	0.0	0.0	0.0	0.0	0.0	0.0	0.0	2.0	0.0	46.0	3.0	1.0	1.0	4.0	0.0	0.0	6.0	1.0	0.0
2a13ecb6c618ddf8154298c69336dd8e	0.0	0.0	0.0	2.0	0.0	1.0	0.0	9.0	2.0	12.0	1.0	0.0	0.0	0.0	0.0	0.0	5.0	1.0	0.0	0.0	0.0	0.0	0.0	0.0	8.0	0.0	0.0	0.0	4.0	0.0	2.0	0.0	0.0	0.0	2.0	0.0	0.0	0.0	0.0	0.0	3.0	0.0	0.0	0.0	0.0	7.0	4.0	0.0	0.0	33.0	0.0	4.0	0.0	1.0	6.0	1.0	1.0	1.0	0.0	0.0	0.0	0.0	0.0	0.0	0.0	0.0	0.0	0.0	0.0	0.0	0.0	0.0	0.0	0.0	0.0	0.0	1.0	1.0	0.0	0.0	0.0	0.0	0.0	0.0	0.0	4.0	0.0	0.0	0.0	0.0	0.0	0.0	3.0	0.0	0.0	0.0	1.0	0.0	0.0	7.0	0.0	0.0	2.0	0.0	17.0	3.0	0.0	0.0	0.0	3.0	0.0	1.0	0.0	0.0	0.0	3.0	0.0	0.0	1.0	0.0	0.0	0.0	0.0	0.0	6.0	0.0	0.0	2.0	0.0	0.0	0.0	0.0	0.0	8.0	0.0	0.0	3.0	0.0	0.0	0.0	0.0	0.0	1.0	0.0	11.0	2.0	0.0	3.0	0.0	0.0	0.0	0.0	0.0	0.0	0.0	3.0	0.0	1.0	3.0	1.0	0.0	0.0	0.0	4.0	2.0	0.0	0.0	6.0	0.0	0.0	5.0	3.0	0.0	0.0	0.0	1.0	0.0	0.0	3.0	1.0	1.0	1.0	0.0	0.0	0.0	2.0	0.0	1.0	6.0	0.0	0.0	1.0	0.0	0.0	0.0	0.0	0.0	0.0	0.0	0.0	1.0	0.0	0.0
1986030e3c5cd5df6d869054bc96e536	11.0	1.0	3.0	0.0	32.0	0.0	0.0	0.0	0.0	0.0	1.0	0.0	0.0	0.0	0.0	1.0	0.0	3.0	0.0	0.0	0.0	15.0	37.0	0.0	0.0	0.0	0.0	0.0	0.0	0.0	0.0	0.0	0.0	0.0	0.0	0.0	0.0	0.0	3.0	0.0	0.0	0.0	0.0	0.0	0.0	0.0	0.0	2.0	0.0	0.0	2.0	1.0	0.0	0.0	0.0	0.0	0.0	0.0	0.0	0.0	0.0	1.0	0.0	0.0	0.0	1.0	0.0	1.0	0.0	0.0	6.0	0.0	0.0	7.0	0.0	0.0	0.0	0.0	0.0	0.0	0.0	0.0	2.0	0.0	0.0	0.0	1.0	0.0	0.0	0.0	0.0	0.0	0.0	0.0	0.0	0.0	1.0	1.0	0.0	0.0	1.0	0.0	0.0	20.0	0.0	0.0	1.0	0.0	0.0	0.0	0.0	0.0	0.0	0.0	0.0	0.0	0.0	0.0	0.0	0.0	0.0	0.0	0.0	0.0	0.0	0.0	0.0	0.0	8.0	0.0	2.0	12.0	4.0	0.0	33.0	0.0	0.0	0.0	0.0	0.0	0.0	2.0	0.0	1.0	0.0	0.0	0.0	0.0	1.0	2.0	3.0	0.0	11.0	6.0	19.0	0.0	6.0	0.0	0.0	0.0	0.0	0.0	6.0	0.0	0.0	93.0	0.0	0.0	0.0	0.0	0.0	0.0	0.0	0.0	0.0	1.0	0.0	3.0	0.0	0.0	0.0	0.0	0.0	0.0	0.0	1.0	3.0	0.0	0.0	17.0	0.0	0.0	0.0	0.0	1.0	1.0	0.0	0.0	0.0	0.0	53.0	0.0	0.0
8f1c11c7b732265cbfc1bb7dbd0241e7	0.0	0.0	0.0	0.0	0.0	8.0	0.0	11.0	0.0	0.0	4.0	0.0	0.0	0.0	1.0	0.0	1.0	1.0	2.0	0.0	7.0	0.0	1.0	3.0	3.0	0.0	0.0	0.0	0.0	0.0	0.0	0.0	0.0	1.0	1.0	0.0	0.0	12.0	0.0	0.0	2.0	0.0	0.0	0.0	0.0	0.0	1.0	0.0	0.0	0.0	0.0	0.0	0.0	0.0	4.0	6.0	2.0	1.0	0.0	0.0	0.0	0.0	3.0	4.0	2.0	0.0	1.0	0.0	10.0	0.0	0.0	0.0	9.0	10.0	4.0	1.0	3.0	5.0	0.0	0.0	0.0	1.0	0.0	1.0	0.0	9.0	0.0	1.0	0.0	0.0	0.0	6.0	1.0	8.0	0.0	1.0	0.0	3.0	0.0	16.0	0.0	0.0	0.0	1.0	0.0	9.0	3.0	0.0	2.0	0.0	0.0	0.0	6.0	0.0	0.0	3.0	1.0	0.0	7.0	0.0	5.0	0.0	0.0	0.0	0.0	4.0	0.0	0.0	0.0	3.0	0.0	0.0	0.0	12.0	3.0	0.0	8.0	0.0	4.0	0.0	0.0	0.0	0.0	1.0	0.0	0.0	3.0	3.0	0.0	0.0	0.0	3.0	1.0	3.0	3.0	4.0	1.0	0.0	1.0	0.0	1.0	2.0	0.0	0.0	3.0	0.0	5.0	3.0	0.0	0.0	0.0	0.0	5.0	0.0	0.0	0.0	0.0	0.0	0.0	3.0	0.0	1.0	3.0	2.0	3.0	0.0	0.0	0.0	0.0	3.0	14.0	3.0	2.0	0.0	0.0	0.0	0.0	0.0	0.0	3.0	0.0	0.0	2.0
bad4f7c5ada34a1f813946abcfe5c556	6.0	2.0	0.0	0.0	0.0	2.0	0.0	2.0	0.0	0.0	3.0	1.0	0.0	0.0	0.0	0.0	9.0	0.0	2.0	4.0	7.0	0.0	3.0	3.0	0.0	1.0	1.0	0.0	2.0	1.0	1.0	0.0	0.0	0.0	9.0	0.0	0.0	2.0	0.0	1.0	9.0	1.0	0.0	2.0	0.0	0.0	4.0	0.0	1.0	0.0	2.0	0.0	0.0	0.0	0.0	0.0	0.0	2.0	0.0	0.0	7.0	2.0	1.0	6.0	1.0	0.0	1.0	0.0	0.0	0.0	0.0	0.0	0.0	3.0	0.0	0.0	0.0	1.0	0.0	2.0	0.0	5.0	0.0	0.0	0.0	1.0	1.0	4.0	0.0	1.0	0.0	0.0	0.0	2.0	0.0	0.0	2.0	3.0	2.0	1.0	2.0	0.0	1.0	4.0	0.0	3.0	2.0	0.0	1.0	0.0	0.0	5.0	0.0	0.0	2.0	0.0	0.0	8.0	12.0	3.0	3.0	1.0	0.0	0.0	4.0	0.0	3.0	0.0	3.0	2.0	2.0	6.0	0.0	0.0	0.0	1.0	6.0	0.0	8.0	2.0	0.0	0.0	3.0	1.0	0.0	0.0	0.0	1.0	1.0	0.0	4.0	0.0	9.0	0.0	9.0	0.0	1.0	0.0	0.0	0.0	0.0	1.0	0.0	0.0	0.0	0.0	7.0	1.0	4.0	2.0	0.0	0.0	1.0	0.0	0.0	3.0	0.0	2.0	8.0	0.0	0.0	0.0	4.0	0.0	4.0	6.0	0.0	1.0	6.0	1.0	0.0	1.0	0.0	0.0	6.0	6.0	0.0	2.0	0.0	1.0	4.0	0.0	0.0
1fa555f9a74d47a6ca7a65a347bc885f	0.0	0.0	0.0	0.0	0.0	2.0	0.0	0.0	0.0	0.0	1.0	0.0	0.0	0.0	1.0	0.0	0.0	1.0	0.0	14.0	0.0	5.0	0.0	0.0	0.0	2.0	0.0	0.0	0.0	36.0	0.0	0.0	3.0	0.0	0.0	7.0	0.0	9.0	1.0	5.0	0.0	2.0	0.0	35.0	0.0	0.0	1.0	0.0	0.0	0.0	0.0	0.0	0.0	2.0	6.0	1.0	0.0	0.0	0.0	0.0	0.0	0.0	0.0	3.0	4.0	0.0	1.0	0.0	0.0	0.0	4.0	1.0	0.0	1.0	0.0	3.0	5.0	12.0	5.0	0.0	0.0	2.0	7.0	0.0	0.0	0.0	2.0	4.0	12.0	0.0	0.0	0.0	0.0	3.0	0.0	0.0	1.0	1.0	7.0	2.0	1.0	0.0	0.0	1.0	0.0	0.0	25.0	0.0	4.0	0.0	0.0	4.0	0.0	0.0	0.0	0.0	0.0	0.0	8.0	6.0	4.0	0.0	0.0	0.0	0.0	0.0	0.0	0.0	1.0	0.0	3.0	47.0	0.0	0.0	0.0	4.0	4.0	0.0	2.0	2.0	9.0	2.0	0.0	0.0	3.0	0.0	0.0	1.0	0.0	6.0	0.0	0.0	1.0	3.0	0.0	6.0	8.0	0.0	0.0	0.0	0.0	0.0	2.0	0.0	0.0	2.0	0.0	0.0	0.0	11.0	0.0	0.0	0.0	0.0	0.0	0.0	12.0	3.0	0.0	9.0	1.0	2.0	4.0	11.0	12.0	0.0	1.0	1.0	0.0	2.0	0.0	0.0	1.0	0.0	3.0	14.0	3.0	3.0	0.0	0.0	0.0	0.0	4.0
059c8f8bb468064b134ea6d3661761ea	2.0	2.0	6.0	20.0	0.0	1.0	1.0	0.0	0.0	0.0	13.0	1.0	0.0	0.0	0.0	0.0	0.0	0.0	0.0	0.0	0.0	0.0	0.0	1.0	0.0	0.0	0.0	0.0	0.0	3.0	0.0	0.0	1.0	0.0	0.0	2.0	3.0	0.0	1.0	1.0	0.0	0.0	0.0	4.0	0.0	0.0	0.0	0.0	0.0	31.0	4.0	0.0	0.0	1.0	2.0	0.0	1.0	0.0	0.0	1.0	11.0	0.0	0.0	1.0	2.0	4.0	0.0	0.0	0.0	5.0	0.0	2.0	0.0	10.0	0.0	2.0	1.0	0.0	0.0	0.0	0.0	7.0	3.0	0.0	0.0	0.0	0.0	3.0	9.0	3.0	0.0	0.0	0.0	0.0	0.0	0.0	1.0	0.0	0.0	10.0	0.0	0.0	0.0	2.0	2.0	0.0	15.0	0.0	0.0	1.0	0.0	4.0	0.0	0.0	3.0	0.0	0.0	0.0	0.0	7.0	5.0	0.0	0.0	0.0	0.0	0.0	0.0	0.0	5.0	1.0	0.0	17.0	0.0	0.0	41.0	0.0	0.0	0.0	12.0	0.0	11.0	3.0	0.0	4.0	0.0	0.0	0.0	2.0	5.0	0.0	1.0	0.0	17.0	0.0	0.0	0.0	1.0	0.0	0.0	0.0	0.0	0.0	0.0	0.0	2.0	0.0	4.0	7.0	1.0	1.0	0.0	0.0	0.0	0.0	0.0	0.0	0.0	2.0	7.0	8.0	2.0	0.0	0.0	0.0	2.0	1.0	0.0	0.0	2.0	0.0	0.0	0.0	5.0	0.0	2.0	1.0	0.0	0.0	0.0	0.0	2.0	0.0	1.0
32c4498732e02af61d331441ceabc5f5	0.0	2.0	0.0	0.0	12.0	0.0	0.0	0.0	0.0	0.0	1.0	0.0	0.0	0.0	0.0	0.0	0.0	0.0	2.0	0.0	2.0	0.0	0.0	1.0	0.0	0.0	2.0	0.0	0.0	0.0	0.0	0.0	0.0	0.0	16.0	0.0	0.0	0.0	0.0	0.0	7.0	0.0	0.0	0.0	0.0	5.0	1.0	0.0	0.0	80.0	0.0	16.0	0.0	0.0	0.0	0.0	1.0	0.0	0.0	5.0	0.0	0.0	0.0	0.0	0.0	0.0	0.0	0.0	6.0	8.0	0.0	0.0	0.0	0.0	1.0	0.0	2.0	6.0	0.0	0.0	0.0	0.0	0.0	0.0	0.0	0.0	0.0	0.0	0.0	11.0	0.0	8.0	0.0	0.0	0.0	0.0	0.0	0.0	0.0	1.0	0.0	3.0	0.0	0.0	0.0	0.0	0.0	0.0	0.0	3.0	0.0	0.0	2.0	11.0	0.0	7.0	0.0	0.0	0.0	0.0	0.0	0.0	2.0	1.0	0.0	0.0	1.0	0.0	0.0	0.0	0.0	0.0	0.0	0.0	0.0	0.0	0.0	0.0	0.0	1.0	0.0	0.0	0.0	0.0	18.0	0.0	5.0	0.0	0.0	0.0	0.0	0.0	0.0	1.0	2.0	0.0	0.0	0.0	0.0	28.0	3.0	0.0	0.0	0.0	0.0	0.0	0.0	0.0	0.0	0.0	1.0	0.0	0.0	0.0	0.0	0.0	0.0	0.0	1.0	0.0	1.0	0.0	0.0	0.0	0.0	8.0	0.0	2.0	0.0	0.0	2.0	1.0	0.0	0.0	0.0	0.0	0.0	0.0	0.0	0.0	0.0	0.0	0.0
6a129e8ae637c96e7bb56223913911f7	1.0	1.0	0.0	0.0	0.0	8.0	0.0	0.0	0.0	0.0	0.0	0.0	0.0	0.0	2.0	0.0	4.0	0.0	7.0	0.0	0.0	0.0	7.0	0.0	0.0	3.0	0.0	0.0	0.0	0.0	0.0	0.0	1.0	0.0	0.0	0.0	0.0	1.0	0.0	14.0	0.0	2.0	0.0	6.0	2.0	0.0	0.0	0.0	0.0	0.0	5.0	0.0	7.0	2.0	3.0	0.0	0.0	0.0	0.0	0.0	0.0	1.0	4.0	0.0	0.0	3.0	0.0	1.0	0.0	0.0	6.0	3.0	0.0	3.0	4.0	0.0	5.0	0.0	0.0	0.0	0.0	0.0	0.0	0.0	0.0	0.0	0.0	0.0	0.0	0.0	0.0	0.0	0.0	3.0	0.0	2.0	0.0	0.0	5.0	0.0	0.0	2.0	0.0	2.0	0.0	0.0	3.0	0.0	2.0	0.0	1.0	0.0	2.0	0.0	1.0	0.0	0.0	0.0	2.0	0.0	0.0	0.0	0.0	0.0	0.0	0.0	0.0	0.0	0.0	5.0	0.0	0.0	11.0	0.0	13.0	3.0	1.0	0.0	0.0	0.0	0.0	0.0	2.0	5.0	0.0	0.0	0.0	4.0	0.0	0.0	1.0	2.0	9.0	0.0	0.0	0.0	0.0	0.0	0.0	0.0	0.0	0.0	1.0	0.0	0.0	0.0	0.0	0.0	0.0	0.0	0.0	0.0	0.0	0.0	0.0	0.0	0.0	2.0	0.0	0.0	1.0	0.0	0.0	0.0	1.0	0.0	2.0	0.0	5.0	0.0	0.0	0.0	0.0	0.0	2.0	2.0	0.0	0.0	0.0	2.0	0.0	0.0	0.0
86deb5cf8d6f29d383136e0d09863b69	0.0	0.0	0.0	0.0	14.0	1.0	0.0	0.0	0.0	0.0	0.0	3.0	0.0	0.0	0.0	0.0	0.0	0.0	0.0	0.0	0.0	0.0	0.0	1.0	0.0	1.0	0.0	0.0	0.0	0.0	0.0	0.0	0.0	1.0	3.0	0.0	1.0	0.0	0.0	0.0	0.0	0.0	0.0	0.0	0.0	3.0	0.0	0.0	2.0	0.0	0.0	2.0	0.0	0.0	0.0	0.0	0.0	0.0	0.0	1.0	0.0	0.0	0.0	0.0	0.0	0.0	1.0	0.0	0.0	2.0	0.0	1.0	0.0	1.0	0.0	2.0	0.0	0.0	0.0	0.0	0.0	1.0	0.0	0.0	0.0	0.0	0.0	0.0	0.0	0.0	0.0	3.0	0.0	0.0	0.0	0.0	0.0	1.0	0.0	3.0	0.0	1.0	0.0	0.0	0.0	0.0	0.0	0.0	0.0	0.0	0.0	0.0	3.0	0.0	0.0	0.0	0.0	0.0	0.0	0.0	0.0	0.0	0.0	0.0	0.0	0.0	0.0	9.0	0.0	0.0	0.0	0.0	0.0	0.0	0.0	0.0	0.0	0.0	0.0	1.0	0.0	0.0	0.0	0.0	6.0	0.0	1.0	1.0	0.0	0.0	0.0	0.0	0.0	1.0	0.0	0.0	0.0	0.0	0.0	0.0	0.0	0.0	0.0	1.0	0.0	0.0	0.0	0.0	0.0	0.0	0.0	0.0	0.0	0.0	1.0	0.0	0.0	0.0	0.0	0.0	0.0	0.0	0.0	0.0	0.0	0.0	0.0	0.0	0.0	0.0	0.0	0.0	0.0	0.0	0.0	0.0	0.0	0.0	0.0	0.0	1.0	0.0	0.0
7dfa96abfa7484bb6c9cfa90dc9b606f	1.0	0.0	0.0	0.0	0.0	0.0	0.0	1.0	0.0	0.0	0.0	0.0	0.0	0.0	0.0	0.0	0.0	0.0	1.0	0.0	0.0	0.0	0.0	0.0	0.0	0.0	0.0	0.0	0.0	1.0	0.0	1.0	2.0	0.0	0.0	0.0	0.0	0.0	1.0	0.0	0.0	0.0	0.0	0.0	0.0	7.0	0.0	0.0	0.0	0.0	0.0	0.0	1.0	0.0	4.0	3.0	0.0	0.0	7.0	0.0	0.0	0.0	1.0	0.0	0.0	0.0	3.0	1.0	2.0	0.0	0.0	0.0	0.0	1.0	0.0	3.0	1.0	3.0	0.0	0.0	0.0	1.0	0.0	0.0	0.0	0.0	0.0	0.0	4.0	0.0	0.0	0.0	0.0	1.0	0.0	1.0	0.0	0.0	2.0	0.0	0.0	1.0	1.0	4.0	0.0	0.0	0.0	1.0	1.0	0.0	11.0	1.0	0.0	0.0	0.0	2.0	0.0	0.0	0.0	1.0	4.0	0.0	0.0	0.0	2.0	0.0	0.0	0.0	0.0	0.0	0.0	0.0	0.0	0.0	0.0	1.0	3.0	0.0	0.0	0.0	0.0	2.0	0.0	0.0	0.0	0.0	14.0	1.0	0.0	0.0	1.0	0.0	0.0	0.0	0.0	0.0	4.0	0.0	0.0	1.0	0.0	1.0	1.0	1.0	0.0	0.0	3.0	0.0	0.0	1.0	9.0	5.0	0.0	0.0	0.0	0.0	0.0	0.0	0.0	20.0	0.0	0.0	0.0	0.0	0.0	0.0	0.0	1.0	2.0	0.0	0.0	0.0	0.0	0.0	1.0	0.0	1.0	6.0	2.0	0.0	0.0	3.0	0.0
3f1ed51e954b35a8108c12dd882b696b	0.0	0.0	0.0	4.0	0.0	0.0	0.0	0.0	0.0	6.0	1.0	0.0	0.0	0.0	0.0	0.0	0.0	0.0	1.0	0.0	0.0	0.0	0.0	0.0	0.0	0.0	0.0	0.0	0.0	0.0	0.0	0.0	0.0	0.0	1.0	0.0	0.0	1.0	1.0	0.0	0.0	0.0	0.0	0.0	0.0	2.0	0.0	0.0	0.0	5.0	0.0	0.0	0.0	0.0	0.0	0.0	1.0	0.0	2.0	1.0	2.0	0.0	2.0	1.0	0.0	2.0	0.0	1.0	0.0	0.0	0.0	0.0	0.0	0.0	0.0	1.0	0.0	0.0	0.0	0.0	1.0	0.0	0.0	0.0	0.0	2.0	0.0	0.0	0.0	0.0	0.0	1.0	0.0	0.0	0.0	1.0	0.0	0.0	0.0	2.0	0.0	0.0	0.0	1.0	0.0	0.0	0.0	0.0	0.0	1.0	3.0	0.0	4.0	3.0	0.0	2.0	0.0	0.0	3.0	0.0	0.0	0.0	1.0	2.0	2.0	0.0	1.0	0.0	0.0	0.0	0.0	0.0	0.0	1.0	2.0	0.0	3.0	5.0	0.0	0.0	0.0	1.0	0.0	0.0	0.0	6.0	1.0	0.0	1.0	0.0	0.0	0.0	0.0	0.0	0.0	0.0	0.0	0.0	4.0	2.0	1.0	2.0	0.0	0.0	2.0	0.0	0.0	0.0	0.0	0.0	0.0	0.0	1.0	0.0	0.0	0.0	0.0	0.0	0.0	0.0	0.0	0.0	2.0	0.0	0.0	2.0	0.0	0.0	0.0	0.0	0.0	0.0	0.0	23.0	0.0	0.0	0.0	0.0	0.0	0.0	0.0	0.0	0.0
9f4d14b114e7499772a797790d81c1db	0.0	0.0	0.0	2.0	0.0	2.0	0.0	4.0	0.0	0.0	2.0	0.0	0.0	0.0	0.0	0.0	0.0	3.0	3.0	2.0	0.0	0.0	1.0	3.0	0.0	2.0	0.0	1.0	0.0	0.0	18.0	0.0	0.0	0.0	3.0	1.0	3.0	8.0	1.0	0.0	0.0	0.0	5.0	0.0	0.0	6.0	0.0	0.0	0.0	0.0	2.0	0.0	0.0	0.0	0.0	4.0	0.0	0.0	0.0	0.0	0.0	0.0	1.0	2.0	0.0	0.0	1.0	0.0	0.0	1.0	1.0	2.0	0.0	0.0	0.0	1.0	0.0	0.0	3.0	0.0	0.0	0.0	1.0	0.0	0.0	6.0	2.0	1.0	2.0	0.0	0.0	0.0	0.0	0.0	0.0	0.0	0.0	1.0	1.0	0.0	2.0	0.0	0.0	3.0	0.0	0.0	0.0	1.0	0.0	0.0	0.0	1.0	7.0	0.0	0.0	3.0	2.0	0.0	0.0	2.0	0.0	1.0	0.0	1.0	3.0	0.0	0.0	0.0	0.0	3.0	0.0	4.0	0.0	5.0	0.0	0.0	0.0	0.0	2.0	0.0	0.0	1.0	0.0	1.0	3.0	0.0	0.0	2.0	0.0	0.0	0.0	0.0	3.0	3.0	2.0	1.0	2.0	0.0	2.0	0.0	0.0	0.0	0.0	0.0	1.0	0.0	3.0	1.0	6.0	1.0	0.0	0.0	0.0	0.0	0.0	0.0	1.0	3.0	0.0	0.0	0.0	0.0	6.0	0.0	0.0	1.0	1.0	0.0	1.0	7.0	3.0	3.0	3.0	0.0	2.0	1.0	0.0	0.0	0.0	1.0	0.0	0.0	0.0
180b74e94caf35fac5e1f0f4b7ad9d9f	0.0	5.0	0.0	0.0	0.0	0.0	2.0	0.0	0.0	0.0	1.0	1.0	3.0	5.0	0.0	2.0	1.0	0.0	2.0	2.0	0.0	3.0	1.0	1.0	0.0	0.0	2.0	1.0	0.0	0.0	0.0	0.0	2.0	0.0	0.0	3.0	0.0	5.0	2.0	2.0	0.0	0.0	0.0	0.0	2.0	4.0	0.0	0.0	0.0	0.0	0.0	1.0	1.0	1.0	1.0	3.0	0.0	0.0	0.0	0.0	0.0	0.0	2.0	2.0	0.0	0.0	0.0	0.0	0.0	0.0	1.0	0.0	0.0	2.0	1.0	3.0	1.0	0.0	5.0	0.0	1.0	2.0	3.0	0.0	0.0	1.0	0.0	2.0	3.0	4.0	0.0	0.0	0.0	0.0	0.0	0.0	7.0	0.0	0.0	0.0	3.0	0.0	0.0	5.0	1.0	0.0	2.0	0.0	0.0	1.0	0.0	2.0	0.0	0.0	0.0	0.0	0.0	0.0	1.0	5.0	0.0	1.0	0.0	0.0	1.0	0.0	0.0	0.0	5.0	0.0	0.0	1.0	0.0	1.0	0.0	3.0	2.0	0.0	1.0	0.0	0.0	4.0	0.0	0.0	0.0	1.0	0.0	2.0	0.0	1.0	3.0	6.0	3.0	0.0	0.0	1.0	0.0	0.0	0.0	0.0	4.0	1.0	0.0	0.0	0.0	0.0	1.0	0.0	1.0	3.0	0.0	4.0	0.0	0.0	0.0	2.0	0.0	2.0	2.0	0.0	0.0	1.0	2.0	1.0	1.0	0.0	1.0	0.0	0.0	0.0	0.0	2.0	5.0	0.0	1.0	0.0	0.0	0.0	0.0	2.0	1.0	0.0	3.0
d315a0b30c8e21db4cfe89e65c0b2bf1	0.0	1.0	0.0	0.0	0.0	1.0	1.0	0.0	0.0	0.0	0.0	0.0	0.0	0.0	0.0	0.0	0.0	0.0	0.0	0.0	0.0	1.0	0.0	0.0	0.0	0.0	0.0	0.0	2.0	0.0	0.0	0.0	0.0	0.0	4.0	0.0	0.0	0.0	0.0	0.0	0.0	0.0	1.0	0.0	1.0	0.0	0.0	0.0	0.0	1.0	0.0	0.0	0.0	0.0	0.0	0.0	8.0	0.0	2.0	0.0	1.0	0.0	2.0	0.0	0.0	0.0	0.0	0.0	2.0	0.0	0.0	0.0	1.0	3.0	5.0	0.0	0.0	0.0	0.0	0.0	0.0	1.0	0.0	0.0	0.0	0.0	0.0	0.0	0.0	4.0	0.0	0.0	0.0	0.0	0.0	4.0	2.0	1.0	0.0	0.0	0.0	2.0	0.0	0.0	0.0	0.0	0.0	0.0	0.0	0.0	0.0	0.0	0.0	0.0	0.0	0.0	1.0	0.0	0.0	0.0	0.0	6.0	3.0	0.0	3.0	2.0	0.0	4.0	0.0	1.0	0.0	0.0	1.0	3.0	0.0	0.0	1.0	0.0	1.0	0.0	0.0	0.0	2.0	0.0	2.0	0.0	2.0	0.0	0.0	0.0	0.0	6.0	0.0	0.0	1.0	0.0	0.0	0.0	0.0	0.0	0.0	0.0	0.0	0.0	0.0	0.0	0.0	4.0	0.0	0.0	0.0	0.0	0.0	0.0	17.0	0.0	0.0	0.0	2.0	0.0	0.0	0.0	2.0	0.0	0.0	4.0	0.0	0.0	0.0	0.0	0.0	0.0	0.0	6.0	0.0	0.0	0.0	0.0	0.0	0.0	0.0	0.0	0.0
4b548f1f6fc22f32237396b7d4ffee6e	0.0	0.0	1.0	4.0	1.0	6.0	0.0	0.0	0.0	0.0	0.0	0.0	1.0	0.0	0.0	3.0	0.0	0.0	0.0	0.0	0.0	0.0	0.0	0.0	0.0	1.0	8.0	0.0	0.0	0.0	1.0	0.0	0.0	0.0	0.0	1.0	0.0	0.0	0.0	0.0	0.0	2.0	0.0	0.0	0.0	0.0	2.0	0.0	0.0	0.0	0.0	0.0	0.0	0.0	0.0	0.0	1.0	1.0	0.0	0.0	0.0	0.0	0.0	0.0	0.0	0.0	0.0	0.0	0.0	0.0	2.0	0.0	4.0	1.0	0.0	1.0	0.0	0.0	0.0	0.0	2.0	0.0	0.0	0.0	0.0	2.0	0.0	0.0	1.0	0.0	0.0	0.0	0.0	0.0	6.0	2.0	0.0	0.0	0.0	0.0	1.0	0.0	3.0	0.0	0.0	0.0	0.0	1.0	0.0	0.0	0.0	0.0	0.0	0.0	0.0	0.0	1.0	0.0	1.0	0.0	0.0	0.0	0.0	0.0	0.0	0.0	0.0	0.0	0.0	0.0	0.0	0.0	0.0	0.0	0.0	0.0	0.0	0.0	0.0	0.0	0.0	0.0	1.0	4.0	5.0	0.0	0.0	0.0	0.0	0.0	2.0	3.0	0.0	0.0	0.0	0.0	0.0	0.0	0.0	0.0	0.0	1.0	0.0	1.0	0.0	0.0	1.0	0.0	0.0	1.0	2.0	0.0	0.0	0.0	0.0	1.0	0.0	1.0	0.0	0.0	2.0	0.0	0.0	2.0	0.0	0.0	1.0	1.0	1.0	0.0	3.0	0.0	1.0	0.0	0.0	0.0	0.0	0.0	0.0	1.0	2.0	0.0	0.0
904ad13c7b8512200836d5cd9fb09e1b	0.0	1.0	0.0	0.0	0.0	0.0	0.0	0.0	0.0	0.0	0.0	2.0	27.0	0.0	0.0	0.0	0.0	0.0	0.0	0.0	0.0	5.0	0.0	9.0	0.0	0.0	3.0	1.0	0.0	0.0	0.0	1.0	0.0	0.0	0.0	0.0	0.0	0.0	0.0	0.0	0.0	0.0	0.0	0.0	1.0	0.0	0.0	0.0	0.0	0.0	0.0	0.0	1.0	0.0	0.0	0.0	0.0	0.0	0.0	0.0	0.0	0.0	0.0	0.0	2.0	0.0	4.0	0.0	0.0	0.0	0.0	0.0	0.0	0.0	0.0	0.0	0.0	0.0	0.0	0.0	1.0	2.0	0.0	0.0	0.0	0.0	0.0	0.0	0.0	0.0	0.0	0.0	0.0	0.0	1.0	0.0	12.0	0.0	0.0	0.0	20.0	2.0	0.0	0.0	2.0	0.0	3.0	0.0	0.0	0.0	0.0	2.0	0.0	0.0	0.0	0.0	1.0	0.0	0.0	0.0	0.0	0.0	2.0	0.0	0.0	0.0	0.0	0.0	0.0	0.0	0.0	0.0	0.0	0.0	0.0	2.0	5.0	0.0	0.0	0.0	8.0	2.0	0.0	0.0	0.0	0.0	0.0	2.0	0.0	0.0	1.0	0.0	0.0	0.0	0.0	4.0	0.0	0.0	0.0	0.0	0.0	0.0	0.0	0.0	0.0	0.0	2.0	0.0	0.0	0.0	0.0	0.0	0.0	0.0	0.0	6.0	2.0	0.0	0.0	0.0	3.0	2.0	1.0	0.0	2.0	0.0	0.0	0.0	2.0	1.0	0.0	0.0	1.0	0.0	0.0	1.0	13.0	1.0	0.0	0.0	0.0	0.0	0.0
0f92fcc184a951ff8b0914467ad2f8f9	0.0	0.0	0.0	8.0	2.0	0.0	0.0	0.0	0.0	0.0	3.0	0.0	0.0	0.0	0.0	0.0	0.0	1.0	1.0	0.0	0.0	0.0	1.0	0.0	0.0	1.0	0.0	0.0	2.0	0.0	0.0	0.0	0.0	0.0	0.0	0.0	7.0	0.0	0.0	0.0	0.0	0.0	0.0	2.0	2.0	0.0	0.0	2.0	0.0	0.0	0.0	0.0	0.0	0.0	0.0	0.0	0.0	0.0	8.0	2.0	3.0	0.0	0.0	0.0	0.0	0.0	0.0	0.0	0.0	0.0	0.0	0.0	0.0	0.0	0.0	3.0	0.0	0.0	0.0	0.0	0.0	2.0	1.0	0.0	0.0	0.0	0.0	1.0	4.0	0.0	0.0	1.0	0.0	0.0	0.0	0.0	0.0	0.0	0.0	0.0	1.0	1.0	0.0	0.0	0.0	1.0	1.0	0.0	0.0	0.0	0.0	0.0	0.0	0.0	0.0	0.0	3.0	0.0	0.0	0.0	0.0	2.0	0.0	0.0	0.0	0.0	0.0	0.0	0.0	0.0	0.0	0.0	4.0	0.0	0.0	0.0	0.0	0.0	0.0	0.0	0.0	0.0	0.0	2.0	0.0	0.0	1.0	0.0	4.0	0.0	0.0	0.0	0.0	0.0	2.0	0.0	0.0	0.0	0.0	0.0	0.0	0.0	0.0	0.0	1.0	0.0	0.0	2.0	0.0	0.0	0.0	0.0	0.0	0.0	0.0	0.0	1.0	0.0	1.0	2.0	0.0	0.0	0.0	0.0	0.0	0.0	0.0	1.0	0.0	0.0	0.0	0.0	0.0	0.0	0.0	1.0	2.0	0.0	0.0	0.0	0.0	0.0	0.0
74923f4bbde849e27fc4eda25d757e2a	0.0	0.0	2.0	0.0	1.0	0.0	0.0	0.0	1.0	14.0	0.0	0.0	0.0	0.0	0.0	0.0	0.0	0.0	1.0	0.0	0.0	0.0	1.0	0.0	1.0	0.0	2.0	0.0	0.0	0.0	0.0	0.0	0.0	0.0	0.0	0.0	1.0	0.0	0.0	0.0	0.0	0.0	1.0	0.0	0.0	0.0	1.0	16.0	6.0	1.0	0.0	0.0	0.0	0.0	0.0	0.0	0.0	0.0	1.0	1.0	1.0	0.0	0.0	0.0	0.0	0.0	0.0	0.0	0.0	3.0	0.0	0.0	0.0	0.0	0.0	0.0	0.0	0.0	1.0	0.0	0.0	0.0	0.0	0.0	1.0	0.0	0.0	0.0	0.0	1.0	0.0	2.0	0.0	0.0	0.0	1.0	0.0	1.0	0.0	0.0	0.0	0.0	0.0	0.0	0.0	0.0	0.0	0.0	0.0	0.0	1.0	0.0	0.0	0.0	0.0	0.0	0.0	0.0	0.0	0.0	0.0	0.0	0.0	0.0	0.0	0.0	0.0	0.0	0.0	0.0	0.0	0.0	0.0	0.0	0.0	0.0	0.0	3.0	0.0	0.0	0.0	0.0	0.0	0.0	0.0	0.0	0.0	0.0	0.0	0.0	1.0	0.0	0.0	0.0	0.0	0.0	0.0	0.0	0.0	0.0	0.0	0.0	0.0	0.0	0.0	0.0	0.0	0.0	2.0	0.0	10.0	0.0	0.0	0.0	0.0	0.0	0.0	0.0	0.0	0.0	0.0	0.0	0.0	0.0	0.0	0.0	0.0	0.0	0.0	0.0	0.0	0.0	0.0	0.0	0.0	0.0	0.0	0.0	0.0	0.0	0.0	0.0	0.0
a6099802840e60febef8e896967b7747	0.0	0.0	0.0	0.0	0.0	0.0	0.0	5.0	0.0	0.0	0.0	0.0	4.0	0.0	0.0	0.0	1.0	0.0	0.0	3.0	0.0	0.0	0.0	0.0	0.0	0.0	0.0	0.0	0.0	0.0	0.0	0.0	0.0	0.0	0.0	0.0	0.0	2.0	0.0	1.0	0.0	0.0	0.0	0.0	0.0	0.0	0.0	0.0	0.0	0.0	0.0	0.0	0.0	1.0	0.0	0.0	0.0	0.0	0.0	0.0	0.0	0.0	0.0	0.0	0.0	0.0	0.0	2.0	0.0	0.0	0.0	0.0	0.0	0.0	3.0	0.0	1.0	2.0	0.0	0.0	0.0	0.0	0.0	0.0	0.0	1.0	0.0	2.0	0.0	0.0	1.0	0.0	1.0	0.0	0.0	0.0	1.0	0.0	0.0	0.0	2.0	0.0	0.0	1.0	0.0	1.0	0.0	0.0	0.0	1.0	2.0	0.0	1.0	0.0	0.0	0.0	0.0	0.0	2.0	0.0	0.0	0.0	4.0	0.0	4.0	0.0	0.0	0.0	0.0	0.0	0.0	0.0	0.0	0.0	0.0	0.0	3.0	2.0	0.0	1.0	0.0	0.0	0.0	0.0	0.0	0.0	0.0	2.0	0.0	0.0	1.0	0.0	0.0	0.0	2.0	0.0	0.0	0.0	0.0	1.0	2.0	0.0	0.0	0.0	0.0	0.0	0.0	0.0	0.0	0.0	0.0	0.0	0.0	0.0	0.0	1.0	0.0	0.0	0.0	1.0	0.0	0.0	1.0	0.0	0.0	2.0	0.0	0.0	0.0	1.0	0.0	2.0	0.0	1.0	0.0	0.0	2.0	1.0	0.0	0.0	0.0	0.0	0.0
